<?xml version="1.0" encoding="UTF-8"?>
<!--(C) EIOPA - XBRL Taxonomy-->
<?officialURI http://eiopa.europa.eu/eu/xbrl/s2c/dict/dom/rt/hier-cal.xml?>
<?taxonomy-version 2.4.0?>
<?taxonomy-date 2019-07-15?>
<link:linkbase xmlns:xsi="http://www.w3.org/2001/XMLSchema-instance" xmlns:xlink="http://www.w3.org/1999/xlink" xmlns:link="http://www.xbrl.org/2003/linkbase" xsi:schemaLocation="http://www.xbrl.org/2003/linkbase http://www.xbrl.org/2003/xbrl-linkbase-2003-12-31.xsd">
  <link:arcroleRef arcroleURI="http://www.eurofiling.info/xbrl/arcrole/complete-breakdown" xlink:type="simple" xlink:href="http://www.eurofiling.info/eu/fr/xbrl/ext/model.xsd#complete-breakdown" />
  <link:roleRef roleURI="http://eiopa.europa.eu/xbrl/s2c/role/dict/dom/RT/1" xlink:type="simple" xlink:href="hier.xsd#s2c_1" />
  <link:roleRef roleURI="http://eiopa.europa.eu/xbrl/s2c/role/dict/dom/RT/10" xlink:type="simple" xlink:href="hier.xsd#s2c_10" />
  <link:roleRef roleURI="http://eiopa.europa.eu/xbrl/s2c/role/dict/dom/RT/11" xlink:type="simple" xlink:href="hier.xsd#s2c_11" />
  <link:roleRef roleURI="http://eiopa.europa.eu/xbrl/s2c/role/dict/dom/RT/12" xlink:type="simple" xlink:href="hier.xsd#s2c_12" />
  <link:roleRef roleURI="http://eiopa.europa.eu/xbrl/s2c/role/dict/dom/RT/13" xlink:type="simple" xlink:href="hier.xsd#s2c_13" />
  <link:roleRef roleURI="http://eiopa.europa.eu/xbrl/s2c/role/dict/dom/RT/14" xlink:type="simple" xlink:href="hier.xsd#s2c_14" />
  <link:roleRef roleURI="http://eiopa.europa.eu/xbrl/s2c/role/dict/dom/RT/15" xlink:type="simple" xlink:href="hier.xsd#s2c_15" />
  <link:roleRef roleURI="http://eiopa.europa.eu/xbrl/s2c/role/dict/dom/RT/16" xlink:type="simple" xlink:href="hier.xsd#s2c_16" />
  <link:roleRef roleURI="http://eiopa.europa.eu/xbrl/s2c/role/dict/dom/RT/3" xlink:type="simple" xlink:href="hier.xsd#s2c_3" />
  <link:roleRef roleURI="http://eiopa.europa.eu/xbrl/s2c/role/dict/dom/RT/4" xlink:type="simple" xlink:href="hier.xsd#s2c_4" />
  <link:roleRef roleURI="http://eiopa.europa.eu/xbrl/s2c/role/dict/dom/RT/5" xlink:type="simple" xlink:href="hier.xsd#s2c_5" />
  <link:roleRef roleURI="http://eiopa.europa.eu/xbrl/s2c/role/dict/dom/RT/500" xlink:type="simple" xlink:href="hier.xsd#s2c_500" />
  <link:roleRef roleURI="http://eiopa.europa.eu/xbrl/s2c/role/dict/dom/RT/6" xlink:type="simple" xlink:href="hier.xsd#s2c_6" />
  <link:roleRef roleURI="http://eiopa.europa.eu/xbrl/s2c/role/dict/dom/RT/7" xlink:type="simple" xlink:href="hier.xsd#s2c_7" />
  <link:roleRef roleURI="http://eiopa.europa.eu/xbrl/s2c/role/dict/dom/RT/8" xlink:type="simple" xlink:href="hier.xsd#s2c_8" />
  <link:roleRef roleURI="http://eiopa.europa.eu/xbrl/s2c/role/dict/dom/RT/9" xlink:type="simple" xlink:href="hier.xsd#s2c_9" />
  <link:calculationLink xlink:type="extended" xlink:role="http://eiopa.europa.eu/xbrl/s2c/role/dict/dom/RT/1">
    <link:loc xlink:type="locator" xlink:href="mem.xsd#s2c_x0" xlink:label="loc_s2c_x0" />
    <link:loc xlink:type="locator" xlink:href="mem.xsd#s2c_x27" xlink:label="loc_s2c_x27" />
    <link:calculationArc xlink:type="arc" xlink:arcrole="http://www.eurofiling.info/xbrl/arcrole/complete-breakdown" xlink:from="loc_s2c_x0" xlink:to="loc_s2c_x27" weight="1" order="1" />
    <link:loc xlink:type="locator" xlink:href="mem.xsd#s2c_x26" xlink:label="loc_s2c_x26" />
    <link:calculationArc xlink:type="arc" xlink:arcrole="http://www.eurofiling.info/xbrl/arcrole/complete-breakdown" xlink:from="loc_s2c_x27" xlink:to="loc_s2c_x26" weight="1" order="1" />
    <link:loc xlink:type="locator" xlink:href="mem.xsd#s2c_x130" xlink:label="loc_s2c_x130" />
    <link:calculationArc xlink:type="arc" xlink:arcrole="http://www.eurofiling.info/xbrl/arcrole/complete-breakdown" xlink:from="loc_s2c_x27" xlink:to="loc_s2c_x130" weight="1" order="2" />
    <link:loc xlink:type="locator" xlink:href="mem.xsd#s2c_x39" xlink:label="loc_s2c_x39" />
    <link:calculationArc xlink:type="arc" xlink:arcrole="http://www.eurofiling.info/xbrl/arcrole/complete-breakdown" xlink:from="loc_s2c_x27" xlink:to="loc_s2c_x39" weight="1" order="3" />
    <link:loc xlink:type="locator" xlink:href="mem.xsd#s2c_x149" xlink:label="loc_s2c_x149" />
    <link:calculationArc xlink:type="arc" xlink:arcrole="http://www.eurofiling.info/xbrl/arcrole/complete-breakdown" xlink:from="loc_s2c_x27" xlink:to="loc_s2c_x149" weight="1" order="4" />
    <link:loc xlink:type="locator" xlink:href="mem.xsd#s2c_x38" xlink:label="loc_s2c_x38" />
    <link:calculationArc xlink:type="arc" xlink:arcrole="http://www.eurofiling.info/xbrl/arcrole/complete-breakdown" xlink:from="loc_s2c_x27" xlink:to="loc_s2c_x38" weight="1" order="5" />
    <link:loc xlink:type="locator" xlink:href="mem.xsd#s2c_x66" xlink:label="loc_s2c_x66" />
    <link:calculationArc xlink:type="arc" xlink:arcrole="http://www.eurofiling.info/xbrl/arcrole/complete-breakdown" xlink:from="loc_s2c_x0" xlink:to="loc_s2c_x66" weight="1" order="2" />
  </link:calculationLink>
  <link:calculationLink xlink:type="extended" xlink:role="http://eiopa.europa.eu/xbrl/s2c/role/dict/dom/RT/3">
    <link:loc xlink:type="locator" xlink:href="mem.xsd#s2c_x0" xlink:label="loc_s2c_x0" />
    <link:loc xlink:type="locator" xlink:href="mem.xsd#s2c_x131" xlink:label="loc_s2c_x131" />
    <link:calculationArc xlink:type="arc" xlink:arcrole="http://www.eurofiling.info/xbrl/arcrole/complete-breakdown" xlink:from="loc_s2c_x0" xlink:to="loc_s2c_x131" weight="1" order="1" />
    <link:loc xlink:type="locator" xlink:href="mem.xsd#s2c_x133" xlink:label="loc_s2c_x133" />
    <link:calculationArc xlink:type="arc" xlink:arcrole="http://www.eurofiling.info/xbrl/arcrole/complete-breakdown" xlink:from="loc_s2c_x0" xlink:to="loc_s2c_x133" weight="1" order="2" />
  </link:calculationLink>
  <link:calculationLink xlink:type="extended" xlink:role="http://eiopa.europa.eu/xbrl/s2c/role/dict/dom/RT/4">
    <link:loc xlink:type="locator" xlink:href="mem.xsd#s2c_x0" xlink:label="loc_s2c_x0" />
    <link:loc xlink:type="locator" xlink:href="mem.xsd#s2c_x18" xlink:label="loc_s2c_x18" />
    <link:calculationArc xlink:type="arc" xlink:arcrole="http://www.eurofiling.info/xbrl/arcrole/complete-breakdown" xlink:from="loc_s2c_x0" xlink:to="loc_s2c_x18" weight="1" order="1" />
    <link:loc xlink:type="locator" xlink:href="mem.xsd#s2c_x3" xlink:label="loc_s2c_x3" />
    <link:calculationArc xlink:type="arc" xlink:arcrole="http://www.eurofiling.info/xbrl/arcrole/complete-breakdown" xlink:from="loc_s2c_x18" xlink:to="loc_s2c_x3" weight="1" order="1" />
    <link:loc xlink:type="locator" xlink:href="mem.xsd#s2c_x6" xlink:label="loc_s2c_x6" />
    <link:calculationArc xlink:type="arc" xlink:arcrole="http://www.eurofiling.info/xbrl/arcrole/complete-breakdown" xlink:from="loc_s2c_x18" xlink:to="loc_s2c_x6" weight="1" order="2" />
    <link:loc xlink:type="locator" xlink:href="mem.xsd#s2c_x15" xlink:label="loc_s2c_x15" />
    <link:calculationArc xlink:type="arc" xlink:arcrole="http://www.eurofiling.info/xbrl/arcrole/complete-breakdown" xlink:from="loc_s2c_x0" xlink:to="loc_s2c_x15" weight="1" order="2" />
    <link:loc xlink:type="locator" xlink:href="mem.xsd#s2c_x16" xlink:label="loc_s2c_x16" />
    <link:calculationArc xlink:type="arc" xlink:arcrole="http://www.eurofiling.info/xbrl/arcrole/complete-breakdown" xlink:from="loc_s2c_x15" xlink:to="loc_s2c_x16" weight="1" order="1" />
    <link:loc xlink:type="locator" xlink:href="mem.xsd#s2c_x2" xlink:label="loc_s2c_x2" />
    <link:calculationArc xlink:type="arc" xlink:arcrole="http://www.eurofiling.info/xbrl/arcrole/complete-breakdown" xlink:from="loc_s2c_x16" xlink:to="loc_s2c_x2" weight="1" order="1" />
    <link:loc xlink:type="locator" xlink:href="mem.xsd#s2c_x5" xlink:label="loc_s2c_x5" />
    <link:calculationArc xlink:type="arc" xlink:arcrole="http://www.eurofiling.info/xbrl/arcrole/complete-breakdown" xlink:from="loc_s2c_x16" xlink:to="loc_s2c_x5" weight="1" order="2" />
    <link:loc xlink:type="locator" xlink:href="mem.xsd#s2c_x17" xlink:label="loc_s2c_x17" />
    <link:calculationArc xlink:type="arc" xlink:arcrole="http://www.eurofiling.info/xbrl/arcrole/complete-breakdown" xlink:from="loc_s2c_x15" xlink:to="loc_s2c_x17" weight="1" order="2" />
    <link:loc xlink:type="locator" xlink:href="mem.xsd#s2c_x19" xlink:label="loc_s2c_x19" />
    <link:calculationArc xlink:type="arc" xlink:arcrole="http://www.eurofiling.info/xbrl/arcrole/complete-breakdown" xlink:from="loc_s2c_x0" xlink:to="loc_s2c_x19" weight="1" order="3" />
  </link:calculationLink>
  <link:calculationLink xlink:type="extended" xlink:role="http://eiopa.europa.eu/xbrl/s2c/role/dict/dom/RT/5">
    <link:loc xlink:type="locator" xlink:href="mem.xsd#s2c_x0" xlink:label="loc_s2c_x0" />
    <link:loc xlink:type="locator" xlink:href="mem.xsd#s2c_x1" xlink:label="loc_s2c_x1" />
    <link:calculationArc xlink:type="arc" xlink:arcrole="http://www.eurofiling.info/xbrl/arcrole/complete-breakdown" xlink:from="loc_s2c_x0" xlink:to="loc_s2c_x1" weight="1" order="1" />
    <link:loc xlink:type="locator" xlink:href="mem.xsd#s2c_x3" xlink:label="loc_s2c_x3" />
    <link:calculationArc xlink:type="arc" xlink:arcrole="http://www.eurofiling.info/xbrl/arcrole/complete-breakdown" xlink:from="loc_s2c_x1" xlink:to="loc_s2c_x3" weight="1" order="1" />
    <link:loc xlink:type="locator" xlink:href="mem.xsd#s2c_x2" xlink:label="loc_s2c_x2" />
    <link:calculationArc xlink:type="arc" xlink:arcrole="http://www.eurofiling.info/xbrl/arcrole/complete-breakdown" xlink:from="loc_s2c_x1" xlink:to="loc_s2c_x2" weight="1" order="2" />
    <link:loc xlink:type="locator" xlink:href="mem.xsd#s2c_x4" xlink:label="loc_s2c_x4" />
    <link:calculationArc xlink:type="arc" xlink:arcrole="http://www.eurofiling.info/xbrl/arcrole/complete-breakdown" xlink:from="loc_s2c_x0" xlink:to="loc_s2c_x4" weight="1" order="2" />
  </link:calculationLink>
  <link:calculationLink xlink:type="extended" xlink:role="http://eiopa.europa.eu/xbrl/s2c/role/dict/dom/RT/6">
    <link:loc xlink:type="locator" xlink:href="mem.xsd#s2c_x0" xlink:label="loc_s2c_x0" />
    <link:loc xlink:type="locator" xlink:href="mem.xsd#s2c_x121" xlink:label="loc_s2c_x121" />
    <link:calculationArc xlink:type="arc" xlink:arcrole="http://www.eurofiling.info/xbrl/arcrole/complete-breakdown" xlink:from="loc_s2c_x0" xlink:to="loc_s2c_x121" weight="1" order="1" />
    <link:loc xlink:type="locator" xlink:href="mem.xsd#s2c_x151" xlink:label="loc_s2c_x151" />
    <link:calculationArc xlink:type="arc" xlink:arcrole="http://www.eurofiling.info/xbrl/arcrole/complete-breakdown" xlink:from="loc_s2c_x0" xlink:to="loc_s2c_x151" weight="1" order="2" />
    <link:loc xlink:type="locator" xlink:href="mem.xsd#s2c_x68" xlink:label="loc_s2c_x68" />
    <link:calculationArc xlink:type="arc" xlink:arcrole="http://www.eurofiling.info/xbrl/arcrole/complete-breakdown" xlink:from="loc_s2c_x151" xlink:to="loc_s2c_x68" weight="1" order="1" />
    <link:loc xlink:type="locator" xlink:href="mem.xsd#s2c_x152" xlink:label="loc_s2c_x152" />
    <link:calculationArc xlink:type="arc" xlink:arcrole="http://www.eurofiling.info/xbrl/arcrole/complete-breakdown" xlink:from="loc_s2c_x151" xlink:to="loc_s2c_x152" weight="1" order="2" />
    <link:loc xlink:type="locator" xlink:href="mem.xsd#s2c_x97" xlink:label="loc_s2c_x97" />
    <link:calculationArc xlink:type="arc" xlink:arcrole="http://www.eurofiling.info/xbrl/arcrole/complete-breakdown" xlink:from="loc_s2c_x152" xlink:to="loc_s2c_x97" weight="1" order="1" />
    <link:loc xlink:type="locator" xlink:href="mem.xsd#s2c_x70" xlink:label="loc_s2c_x70" />
    <link:calculationArc xlink:type="arc" xlink:arcrole="http://www.eurofiling.info/xbrl/arcrole/complete-breakdown" xlink:from="loc_s2c_x97" xlink:to="loc_s2c_x70" weight="1" order="1" />
    <link:loc xlink:type="locator" xlink:href="mem.xsd#s2c_x32" xlink:label="loc_s2c_x32" />
    <link:calculationArc xlink:type="arc" xlink:arcrole="http://www.eurofiling.info/xbrl/arcrole/complete-breakdown" xlink:from="loc_s2c_x97" xlink:to="loc_s2c_x32" weight="1" order="2" />
    <link:loc xlink:type="locator" xlink:href="mem.xsd#s2c_x128" xlink:label="loc_s2c_x128" />
    <link:calculationArc xlink:type="arc" xlink:arcrole="http://www.eurofiling.info/xbrl/arcrole/complete-breakdown" xlink:from="loc_s2c_x97" xlink:to="loc_s2c_x128" weight="1" order="3" />
    <link:loc xlink:type="locator" xlink:href="mem.xsd#s2c_x141" xlink:label="loc_s2c_x141" />
    <link:calculationArc xlink:type="arc" xlink:arcrole="http://www.eurofiling.info/xbrl/arcrole/complete-breakdown" xlink:from="loc_s2c_x97" xlink:to="loc_s2c_x141" weight="1" order="4" />
    <link:loc xlink:type="locator" xlink:href="mem.xsd#s2c_x98" xlink:label="loc_s2c_x98" />
    <link:calculationArc xlink:type="arc" xlink:arcrole="http://www.eurofiling.info/xbrl/arcrole/complete-breakdown" xlink:from="loc_s2c_x97" xlink:to="loc_s2c_x98" weight="1" order="5" />
    <link:loc xlink:type="locator" xlink:href="mem.xsd#s2c_x25" xlink:label="loc_s2c_x25" />
    <link:calculationArc xlink:type="arc" xlink:arcrole="http://www.eurofiling.info/xbrl/arcrole/complete-breakdown" xlink:from="loc_s2c_x97" xlink:to="loc_s2c_x25" weight="1" order="6" />
    <link:loc xlink:type="locator" xlink:href="mem.xsd#s2c_x13" xlink:label="loc_s2c_x13" />
    <link:calculationArc xlink:type="arc" xlink:arcrole="http://www.eurofiling.info/xbrl/arcrole/complete-breakdown" xlink:from="loc_s2c_x97" xlink:to="loc_s2c_x13" weight="1" order="7" />
    <link:loc xlink:type="locator" xlink:href="mem.xsd#s2c_x14" xlink:label="loc_s2c_x14" />
    <link:calculationArc xlink:type="arc" xlink:arcrole="http://www.eurofiling.info/xbrl/arcrole/complete-breakdown" xlink:from="loc_s2c_x152" xlink:to="loc_s2c_x14" weight="1" order="2" />
    <link:loc xlink:type="locator" xlink:href="mem.xsd#s2c_x67" xlink:label="loc_s2c_x67" />
    <link:calculationArc xlink:type="arc" xlink:arcrole="http://www.eurofiling.info/xbrl/arcrole/complete-breakdown" xlink:from="loc_s2c_x152" xlink:to="loc_s2c_x67" weight="1" order="3" />
    <link:loc xlink:type="locator" xlink:href="mem.xsd#s2c_x84" xlink:label="loc_s2c_x84" />
    <link:calculationArc xlink:type="arc" xlink:arcrole="http://www.eurofiling.info/xbrl/arcrole/complete-breakdown" xlink:from="loc_s2c_x67" xlink:to="loc_s2c_x84" weight="1" order="1" />
    <link:loc xlink:type="locator" xlink:href="mem.xsd#s2c_x80" xlink:label="loc_s2c_x80" />
    <link:calculationArc xlink:type="arc" xlink:arcrole="http://www.eurofiling.info/xbrl/arcrole/complete-breakdown" xlink:from="loc_s2c_x84" xlink:to="loc_s2c_x80" weight="1" order="1" />
    <link:loc xlink:type="locator" xlink:href="mem.xsd#s2c_x78" xlink:label="loc_s2c_x78" />
    <link:calculationArc xlink:type="arc" xlink:arcrole="http://www.eurofiling.info/xbrl/arcrole/complete-breakdown" xlink:from="loc_s2c_x84" xlink:to="loc_s2c_x78" weight="1" order="2" />
    <link:loc xlink:type="locator" xlink:href="mem.xsd#s2c_x75" xlink:label="loc_s2c_x75" />
    <link:calculationArc xlink:type="arc" xlink:arcrole="http://www.eurofiling.info/xbrl/arcrole/complete-breakdown" xlink:from="loc_s2c_x84" xlink:to="loc_s2c_x75" weight="1" order="3" />
    <link:loc xlink:type="locator" xlink:href="mem.xsd#s2c_x77" xlink:label="loc_s2c_x77" />
    <link:calculationArc xlink:type="arc" xlink:arcrole="http://www.eurofiling.info/xbrl/arcrole/complete-breakdown" xlink:from="loc_s2c_x84" xlink:to="loc_s2c_x77" weight="1" order="4" />
    <link:loc xlink:type="locator" xlink:href="mem.xsd#s2c_x76" xlink:label="loc_s2c_x76" />
    <link:calculationArc xlink:type="arc" xlink:arcrole="http://www.eurofiling.info/xbrl/arcrole/complete-breakdown" xlink:from="loc_s2c_x84" xlink:to="loc_s2c_x76" weight="1" order="5" />
    <link:loc xlink:type="locator" xlink:href="mem.xsd#s2c_x81" xlink:label="loc_s2c_x81" />
    <link:calculationArc xlink:type="arc" xlink:arcrole="http://www.eurofiling.info/xbrl/arcrole/complete-breakdown" xlink:from="loc_s2c_x84" xlink:to="loc_s2c_x81" weight="1" order="6" />
    <link:loc xlink:type="locator" xlink:href="mem.xsd#s2c_x74" xlink:label="loc_s2c_x74" />
    <link:calculationArc xlink:type="arc" xlink:arcrole="http://www.eurofiling.info/xbrl/arcrole/complete-breakdown" xlink:from="loc_s2c_x84" xlink:to="loc_s2c_x74" weight="1" order="7" />
    <link:loc xlink:type="locator" xlink:href="mem.xsd#s2c_x65" xlink:label="loc_s2c_x65" />
    <link:calculationArc xlink:type="arc" xlink:arcrole="http://www.eurofiling.info/xbrl/arcrole/complete-breakdown" xlink:from="loc_s2c_x67" xlink:to="loc_s2c_x65" weight="1" order="2" />
    <link:loc xlink:type="locator" xlink:href="mem.xsd#s2c_x139" xlink:label="loc_s2c_x139" />
    <link:calculationArc xlink:type="arc" xlink:arcrole="http://www.eurofiling.info/xbrl/arcrole/complete-breakdown" xlink:from="loc_s2c_x65" xlink:to="loc_s2c_x139" weight="1" order="1" />
    <link:loc xlink:type="locator" xlink:href="mem.xsd#s2c_x57" xlink:label="loc_s2c_x57" />
    <link:calculationArc xlink:type="arc" xlink:arcrole="http://www.eurofiling.info/xbrl/arcrole/complete-breakdown" xlink:from="loc_s2c_x139" xlink:to="loc_s2c_x57" weight="1" order="1" />
    <link:loc xlink:type="locator" xlink:href="mem.xsd#s2c_x50" xlink:label="loc_s2c_x50" />
    <link:calculationArc xlink:type="arc" xlink:arcrole="http://www.eurofiling.info/xbrl/arcrole/complete-breakdown" xlink:from="loc_s2c_x139" xlink:to="loc_s2c_x50" weight="1" order="2" />
    <link:loc xlink:type="locator" xlink:href="mem.xsd#s2c_x48" xlink:label="loc_s2c_x48" />
    <link:calculationArc xlink:type="arc" xlink:arcrole="http://www.eurofiling.info/xbrl/arcrole/complete-breakdown" xlink:from="loc_s2c_x139" xlink:to="loc_s2c_x48" weight="1" order="3" />
    <link:loc xlink:type="locator" xlink:href="mem.xsd#s2c_x154" xlink:label="loc_s2c_x154" />
    <link:calculationArc xlink:type="arc" xlink:arcrole="http://www.eurofiling.info/xbrl/arcrole/complete-breakdown" xlink:from="loc_s2c_x48" xlink:to="loc_s2c_x154" weight="1" order="1" />
    <link:loc xlink:type="locator" xlink:href="mem.xsd#s2c_x155" xlink:label="loc_s2c_x155" />
    <link:calculationArc xlink:type="arc" xlink:arcrole="http://www.eurofiling.info/xbrl/arcrole/complete-breakdown" xlink:from="loc_s2c_x48" xlink:to="loc_s2c_x155" weight="1" order="2" />
    <link:loc xlink:type="locator" xlink:href="mem.xsd#s2c_x136" xlink:label="loc_s2c_x136" />
    <link:calculationArc xlink:type="arc" xlink:arcrole="http://www.eurofiling.info/xbrl/arcrole/complete-breakdown" xlink:from="loc_s2c_x139" xlink:to="loc_s2c_x136" weight="1" order="4" />
    <link:loc xlink:type="locator" xlink:href="mem.xsd#s2c_x49" xlink:label="loc_s2c_x49" />
    <link:calculationArc xlink:type="arc" xlink:arcrole="http://www.eurofiling.info/xbrl/arcrole/complete-breakdown" xlink:from="loc_s2c_x139" xlink:to="loc_s2c_x49" weight="1" order="5" />
    <link:loc xlink:type="locator" xlink:href="mem.xsd#s2c_x64" xlink:label="loc_s2c_x64" />
    <link:calculationArc xlink:type="arc" xlink:arcrole="http://www.eurofiling.info/xbrl/arcrole/complete-breakdown" xlink:from="loc_s2c_x139" xlink:to="loc_s2c_x64" weight="1" order="6" />
    <link:loc xlink:type="locator" xlink:href="mem.xsd#s2c_x120" xlink:label="loc_s2c_x120" />
    <link:calculationArc xlink:type="arc" xlink:arcrole="http://www.eurofiling.info/xbrl/arcrole/complete-breakdown" xlink:from="loc_s2c_x65" xlink:to="loc_s2c_x120" weight="1" order="2" />
    <link:loc xlink:type="locator" xlink:href="mem.xsd#s2c_x117" xlink:label="loc_s2c_x117" />
    <link:calculationArc xlink:type="arc" xlink:arcrole="http://www.eurofiling.info/xbrl/arcrole/complete-breakdown" xlink:from="loc_s2c_x120" xlink:to="loc_s2c_x117" weight="1" order="1" />
    <link:loc xlink:type="locator" xlink:href="mem.xsd#s2c_x116" xlink:label="loc_s2c_x116" />
    <link:calculationArc xlink:type="arc" xlink:arcrole="http://www.eurofiling.info/xbrl/arcrole/complete-breakdown" xlink:from="loc_s2c_x120" xlink:to="loc_s2c_x116" weight="1" order="2" />
    <link:loc xlink:type="locator" xlink:href="mem.xsd#s2c_x47" xlink:label="loc_s2c_x47" />
    <link:calculationArc xlink:type="arc" xlink:arcrole="http://www.eurofiling.info/xbrl/arcrole/complete-breakdown" xlink:from="loc_s2c_x65" xlink:to="loc_s2c_x47" weight="1" order="3" />
    <link:loc xlink:type="locator" xlink:href="mem.xsd#s2c_x51" xlink:label="loc_s2c_x51" />
    <link:calculationArc xlink:type="arc" xlink:arcrole="http://www.eurofiling.info/xbrl/arcrole/complete-breakdown" xlink:from="loc_s2c_x47" xlink:to="loc_s2c_x51" weight="1" order="1" />
    <link:loc xlink:type="locator" xlink:href="mem.xsd#s2c_x41" xlink:label="loc_s2c_x41" />
    <link:calculationArc xlink:type="arc" xlink:arcrole="http://www.eurofiling.info/xbrl/arcrole/complete-breakdown" xlink:from="loc_s2c_x47" xlink:to="loc_s2c_x41" weight="1" order="2" />
    <link:loc xlink:type="locator" xlink:href="mem.xsd#s2c_x58" xlink:label="loc_s2c_x58" />
    <link:calculationArc xlink:type="arc" xlink:arcrole="http://www.eurofiling.info/xbrl/arcrole/complete-breakdown" xlink:from="loc_s2c_x47" xlink:to="loc_s2c_x58" weight="1" order="3" />
    <link:loc xlink:type="locator" xlink:href="mem.xsd#s2c_x109" xlink:label="loc_s2c_x109" />
    <link:calculationArc xlink:type="arc" xlink:arcrole="http://www.eurofiling.info/xbrl/arcrole/complete-breakdown" xlink:from="loc_s2c_x67" xlink:to="loc_s2c_x109" weight="1" order="3" />
    <link:loc xlink:type="locator" xlink:href="mem.xsd#s2c_x106" xlink:label="loc_s2c_x106" />
    <link:calculationArc xlink:type="arc" xlink:arcrole="http://www.eurofiling.info/xbrl/arcrole/complete-breakdown" xlink:from="loc_s2c_x109" xlink:to="loc_s2c_x106" weight="1" order="1" />
    <link:loc xlink:type="locator" xlink:href="mem.xsd#s2c_x105" xlink:label="loc_s2c_x105" />
    <link:calculationArc xlink:type="arc" xlink:arcrole="http://www.eurofiling.info/xbrl/arcrole/complete-breakdown" xlink:from="loc_s2c_x109" xlink:to="loc_s2c_x105" weight="1" order="2" />
    <link:loc xlink:type="locator" xlink:href="mem.xsd#s2c_x104" xlink:label="loc_s2c_x104" />
    <link:calculationArc xlink:type="arc" xlink:arcrole="http://www.eurofiling.info/xbrl/arcrole/complete-breakdown" xlink:from="loc_s2c_x109" xlink:to="loc_s2c_x104" weight="1" order="3" />
    <link:loc xlink:type="locator" xlink:href="mem.xsd#s2c_x102" xlink:label="loc_s2c_x102" />
    <link:calculationArc xlink:type="arc" xlink:arcrole="http://www.eurofiling.info/xbrl/arcrole/complete-breakdown" xlink:from="loc_s2c_x104" xlink:to="loc_s2c_x102" weight="1" order="1" />
    <link:loc xlink:type="locator" xlink:href="mem.xsd#s2c_x150" xlink:label="loc_s2c_x150" />
    <link:calculationArc xlink:type="arc" xlink:arcrole="http://www.eurofiling.info/xbrl/arcrole/complete-breakdown" xlink:from="loc_s2c_x102" xlink:to="loc_s2c_x150" weight="1" order="1" />
    <link:loc xlink:type="locator" xlink:href="mem.xsd#s2c_x30" xlink:label="loc_s2c_x30" />
    <link:calculationArc xlink:type="arc" xlink:arcrole="http://www.eurofiling.info/xbrl/arcrole/complete-breakdown" xlink:from="loc_s2c_x102" xlink:to="loc_s2c_x30" weight="1" order="2" />
    <link:loc xlink:type="locator" xlink:href="mem.xsd#s2c_x36" xlink:label="loc_s2c_x36" />
    <link:calculationArc xlink:type="arc" xlink:arcrole="http://www.eurofiling.info/xbrl/arcrole/complete-breakdown" xlink:from="loc_s2c_x102" xlink:to="loc_s2c_x36" weight="1" order="3" />
    <link:loc xlink:type="locator" xlink:href="mem.xsd#s2c_x40" xlink:label="loc_s2c_x40" />
    <link:calculationArc xlink:type="arc" xlink:arcrole="http://www.eurofiling.info/xbrl/arcrole/complete-breakdown" xlink:from="loc_s2c_x102" xlink:to="loc_s2c_x40" weight="1" order="4" />
    <link:loc xlink:type="locator" xlink:href="mem.xsd#s2c_x144" xlink:label="loc_s2c_x144" />
    <link:calculationArc xlink:type="arc" xlink:arcrole="http://www.eurofiling.info/xbrl/arcrole/complete-breakdown" xlink:from="loc_s2c_x102" xlink:to="loc_s2c_x144" weight="1" order="5" />
    <link:loc xlink:type="locator" xlink:href="mem.xsd#s2c_x12" xlink:label="loc_s2c_x12" />
    <link:calculationArc xlink:type="arc" xlink:arcrole="http://www.eurofiling.info/xbrl/arcrole/complete-breakdown" xlink:from="loc_s2c_x104" xlink:to="loc_s2c_x12" weight="1" order="2" />
    <link:loc xlink:type="locator" xlink:href="mem.xsd#s2c_x85" xlink:label="loc_s2c_x85" />
    <link:calculationArc xlink:type="arc" xlink:arcrole="http://www.eurofiling.info/xbrl/arcrole/complete-breakdown" xlink:from="loc_s2c_x104" xlink:to="loc_s2c_x85" weight="1" order="3" />
    <link:loc xlink:type="locator" xlink:href="mem.xsd#s2c_x101" xlink:label="loc_s2c_x101" />
    <link:calculationArc xlink:type="arc" xlink:arcrole="http://www.eurofiling.info/xbrl/arcrole/complete-breakdown" xlink:from="loc_s2c_x85" xlink:to="loc_s2c_x101" weight="1" order="1" />
    <link:loc xlink:type="locator" xlink:href="mem.xsd#s2c_x86" xlink:label="loc_s2c_x86" />
    <link:calculationArc xlink:type="arc" xlink:arcrole="http://www.eurofiling.info/xbrl/arcrole/complete-breakdown" xlink:from="loc_s2c_x85" xlink:to="loc_s2c_x86" weight="1" order="2" />
    <link:loc xlink:type="locator" xlink:href="mem.xsd#s2c_x93" xlink:label="loc_s2c_x93" />
    <link:calculationArc xlink:type="arc" xlink:arcrole="http://www.eurofiling.info/xbrl/arcrole/complete-breakdown" xlink:from="loc_s2c_x86" xlink:to="loc_s2c_x93" weight="1" order="1" />
    <link:loc xlink:type="locator" xlink:href="mem.xsd#s2c_x94" xlink:label="loc_s2c_x94" />
    <link:calculationArc xlink:type="arc" xlink:arcrole="http://www.eurofiling.info/xbrl/arcrole/complete-breakdown" xlink:from="loc_s2c_x93" xlink:to="loc_s2c_x94" weight="1" order="1" />
    <link:loc xlink:type="locator" xlink:href="mem.xsd#s2c_x95" xlink:label="loc_s2c_x95" />
    <link:calculationArc xlink:type="arc" xlink:arcrole="http://www.eurofiling.info/xbrl/arcrole/complete-breakdown" xlink:from="loc_s2c_x93" xlink:to="loc_s2c_x95" weight="1" order="2" />
    <link:loc xlink:type="locator" xlink:href="mem.xsd#s2c_x96" xlink:label="loc_s2c_x96" />
    <link:calculationArc xlink:type="arc" xlink:arcrole="http://www.eurofiling.info/xbrl/arcrole/complete-breakdown" xlink:from="loc_s2c_x93" xlink:to="loc_s2c_x96" weight="1" order="3" />
    <link:loc xlink:type="locator" xlink:href="mem.xsd#s2c_x87" xlink:label="loc_s2c_x87" />
    <link:calculationArc xlink:type="arc" xlink:arcrole="http://www.eurofiling.info/xbrl/arcrole/complete-breakdown" xlink:from="loc_s2c_x86" xlink:to="loc_s2c_x87" weight="1" order="2" />
    <link:loc xlink:type="locator" xlink:href="mem.xsd#s2c_x91" xlink:label="loc_s2c_x91" />
    <link:calculationArc xlink:type="arc" xlink:arcrole="http://www.eurofiling.info/xbrl/arcrole/complete-breakdown" xlink:from="loc_s2c_x87" xlink:to="loc_s2c_x91" weight="1" order="1" />
    <link:loc xlink:type="locator" xlink:href="mem.xsd#s2c_x92" xlink:label="loc_s2c_x92" />
    <link:calculationArc xlink:type="arc" xlink:arcrole="http://www.eurofiling.info/xbrl/arcrole/complete-breakdown" xlink:from="loc_s2c_x87" xlink:to="loc_s2c_x92" weight="1" order="2" />
    <link:loc xlink:type="locator" xlink:href="mem.xsd#s2c_x90" xlink:label="loc_s2c_x90" />
    <link:calculationArc xlink:type="arc" xlink:arcrole="http://www.eurofiling.info/xbrl/arcrole/complete-breakdown" xlink:from="loc_s2c_x87" xlink:to="loc_s2c_x90" weight="1" order="3" />
    <link:loc xlink:type="locator" xlink:href="mem.xsd#s2c_x88" xlink:label="loc_s2c_x88" />
    <link:calculationArc xlink:type="arc" xlink:arcrole="http://www.eurofiling.info/xbrl/arcrole/complete-breakdown" xlink:from="loc_s2c_x87" xlink:to="loc_s2c_x88" weight="1" order="4" />
    <link:loc xlink:type="locator" xlink:href="mem.xsd#s2c_x89" xlink:label="loc_s2c_x89" />
    <link:calculationArc xlink:type="arc" xlink:arcrole="http://www.eurofiling.info/xbrl/arcrole/complete-breakdown" xlink:from="loc_s2c_x87" xlink:to="loc_s2c_x89" weight="1" order="5" />
    <link:loc xlink:type="locator" xlink:href="mem.xsd#s2c_x8" xlink:label="loc_s2c_x8" />
    <link:calculationArc xlink:type="arc" xlink:arcrole="http://www.eurofiling.info/xbrl/arcrole/complete-breakdown" xlink:from="loc_s2c_x85" xlink:to="loc_s2c_x8" weight="1" order="3" />
    <link:loc xlink:type="locator" xlink:href="mem.xsd#s2c_x9" xlink:label="loc_s2c_x9" />
    <link:calculationArc xlink:type="arc" xlink:arcrole="http://www.eurofiling.info/xbrl/arcrole/complete-breakdown" xlink:from="loc_s2c_x8" xlink:to="loc_s2c_x9" weight="1" order="1" />
    <link:loc xlink:type="locator" xlink:href="mem.xsd#s2c_x10" xlink:label="loc_s2c_x10" />
    <link:calculationArc xlink:type="arc" xlink:arcrole="http://www.eurofiling.info/xbrl/arcrole/complete-breakdown" xlink:from="loc_s2c_x8" xlink:to="loc_s2c_x10" weight="1" order="2" />
    <link:loc xlink:type="locator" xlink:href="mem.xsd#s2c_x35" xlink:label="loc_s2c_x35" />
    <link:calculationArc xlink:type="arc" xlink:arcrole="http://www.eurofiling.info/xbrl/arcrole/complete-breakdown" xlink:from="loc_s2c_x85" xlink:to="loc_s2c_x35" weight="1" order="4" />
    <link:loc xlink:type="locator" xlink:href="mem.xsd#s2c_x72" xlink:label="loc_s2c_x72" />
    <link:calculationArc xlink:type="arc" xlink:arcrole="http://www.eurofiling.info/xbrl/arcrole/complete-breakdown" xlink:from="loc_s2c_x85" xlink:to="loc_s2c_x72" weight="1" order="5" />
    <link:loc xlink:type="locator" xlink:href="mem.xsd#s2c_x127" xlink:label="loc_s2c_x127" />
    <link:calculationArc xlink:type="arc" xlink:arcrole="http://www.eurofiling.info/xbrl/arcrole/complete-breakdown" xlink:from="loc_s2c_x72" xlink:to="loc_s2c_x127" weight="1" order="1" />
    <link:loc xlink:type="locator" xlink:href="mem.xsd#s2c_x31" xlink:label="loc_s2c_x31" />
    <link:calculationArc xlink:type="arc" xlink:arcrole="http://www.eurofiling.info/xbrl/arcrole/complete-breakdown" xlink:from="loc_s2c_x72" xlink:to="loc_s2c_x31" weight="1" order="2" />
    <link:loc xlink:type="locator" xlink:href="mem.xsd#s2c_x28" xlink:label="loc_s2c_x28" />
    <link:calculationArc xlink:type="arc" xlink:arcrole="http://www.eurofiling.info/xbrl/arcrole/complete-breakdown" xlink:from="loc_s2c_x72" xlink:to="loc_s2c_x28" weight="1" order="3" />
    <link:loc xlink:type="locator" xlink:href="mem.xsd#s2c_x73" xlink:label="loc_s2c_x73" />
    <link:calculationArc xlink:type="arc" xlink:arcrole="http://www.eurofiling.info/xbrl/arcrole/complete-breakdown" xlink:from="loc_s2c_x72" xlink:to="loc_s2c_x73" weight="1" order="4" />
    <link:loc xlink:type="locator" xlink:href="mem.xsd#s2c_x112" xlink:label="loc_s2c_x112" />
    <link:calculationArc xlink:type="arc" xlink:arcrole="http://www.eurofiling.info/xbrl/arcrole/complete-breakdown" xlink:from="loc_s2c_x72" xlink:to="loc_s2c_x112" weight="1" order="5" />
    <link:loc xlink:type="locator" xlink:href="mem.xsd#s2c_x20" xlink:label="loc_s2c_x20" />
    <link:calculationArc xlink:type="arc" xlink:arcrole="http://www.eurofiling.info/xbrl/arcrole/complete-breakdown" xlink:from="loc_s2c_x85" xlink:to="loc_s2c_x20" weight="1" order="6" />
    <link:loc xlink:type="locator" xlink:href="mem.xsd#s2c_x126" xlink:label="loc_s2c_x126" />
    <link:calculationArc xlink:type="arc" xlink:arcrole="http://www.eurofiling.info/xbrl/arcrole/complete-breakdown" xlink:from="loc_s2c_x104" xlink:to="loc_s2c_x126" weight="1" order="4" />
  </link:calculationLink>
  <link:calculationLink xlink:type="extended" xlink:role="http://eiopa.europa.eu/xbrl/s2c/role/dict/dom/RT/7">
    <link:loc xlink:type="locator" xlink:href="mem.xsd#s2c_x0" xlink:label="loc_s2c_x0" />
    <link:loc xlink:type="locator" xlink:href="mem.xsd#s2c_x145" xlink:label="loc_s2c_x145" />
    <link:calculationArc xlink:type="arc" xlink:arcrole="http://www.eurofiling.info/xbrl/arcrole/complete-breakdown" xlink:from="loc_s2c_x0" xlink:to="loc_s2c_x145" weight="1" order="1" />
    <link:loc xlink:type="locator" xlink:href="mem.xsd#s2c_x115" xlink:label="loc_s2c_x115" />
    <link:calculationArc xlink:type="arc" xlink:arcrole="http://www.eurofiling.info/xbrl/arcrole/complete-breakdown" xlink:from="loc_s2c_x0" xlink:to="loc_s2c_x115" weight="1" order="2" />
  </link:calculationLink>
  <link:calculationLink xlink:type="extended" xlink:role="http://eiopa.europa.eu/xbrl/s2c/role/dict/dom/RT/8" />
  <link:calculationLink xlink:type="extended" xlink:role="http://eiopa.europa.eu/xbrl/s2c/role/dict/dom/RT/9" />
  <link:calculationLink xlink:type="extended" xlink:role="http://eiopa.europa.eu/xbrl/s2c/role/dict/dom/RT/10" />
  <link:calculationLink xlink:type="extended" xlink:role="http://eiopa.europa.eu/xbrl/s2c/role/dict/dom/RT/11" />
  <link:calculationLink xlink:type="extended" xlink:role="http://eiopa.europa.eu/xbrl/s2c/role/dict/dom/RT/12" />
  <link:calculationLink xlink:type="extended" xlink:role="http://eiopa.europa.eu/xbrl/s2c/role/dict/dom/RT/13" />
  <link:calculationLink xlink:type="extended" xlink:role="http://eiopa.europa.eu/xbrl/s2c/role/dict/dom/RT/14" />
  <link:calculationLink xlink:type="extended" xlink:role="http://eiopa.europa.eu/xbrl/s2c/role/dict/dom/RT/15" />
  <link:calculationLink xlink:type="extended" xlink:role="http://eiopa.europa.eu/xbrl/s2c/role/dict/dom/RT/16" />
  <link:calculationLink xlink:type="extended" xlink:role="http://eiopa.europa.eu/xbrl/s2c/role/dict/dom/RT/500">
    <link:loc xlink:type="locator" xlink:href="mem.xsd#s2c_x0" xlink:label="loc_s2c_x0" />
    <link:loc xlink:type="locator" xlink:href="mem.xsd#s2c_x5000" xlink:label="loc_s2c_x5000" />
    <link:calculationArc xlink:type="arc" xlink:arcrole="http://www.eurofiling.info/xbrl/arcrole/complete-breakdown" xlink:from="loc_s2c_x0" xlink:to="loc_s2c_x5000" weight="1" order="1" />
    <link:loc xlink:type="locator" xlink:href="mem.xsd#s2c_x5001" xlink:label="loc_s2c_x5001" />
    <link:calculationArc xlink:type="arc" xlink:arcrole="http://www.eurofiling.info/xbrl/arcrole/complete-breakdown" xlink:from="loc_s2c_x0" xlink:to="loc_s2c_x5001" weight="1" order="2" />
  </link:calculationLink>
</link:linkbase>