<?xml version="1.0" encoding="UTF-8"?>
<!--(C) EIOPA - XBRL Taxonomy-->
<?officialURI http://eiopa.europa.eu/eu/xbrl/s2c/dict/dim/dim-def.xml?>
<?taxonomy-version 2.4.0?>
<?taxonomy-date 2019-07-15?>
<link:linkbase xmlns:xsi="http://www.w3.org/2001/XMLSchema-instance" xmlns:xlink="http://www.w3.org/1999/xlink" xmlns:link="http://www.xbrl.org/2003/linkbase" xmlns:xbrldt="http://xbrl.org/2005/xbrldt" xsi:schemaLocation="http://www.xbrl.org/2003/linkbase http://www.xbrl.org/2003/xbrl-linkbase-2003-12-31.xsd http://xbrl.org/2005/xbrldt http://www.xbrl.org/2005/xbrldt-2005.xsd">
  <link:arcroleRef arcroleURI="http://xbrl.org/int/dim/arcrole/dimension-default" xlink:type="simple" xlink:href="http://www.xbrl.org/2005/xbrldt-2005.xsd#dimension-default" />
  <link:arcroleRef arcroleURI="http://xbrl.org/int/dim/arcrole/dimension-domain" xlink:type="simple" xlink:href="http://www.xbrl.org/2005/xbrldt-2005.xsd#dimension-domain" />
  <link:definitionLink xlink:type="extended" xlink:role="http://www.xbrl.org/2003/role/link">
    <link:loc xlink:type="locator" xlink:href="dim.xsd#s2c_BC" xlink:label="loc_s2c_BC" />
    <link:loc xlink:type="locator" xlink:href="../dom/exp.xsd#s2c_BC" xlink:label="loc_s2c_BC_1" />
    <link:definitionArc xlink:type="arc" xlink:arcrole="http://xbrl.org/int/dim/arcrole/dimension-domain" xlink:from="loc_s2c_BC" xlink:to="loc_s2c_BC_1" xbrldt:usable="false" />
    <link:loc xlink:type="locator" xlink:href="../dom/bc/mem.xsd#s2c_x0" xlink:label="loc_s2c_x0" />
    <link:definitionArc xlink:type="arc" xlink:arcrole="http://xbrl.org/int/dim/arcrole/dimension-default" xlink:from="loc_s2c_BC" xlink:to="loc_s2c_x0" />
    <link:loc xlink:type="locator" xlink:href="dim.xsd#s2c_AL" xlink:label="loc_s2c_AL" />
    <link:loc xlink:type="locator" xlink:href="../dom/exp.xsd#s2c_MC" xlink:label="loc_s2c_MC" />
    <link:definitionArc xlink:type="arc" xlink:arcrole="http://xbrl.org/int/dim/arcrole/dimension-domain" xlink:from="loc_s2c_AL" xlink:to="loc_s2c_MC" xbrldt:usable="false" />
    <link:loc xlink:type="locator" xlink:href="../dom/mc/mem.xsd#s2c_x0" xlink:label="loc_s2c_x0_1" />
    <link:definitionArc xlink:type="arc" xlink:arcrole="http://xbrl.org/int/dim/arcrole/dimension-default" xlink:from="loc_s2c_AL" xlink:to="loc_s2c_x0_1" />
    <link:loc xlink:type="locator" xlink:href="dim.xsd#s2c_TT" xlink:label="loc_s2c_TT" />
    <link:definitionArc xlink:type="arc" xlink:arcrole="http://xbrl.org/int/dim/arcrole/dimension-domain" xlink:from="loc_s2c_TT" xlink:to="loc_s2c_MC" xbrldt:usable="false" />
    <link:definitionArc xlink:type="arc" xlink:arcrole="http://xbrl.org/int/dim/arcrole/dimension-default" xlink:from="loc_s2c_TT" xlink:to="loc_s2c_x0_1" />
    <link:loc xlink:type="locator" xlink:href="dim.xsd#s2c_GR" xlink:label="loc_s2c_GR" />
    <link:definitionArc xlink:type="arc" xlink:arcrole="http://xbrl.org/int/dim/arcrole/dimension-domain" xlink:from="loc_s2c_GR" xlink:to="loc_s2c_MC" xbrldt:usable="false" />
    <link:definitionArc xlink:type="arc" xlink:arcrole="http://xbrl.org/int/dim/arcrole/dimension-default" xlink:from="loc_s2c_GR" xlink:to="loc_s2c_x0_1" />
    <link:loc xlink:type="locator" xlink:href="dim.xsd#s2c_AS" xlink:label="loc_s2c_AS" />
    <link:definitionArc xlink:type="arc" xlink:arcrole="http://xbrl.org/int/dim/arcrole/dimension-domain" xlink:from="loc_s2c_AS" xlink:to="loc_s2c_MC" xbrldt:usable="false" />
    <link:definitionArc xlink:type="arc" xlink:arcrole="http://xbrl.org/int/dim/arcrole/dimension-default" xlink:from="loc_s2c_AS" xlink:to="loc_s2c_x0_1" />
    <link:loc xlink:type="locator" xlink:href="dim.xsd#s2c_LB" xlink:label="loc_s2c_LB" />
    <link:definitionArc xlink:type="arc" xlink:arcrole="http://xbrl.org/int/dim/arcrole/dimension-domain" xlink:from="loc_s2c_LB" xlink:to="loc_s2c_MC" xbrldt:usable="false" />
    <link:definitionArc xlink:type="arc" xlink:arcrole="http://xbrl.org/int/dim/arcrole/dimension-default" xlink:from="loc_s2c_LB" xlink:to="loc_s2c_x0_1" />
    <link:loc xlink:type="locator" xlink:href="dim.xsd#s2c_OB" xlink:label="loc_s2c_OB" />
    <link:definitionArc xlink:type="arc" xlink:arcrole="http://xbrl.org/int/dim/arcrole/dimension-domain" xlink:from="loc_s2c_OB" xlink:to="loc_s2c_MC" xbrldt:usable="false" />
    <link:definitionArc xlink:type="arc" xlink:arcrole="http://xbrl.org/int/dim/arcrole/dimension-default" xlink:from="loc_s2c_OB" xlink:to="loc_s2c_x0_1" />
    <link:loc xlink:type="locator" xlink:href="dim.xsd#s2c_LS" xlink:label="loc_s2c_LS" />
    <link:definitionArc xlink:type="arc" xlink:arcrole="http://xbrl.org/int/dim/arcrole/dimension-domain" xlink:from="loc_s2c_LS" xlink:to="loc_s2c_MC" xbrldt:usable="false" />
    <link:definitionArc xlink:type="arc" xlink:arcrole="http://xbrl.org/int/dim/arcrole/dimension-default" xlink:from="loc_s2c_LS" xlink:to="loc_s2c_x0_1" />
    <link:loc xlink:type="locator" xlink:href="dim.xsd#s2c_OS" xlink:label="loc_s2c_OS" />
    <link:definitionArc xlink:type="arc" xlink:arcrole="http://xbrl.org/int/dim/arcrole/dimension-domain" xlink:from="loc_s2c_OS" xlink:to="loc_s2c_MC" xbrldt:usable="false" />
    <link:definitionArc xlink:type="arc" xlink:arcrole="http://xbrl.org/int/dim/arcrole/dimension-default" xlink:from="loc_s2c_OS" xlink:to="loc_s2c_x0_1" />
    <link:loc xlink:type="locator" xlink:href="dim.xsd#s2c_OZ" xlink:label="loc_s2c_OZ" />
    <link:definitionArc xlink:type="arc" xlink:arcrole="http://xbrl.org/int/dim/arcrole/dimension-domain" xlink:from="loc_s2c_OZ" xlink:to="loc_s2c_MC" xbrldt:usable="false" />
    <link:definitionArc xlink:type="arc" xlink:arcrole="http://xbrl.org/int/dim/arcrole/dimension-default" xlink:from="loc_s2c_OZ" xlink:to="loc_s2c_x0_1" />
    <link:loc xlink:type="locator" xlink:href="dim.xsd#s2c_OF" xlink:label="loc_s2c_OF" />
    <link:definitionArc xlink:type="arc" xlink:arcrole="http://xbrl.org/int/dim/arcrole/dimension-domain" xlink:from="loc_s2c_OF" xlink:to="loc_s2c_MC" xbrldt:usable="false" />
    <link:definitionArc xlink:type="arc" xlink:arcrole="http://xbrl.org/int/dim/arcrole/dimension-default" xlink:from="loc_s2c_OF" xlink:to="loc_s2c_x0_1" />
    <link:loc xlink:type="locator" xlink:href="dim.xsd#s2c_PF" xlink:label="loc_s2c_PF" />
    <link:definitionArc xlink:type="arc" xlink:arcrole="http://xbrl.org/int/dim/arcrole/dimension-domain" xlink:from="loc_s2c_PF" xlink:to="loc_s2c_MC" xbrldt:usable="false" />
    <link:definitionArc xlink:type="arc" xlink:arcrole="http://xbrl.org/int/dim/arcrole/dimension-default" xlink:from="loc_s2c_PF" xlink:to="loc_s2c_x0_1" />
    <link:loc xlink:type="locator" xlink:href="dim.xsd#s2c_VG" xlink:label="loc_s2c_VG" />
    <link:loc xlink:type="locator" xlink:href="../dom/exp.xsd#s2c_AM" xlink:label="loc_s2c_AM" />
    <link:definitionArc xlink:type="arc" xlink:arcrole="http://xbrl.org/int/dim/arcrole/dimension-domain" xlink:from="loc_s2c_VG" xlink:to="loc_s2c_AM" xbrldt:usable="false" />
    <link:loc xlink:type="locator" xlink:href="../dom/am/mem.xsd#s2c_x0" xlink:label="loc_s2c_x0_2" />
    <link:definitionArc xlink:type="arc" xlink:arcrole="http://xbrl.org/int/dim/arcrole/dimension-default" xlink:from="loc_s2c_VG" xlink:to="loc_s2c_x0_2" />
    <link:loc xlink:type="locator" xlink:href="dim.xsd#s2c_TA" xlink:label="loc_s2c_TA" />
    <link:definitionArc xlink:type="arc" xlink:arcrole="http://xbrl.org/int/dim/arcrole/dimension-domain" xlink:from="loc_s2c_TA" xlink:to="loc_s2c_AM" xbrldt:usable="false" />
    <link:definitionArc xlink:type="arc" xlink:arcrole="http://xbrl.org/int/dim/arcrole/dimension-default" xlink:from="loc_s2c_TA" xlink:to="loc_s2c_x0_2" />
    <link:loc xlink:type="locator" xlink:href="dim.xsd#s2c_DD" xlink:label="loc_s2c_DD" />
    <link:definitionArc xlink:type="arc" xlink:arcrole="http://xbrl.org/int/dim/arcrole/dimension-domain" xlink:from="loc_s2c_DD" xlink:to="loc_s2c_AM" xbrldt:usable="false" />
    <link:definitionArc xlink:type="arc" xlink:arcrole="http://xbrl.org/int/dim/arcrole/dimension-default" xlink:from="loc_s2c_DD" xlink:to="loc_s2c_x0_2" />
    <link:loc xlink:type="locator" xlink:href="dim.xsd#s2c_VP" xlink:label="loc_s2c_VP" />
    <link:definitionArc xlink:type="arc" xlink:arcrole="http://xbrl.org/int/dim/arcrole/dimension-domain" xlink:from="loc_s2c_VP" xlink:to="loc_s2c_AM" xbrldt:usable="false" />
    <link:definitionArc xlink:type="arc" xlink:arcrole="http://xbrl.org/int/dim/arcrole/dimension-default" xlink:from="loc_s2c_VP" xlink:to="loc_s2c_x0_2" />
    <link:loc xlink:type="locator" xlink:href="dim.xsd#s2c_AD" xlink:label="loc_s2c_AD" />
    <link:definitionArc xlink:type="arc" xlink:arcrole="http://xbrl.org/int/dim/arcrole/dimension-domain" xlink:from="loc_s2c_AD" xlink:to="loc_s2c_AM" xbrldt:usable="false" />
    <link:definitionArc xlink:type="arc" xlink:arcrole="http://xbrl.org/int/dim/arcrole/dimension-default" xlink:from="loc_s2c_AD" xlink:to="loc_s2c_x0_2" />
    <link:loc xlink:type="locator" xlink:href="dim.xsd#s2c_TQ" xlink:label="loc_s2c_TQ" />
    <link:definitionArc xlink:type="arc" xlink:arcrole="http://xbrl.org/int/dim/arcrole/dimension-domain" xlink:from="loc_s2c_TQ" xlink:to="loc_s2c_AM" xbrldt:usable="false" />
    <link:definitionArc xlink:type="arc" xlink:arcrole="http://xbrl.org/int/dim/arcrole/dimension-default" xlink:from="loc_s2c_TQ" xlink:to="loc_s2c_x0_2" />
    <link:loc xlink:type="locator" xlink:href="dim.xsd#s2c_VM" xlink:label="loc_s2c_VM" />
    <link:loc xlink:type="locator" xlink:href="../dom/exp.xsd#s2c_VM" xlink:label="loc_s2c_VM_1" />
    <link:definitionArc xlink:type="arc" xlink:arcrole="http://xbrl.org/int/dim/arcrole/dimension-domain" xlink:from="loc_s2c_VM" xlink:to="loc_s2c_VM_1" xbrldt:usable="false" />
    <link:loc xlink:type="locator" xlink:href="../dom/vm/mem.xsd#s2c_x0" xlink:label="loc_s2c_x0_3" />
    <link:definitionArc xlink:type="arc" xlink:arcrole="http://xbrl.org/int/dim/arcrole/dimension-default" xlink:from="loc_s2c_VM" xlink:to="loc_s2c_x0_3" />
    <link:loc xlink:type="locator" xlink:href="dim.xsd#s2c_VL" xlink:label="loc_s2c_VL" />
    <link:definitionArc xlink:type="arc" xlink:arcrole="http://xbrl.org/int/dim/arcrole/dimension-domain" xlink:from="loc_s2c_VL" xlink:to="loc_s2c_VM_1" xbrldt:usable="false" />
    <link:definitionArc xlink:type="arc" xlink:arcrole="http://xbrl.org/int/dim/arcrole/dimension-default" xlink:from="loc_s2c_VL" xlink:to="loc_s2c_x0_3" />
    <link:loc xlink:type="locator" xlink:href="dim.xsd#s2c_AG" xlink:label="loc_s2c_AG" />
    <link:definitionArc xlink:type="arc" xlink:arcrole="http://xbrl.org/int/dim/arcrole/dimension-domain" xlink:from="loc_s2c_AG" xlink:to="loc_s2c_VM_1" xbrldt:usable="false" />
    <link:definitionArc xlink:type="arc" xlink:arcrole="http://xbrl.org/int/dim/arcrole/dimension-default" xlink:from="loc_s2c_AG" xlink:to="loc_s2c_x0_3" />
    <link:loc xlink:type="locator" xlink:href="dim.xsd#s2c_HH" xlink:label="loc_s2c_HH" />
    <link:definitionArc xlink:type="arc" xlink:arcrole="http://xbrl.org/int/dim/arcrole/dimension-domain" xlink:from="loc_s2c_HH" xlink:to="loc_s2c_VM_1" xbrldt:usable="false" />
    <link:definitionArc xlink:type="arc" xlink:arcrole="http://xbrl.org/int/dim/arcrole/dimension-default" xlink:from="loc_s2c_HH" xlink:to="loc_s2c_x0_3" />
    <link:loc xlink:type="locator" xlink:href="dim.xsd#s2c_SY" xlink:label="loc_s2c_SY" />
    <link:definitionArc xlink:type="arc" xlink:arcrole="http://xbrl.org/int/dim/arcrole/dimension-domain" xlink:from="loc_s2c_SY" xlink:to="loc_s2c_VM_1" xbrldt:usable="false" />
    <link:definitionArc xlink:type="arc" xlink:arcrole="http://xbrl.org/int/dim/arcrole/dimension-default" xlink:from="loc_s2c_SY" xlink:to="loc_s2c_x0_3" />
    <link:loc xlink:type="locator" xlink:href="dim.xsd#s2c_DU" xlink:label="loc_s2c_DU" />
    <link:definitionArc xlink:type="arc" xlink:arcrole="http://xbrl.org/int/dim/arcrole/dimension-domain" xlink:from="loc_s2c_DU" xlink:to="loc_s2c_VM_1" xbrldt:usable="false" />
    <link:definitionArc xlink:type="arc" xlink:arcrole="http://xbrl.org/int/dim/arcrole/dimension-default" xlink:from="loc_s2c_DU" xlink:to="loc_s2c_x0_3" />
    <link:loc xlink:type="locator" xlink:href="dim.xsd#s2c_XS" xlink:label="loc_s2c_XS" />
    <link:definitionArc xlink:type="arc" xlink:arcrole="http://xbrl.org/int/dim/arcrole/dimension-domain" xlink:from="loc_s2c_XS" xlink:to="loc_s2c_VM_1" xbrldt:usable="false" />
    <link:definitionArc xlink:type="arc" xlink:arcrole="http://xbrl.org/int/dim/arcrole/dimension-default" xlink:from="loc_s2c_XS" xlink:to="loc_s2c_x0_3" />
    <link:loc xlink:type="locator" xlink:href="dim.xsd#s2c_EA" xlink:label="loc_s2c_EA" />
    <link:definitionArc xlink:type="arc" xlink:arcrole="http://xbrl.org/int/dim/arcrole/dimension-domain" xlink:from="loc_s2c_EA" xlink:to="loc_s2c_VM_1" xbrldt:usable="false" />
    <link:definitionArc xlink:type="arc" xlink:arcrole="http://xbrl.org/int/dim/arcrole/dimension-default" xlink:from="loc_s2c_EA" xlink:to="loc_s2c_x0_3" />
    <link:loc xlink:type="locator" xlink:href="dim.xsd#s2c_DI" xlink:label="loc_s2c_DI" />
    <link:loc xlink:type="locator" xlink:href="../dom/exp.xsd#s2c_DI" xlink:label="loc_s2c_DI_1" />
    <link:definitionArc xlink:type="arc" xlink:arcrole="http://xbrl.org/int/dim/arcrole/dimension-domain" xlink:from="loc_s2c_DI" xlink:to="loc_s2c_DI_1" xbrldt:usable="false" />
    <link:loc xlink:type="locator" xlink:href="../dom/di/mem.xsd#s2c_x0" xlink:label="loc_s2c_x0_4" />
    <link:definitionArc xlink:type="arc" xlink:arcrole="http://xbrl.org/int/dim/arcrole/dimension-default" xlink:from="loc_s2c_DI" xlink:to="loc_s2c_x0_4" />
    <link:loc xlink:type="locator" xlink:href="dim.xsd#s2c_RR" xlink:label="loc_s2c_RR" />
    <link:definitionArc xlink:type="arc" xlink:arcrole="http://xbrl.org/int/dim/arcrole/dimension-domain" xlink:from="loc_s2c_RR" xlink:to="loc_s2c_VM_1" xbrldt:usable="false" />
    <link:definitionArc xlink:type="arc" xlink:arcrole="http://xbrl.org/int/dim/arcrole/dimension-default" xlink:from="loc_s2c_RR" xlink:to="loc_s2c_x0_3" />
    <link:loc xlink:type="locator" xlink:href="dim.xsd#s2c_IT" xlink:label="loc_s2c_IT" />
    <link:loc xlink:type="locator" xlink:href="../dom/exp.xsd#s2c_TR" xlink:label="loc_s2c_TR" />
    <link:definitionArc xlink:type="arc" xlink:arcrole="http://xbrl.org/int/dim/arcrole/dimension-domain" xlink:from="loc_s2c_IT" xlink:to="loc_s2c_TR" xbrldt:usable="false" />
    <link:loc xlink:type="locator" xlink:href="../dom/tr/mem.xsd#s2c_x0" xlink:label="loc_s2c_x0_5" />
    <link:definitionArc xlink:type="arc" xlink:arcrole="http://xbrl.org/int/dim/arcrole/dimension-default" xlink:from="loc_s2c_IT" xlink:to="loc_s2c_x0_5" />
    <link:loc xlink:type="locator" xlink:href="dim.xsd#s2c_CC" xlink:label="loc_s2c_CC" />
    <link:loc xlink:type="locator" xlink:href="../dom/exp.xsd#s2c_TB" xlink:label="loc_s2c_TB" />
    <link:definitionArc xlink:type="arc" xlink:arcrole="http://xbrl.org/int/dim/arcrole/dimension-domain" xlink:from="loc_s2c_CC" xlink:to="loc_s2c_TB" xbrldt:usable="false" />
    <link:loc xlink:type="locator" xlink:href="../dom/tb/mem.xsd#s2c_x0" xlink:label="loc_s2c_x0_6" />
    <link:definitionArc xlink:type="arc" xlink:arcrole="http://xbrl.org/int/dim/arcrole/dimension-default" xlink:from="loc_s2c_CC" xlink:to="loc_s2c_x0_6" />
    <link:loc xlink:type="locator" xlink:href="dim.xsd#s2c_HS" xlink:label="loc_s2c_HS" />
    <link:definitionArc xlink:type="arc" xlink:arcrole="http://xbrl.org/int/dim/arcrole/dimension-domain" xlink:from="loc_s2c_HS" xlink:to="loc_s2c_TB" xbrldt:usable="false" />
    <link:definitionArc xlink:type="arc" xlink:arcrole="http://xbrl.org/int/dim/arcrole/dimension-default" xlink:from="loc_s2c_HS" xlink:to="loc_s2c_x0_6" />
    <link:loc xlink:type="locator" xlink:href="dim.xsd#s2c_AX" xlink:label="loc_s2c_AX" />
    <link:definitionArc xlink:type="arc" xlink:arcrole="http://xbrl.org/int/dim/arcrole/dimension-domain" xlink:from="loc_s2c_AX" xlink:to="loc_s2c_AM" xbrldt:usable="false" />
    <link:definitionArc xlink:type="arc" xlink:arcrole="http://xbrl.org/int/dim/arcrole/dimension-default" xlink:from="loc_s2c_AX" xlink:to="loc_s2c_x0_2" />
    <link:loc xlink:type="locator" xlink:href="dim.xsd#s2c_TU" xlink:label="loc_s2c_TU" />
    <link:definitionArc xlink:type="arc" xlink:arcrole="http://xbrl.org/int/dim/arcrole/dimension-domain" xlink:from="loc_s2c_TU" xlink:to="loc_s2c_TB" xbrldt:usable="false" />
    <link:definitionArc xlink:type="arc" xlink:arcrole="http://xbrl.org/int/dim/arcrole/dimension-default" xlink:from="loc_s2c_TU" xlink:to="loc_s2c_x0_6" />
    <link:loc xlink:type="locator" xlink:href="dim.xsd#s2c_TR" xlink:label="loc_s2c_TR_1" />
    <link:definitionArc xlink:type="arc" xlink:arcrole="http://xbrl.org/int/dim/arcrole/dimension-domain" xlink:from="loc_s2c_TR_1" xlink:to="loc_s2c_TB" xbrldt:usable="false" />
    <link:definitionArc xlink:type="arc" xlink:arcrole="http://xbrl.org/int/dim/arcrole/dimension-default" xlink:from="loc_s2c_TR_1" xlink:to="loc_s2c_x0_6" />
    <link:loc xlink:type="locator" xlink:href="dim.xsd#s2c_RX" xlink:label="loc_s2c_RX" />
    <link:definitionArc xlink:type="arc" xlink:arcrole="http://xbrl.org/int/dim/arcrole/dimension-domain" xlink:from="loc_s2c_RX" xlink:to="loc_s2c_TB" xbrldt:usable="false" />
    <link:definitionArc xlink:type="arc" xlink:arcrole="http://xbrl.org/int/dim/arcrole/dimension-default" xlink:from="loc_s2c_RX" xlink:to="loc_s2c_x0_6" />
    <link:loc xlink:type="locator" xlink:href="dim.xsd#s2c_XL" xlink:label="loc_s2c_XL" />
    <link:definitionArc xlink:type="arc" xlink:arcrole="http://xbrl.org/int/dim/arcrole/dimension-domain" xlink:from="loc_s2c_XL" xlink:to="loc_s2c_AM" xbrldt:usable="false" />
    <link:definitionArc xlink:type="arc" xlink:arcrole="http://xbrl.org/int/dim/arcrole/dimension-default" xlink:from="loc_s2c_XL" xlink:to="loc_s2c_x0_2" />
    <link:loc xlink:type="locator" xlink:href="dim.xsd#s2c_IY" xlink:label="loc_s2c_IY" />
    <link:loc xlink:type="locator" xlink:href="../dom/exp.xsd#s2c_PU" xlink:label="loc_s2c_PU" />
    <link:definitionArc xlink:type="arc" xlink:arcrole="http://xbrl.org/int/dim/arcrole/dimension-domain" xlink:from="loc_s2c_IY" xlink:to="loc_s2c_PU" xbrldt:usable="false" />
    <link:loc xlink:type="locator" xlink:href="../dom/pu/mem.xsd#s2c_x0" xlink:label="loc_s2c_x0_7" />
    <link:definitionArc xlink:type="arc" xlink:arcrole="http://xbrl.org/int/dim/arcrole/dimension-default" xlink:from="loc_s2c_IY" xlink:to="loc_s2c_x0_7" />
    <link:loc xlink:type="locator" xlink:href="dim.xsd#s2c_IO" xlink:label="loc_s2c_IO" />
    <link:definitionArc xlink:type="arc" xlink:arcrole="http://xbrl.org/int/dim/arcrole/dimension-domain" xlink:from="loc_s2c_IO" xlink:to="loc_s2c_PU" xbrldt:usable="false" />
    <link:definitionArc xlink:type="arc" xlink:arcrole="http://xbrl.org/int/dim/arcrole/dimension-default" xlink:from="loc_s2c_IO" xlink:to="loc_s2c_x0_7" />
    <link:loc xlink:type="locator" xlink:href="dim.xsd#s2c_OU" xlink:label="loc_s2c_OU" />
    <link:definitionArc xlink:type="arc" xlink:arcrole="http://xbrl.org/int/dim/arcrole/dimension-domain" xlink:from="loc_s2c_OU" xlink:to="loc_s2c_PU" xbrldt:usable="false" />
    <link:definitionArc xlink:type="arc" xlink:arcrole="http://xbrl.org/int/dim/arcrole/dimension-default" xlink:from="loc_s2c_OU" xlink:to="loc_s2c_x0_7" />
    <link:loc xlink:type="locator" xlink:href="dim.xsd#s2c_PO" xlink:label="loc_s2c_PO" />
    <link:definitionArc xlink:type="arc" xlink:arcrole="http://xbrl.org/int/dim/arcrole/dimension-domain" xlink:from="loc_s2c_PO" xlink:to="loc_s2c_PU" xbrldt:usable="false" />
    <link:definitionArc xlink:type="arc" xlink:arcrole="http://xbrl.org/int/dim/arcrole/dimension-default" xlink:from="loc_s2c_PO" xlink:to="loc_s2c_x0_7" />
    <link:loc xlink:type="locator" xlink:href="dim.xsd#s2c_PS" xlink:label="loc_s2c_PS" />
    <link:definitionArc xlink:type="arc" xlink:arcrole="http://xbrl.org/int/dim/arcrole/dimension-domain" xlink:from="loc_s2c_PS" xlink:to="loc_s2c_PU" xbrldt:usable="false" />
    <link:definitionArc xlink:type="arc" xlink:arcrole="http://xbrl.org/int/dim/arcrole/dimension-default" xlink:from="loc_s2c_PS" xlink:to="loc_s2c_x0_7" />
    <link:loc xlink:type="locator" xlink:href="dim.xsd#s2c_AR" xlink:label="loc_s2c_AR" />
    <link:definitionArc xlink:type="arc" xlink:arcrole="http://xbrl.org/int/dim/arcrole/dimension-domain" xlink:from="loc_s2c_AR" xlink:to="loc_s2c_PU" xbrldt:usable="false" />
    <link:definitionArc xlink:type="arc" xlink:arcrole="http://xbrl.org/int/dim/arcrole/dimension-default" xlink:from="loc_s2c_AR" xlink:to="loc_s2c_x0_7" />
    <link:loc xlink:type="locator" xlink:href="dim.xsd#s2c_EZ" xlink:label="loc_s2c_EZ" />
    <link:definitionArc xlink:type="arc" xlink:arcrole="http://xbrl.org/int/dim/arcrole/dimension-domain" xlink:from="loc_s2c_EZ" xlink:to="loc_s2c_TB" xbrldt:usable="false" />
    <link:definitionArc xlink:type="arc" xlink:arcrole="http://xbrl.org/int/dim/arcrole/dimension-default" xlink:from="loc_s2c_EZ" xlink:to="loc_s2c_x0_6" />
    <link:loc xlink:type="locator" xlink:href="dim.xsd#s2c_CT" xlink:label="loc_s2c_CT" />
    <link:loc xlink:type="locator" xlink:href="../dom/exp.xsd#s2c_SE" xlink:label="loc_s2c_SE" />
    <link:definitionArc xlink:type="arc" xlink:arcrole="http://xbrl.org/int/dim/arcrole/dimension-domain" xlink:from="loc_s2c_CT" xlink:to="loc_s2c_SE" xbrldt:usable="false" />
    <link:loc xlink:type="locator" xlink:href="../dom/se/mem.xsd#s2c_x0" xlink:label="loc_s2c_x0_8" />
    <link:definitionArc xlink:type="arc" xlink:arcrole="http://xbrl.org/int/dim/arcrole/dimension-default" xlink:from="loc_s2c_CT" xlink:to="loc_s2c_x0_8" />
    <link:loc xlink:type="locator" xlink:href="dim.xsd#s2c_SV" xlink:label="loc_s2c_SV" />
    <link:definitionArc xlink:type="arc" xlink:arcrole="http://xbrl.org/int/dim/arcrole/dimension-domain" xlink:from="loc_s2c_SV" xlink:to="loc_s2c_SE" xbrldt:usable="false" />
    <link:definitionArc xlink:type="arc" xlink:arcrole="http://xbrl.org/int/dim/arcrole/dimension-default" xlink:from="loc_s2c_SV" xlink:to="loc_s2c_x0_8" />
    <link:loc xlink:type="locator" xlink:href="dim.xsd#s2c_SO" xlink:label="loc_s2c_SO" />
    <link:definitionArc xlink:type="arc" xlink:arcrole="http://xbrl.org/int/dim/arcrole/dimension-domain" xlink:from="loc_s2c_SO" xlink:to="loc_s2c_SE" xbrldt:usable="false" />
    <link:definitionArc xlink:type="arc" xlink:arcrole="http://xbrl.org/int/dim/arcrole/dimension-default" xlink:from="loc_s2c_SO" xlink:to="loc_s2c_x0_8" />
    <link:loc xlink:type="locator" xlink:href="dim.xsd#s2c_IS" xlink:label="loc_s2c_IS" />
    <link:definitionArc xlink:type="arc" xlink:arcrole="http://xbrl.org/int/dim/arcrole/dimension-domain" xlink:from="loc_s2c_IS" xlink:to="loc_s2c_SE" xbrldt:usable="false" />
    <link:definitionArc xlink:type="arc" xlink:arcrole="http://xbrl.org/int/dim/arcrole/dimension-default" xlink:from="loc_s2c_IS" xlink:to="loc_s2c_x0_8" />
    <link:loc xlink:type="locator" xlink:href="dim.xsd#s2c_LF" xlink:label="loc_s2c_LF" />
    <link:definitionArc xlink:type="arc" xlink:arcrole="http://xbrl.org/int/dim/arcrole/dimension-domain" xlink:from="loc_s2c_LF" xlink:to="loc_s2c_SE" xbrldt:usable="false" />
    <link:definitionArc xlink:type="arc" xlink:arcrole="http://xbrl.org/int/dim/arcrole/dimension-default" xlink:from="loc_s2c_LF" xlink:to="loc_s2c_x0_8" />
    <link:loc xlink:type="locator" xlink:href="dim.xsd#s2c_AY" xlink:label="loc_s2c_AY" />
    <link:definitionArc xlink:type="arc" xlink:arcrole="http://xbrl.org/int/dim/arcrole/dimension-domain" xlink:from="loc_s2c_AY" xlink:to="loc_s2c_TB" xbrldt:usable="false" />
    <link:definitionArc xlink:type="arc" xlink:arcrole="http://xbrl.org/int/dim/arcrole/dimension-default" xlink:from="loc_s2c_AY" xlink:to="loc_s2c_x0_6" />
    <link:loc xlink:type="locator" xlink:href="dim.xsd#s2c_AC" xlink:label="loc_s2c_AC" />
    <link:definitionArc xlink:type="arc" xlink:arcrole="http://xbrl.org/int/dim/arcrole/dimension-domain" xlink:from="loc_s2c_AC" xlink:to="loc_s2c_TB" xbrldt:usable="false" />
    <link:definitionArc xlink:type="arc" xlink:arcrole="http://xbrl.org/int/dim/arcrole/dimension-default" xlink:from="loc_s2c_AC" xlink:to="loc_s2c_x0_6" />
    <link:loc xlink:type="locator" xlink:href="dim.xsd#s2c_CG" xlink:label="loc_s2c_CG" />
    <link:loc xlink:type="locator" xlink:href="../dom/exp.xsd#s2c_CG" xlink:label="loc_s2c_CG_1" />
    <link:definitionArc xlink:type="arc" xlink:arcrole="http://xbrl.org/int/dim/arcrole/dimension-domain" xlink:from="loc_s2c_CG" xlink:to="loc_s2c_CG_1" xbrldt:usable="false" />
    <link:loc xlink:type="locator" xlink:href="../dom/cg/mem.xsd#s2c_x0" xlink:label="loc_s2c_x0_9" />
    <link:definitionArc xlink:type="arc" xlink:arcrole="http://xbrl.org/int/dim/arcrole/dimension-default" xlink:from="loc_s2c_CG" xlink:to="loc_s2c_x0_9" />
    <link:loc xlink:type="locator" xlink:href="dim.xsd#s2c_LW" xlink:label="loc_s2c_LW" />
    <link:definitionArc xlink:type="arc" xlink:arcrole="http://xbrl.org/int/dim/arcrole/dimension-domain" xlink:from="loc_s2c_LW" xlink:to="loc_s2c_CG_1" xbrldt:usable="false" />
    <link:definitionArc xlink:type="arc" xlink:arcrole="http://xbrl.org/int/dim/arcrole/dimension-default" xlink:from="loc_s2c_LW" xlink:to="loc_s2c_x0_9" />
    <link:loc xlink:type="locator" xlink:href="dim.xsd#s2c_FF" xlink:label="loc_s2c_FF" />
    <link:definitionArc xlink:type="arc" xlink:arcrole="http://xbrl.org/int/dim/arcrole/dimension-domain" xlink:from="loc_s2c_FF" xlink:to="loc_s2c_CG_1" xbrldt:usable="false" />
    <link:definitionArc xlink:type="arc" xlink:arcrole="http://xbrl.org/int/dim/arcrole/dimension-default" xlink:from="loc_s2c_FF" xlink:to="loc_s2c_x0_9" />
    <link:loc xlink:type="locator" xlink:href="dim.xsd#s2c_OT" xlink:label="loc_s2c_OT" />
    <link:definitionArc xlink:type="arc" xlink:arcrole="http://xbrl.org/int/dim/arcrole/dimension-domain" xlink:from="loc_s2c_OT" xlink:to="loc_s2c_CG_1" xbrldt:usable="false" />
    <link:definitionArc xlink:type="arc" xlink:arcrole="http://xbrl.org/int/dim/arcrole/dimension-default" xlink:from="loc_s2c_OT" xlink:to="loc_s2c_x0_9" />
    <link:loc xlink:type="locator" xlink:href="dim.xsd#s2c_TG" xlink:label="loc_s2c_TG" />
    <link:definitionArc xlink:type="arc" xlink:arcrole="http://xbrl.org/int/dim/arcrole/dimension-domain" xlink:from="loc_s2c_TG" xlink:to="loc_s2c_CG_1" xbrldt:usable="false" />
    <link:definitionArc xlink:type="arc" xlink:arcrole="http://xbrl.org/int/dim/arcrole/dimension-default" xlink:from="loc_s2c_TG" xlink:to="loc_s2c_x0_9" />
    <link:loc xlink:type="locator" xlink:href="dim.xsd#s2c_CB" xlink:label="loc_s2c_CB" />
    <link:loc xlink:type="locator" xlink:href="../dom/exp.xsd#s2c_LB" xlink:label="loc_s2c_LB_1" />
    <link:definitionArc xlink:type="arc" xlink:arcrole="http://xbrl.org/int/dim/arcrole/dimension-domain" xlink:from="loc_s2c_CB" xlink:to="loc_s2c_LB_1" xbrldt:usable="false" />
    <link:loc xlink:type="locator" xlink:href="../dom/lb/mem.xsd#s2c_x0" xlink:label="loc_s2c_x0_10" />
    <link:definitionArc xlink:type="arc" xlink:arcrole="http://xbrl.org/int/dim/arcrole/dimension-default" xlink:from="loc_s2c_CB" xlink:to="loc_s2c_x0_10" />
    <link:loc xlink:type="locator" xlink:href="dim.xsd#s2c_BL" xlink:label="loc_s2c_BL" />
    <link:definitionArc xlink:type="arc" xlink:arcrole="http://xbrl.org/int/dim/arcrole/dimension-domain" xlink:from="loc_s2c_BL" xlink:to="loc_s2c_LB_1" xbrldt:usable="false" />
    <link:definitionArc xlink:type="arc" xlink:arcrole="http://xbrl.org/int/dim/arcrole/dimension-default" xlink:from="loc_s2c_BL" xlink:to="loc_s2c_x0_10" />
    <link:loc xlink:type="locator" xlink:href="dim.xsd#s2c_RB" xlink:label="loc_s2c_RB" />
    <link:definitionArc xlink:type="arc" xlink:arcrole="http://xbrl.org/int/dim/arcrole/dimension-domain" xlink:from="loc_s2c_RB" xlink:to="loc_s2c_LB_1" xbrldt:usable="false" />
    <link:definitionArc xlink:type="arc" xlink:arcrole="http://xbrl.org/int/dim/arcrole/dimension-default" xlink:from="loc_s2c_RB" xlink:to="loc_s2c_x0_10" />
    <link:loc xlink:type="locator" xlink:href="dim.xsd#s2c_TB" xlink:label="loc_s2c_TB_1" />
    <link:definitionArc xlink:type="arc" xlink:arcrole="http://xbrl.org/int/dim/arcrole/dimension-domain" xlink:from="loc_s2c_TB_1" xlink:to="loc_s2c_LB_1" xbrldt:usable="false" />
    <link:definitionArc xlink:type="arc" xlink:arcrole="http://xbrl.org/int/dim/arcrole/dimension-default" xlink:from="loc_s2c_TB_1" xlink:to="loc_s2c_x0_10" />
    <link:loc xlink:type="locator" xlink:href="dim.xsd#s2c_HG" xlink:label="loc_s2c_HG" />
    <link:definitionArc xlink:type="arc" xlink:arcrole="http://xbrl.org/int/dim/arcrole/dimension-domain" xlink:from="loc_s2c_HG" xlink:to="loc_s2c_LB_1" xbrldt:usable="false" />
    <link:definitionArc xlink:type="arc" xlink:arcrole="http://xbrl.org/int/dim/arcrole/dimension-default" xlink:from="loc_s2c_HG" xlink:to="loc_s2c_x0_10" />
    <link:loc xlink:type="locator" xlink:href="dim.xsd#s2c_TZ" xlink:label="loc_s2c_TZ" />
    <link:definitionArc xlink:type="arc" xlink:arcrole="http://xbrl.org/int/dim/arcrole/dimension-domain" xlink:from="loc_s2c_TZ" xlink:to="loc_s2c_LB_1" xbrldt:usable="false" />
    <link:definitionArc xlink:type="arc" xlink:arcrole="http://xbrl.org/int/dim/arcrole/dimension-default" xlink:from="loc_s2c_TZ" xlink:to="loc_s2c_x0_10" />
    <link:loc xlink:type="locator" xlink:href="dim.xsd#s2c_SX" xlink:label="loc_s2c_SX" />
    <link:definitionArc xlink:type="arc" xlink:arcrole="http://xbrl.org/int/dim/arcrole/dimension-domain" xlink:from="loc_s2c_SX" xlink:to="loc_s2c_LB_1" xbrldt:usable="false" />
    <link:definitionArc xlink:type="arc" xlink:arcrole="http://xbrl.org/int/dim/arcrole/dimension-default" xlink:from="loc_s2c_SX" xlink:to="loc_s2c_x0_10" />
    <link:loc xlink:type="locator" xlink:href="dim.xsd#s2c_RZ" xlink:label="loc_s2c_RZ" />
    <link:definitionArc xlink:type="arc" xlink:arcrole="http://xbrl.org/int/dim/arcrole/dimension-domain" xlink:from="loc_s2c_RZ" xlink:to="loc_s2c_LB_1" xbrldt:usable="false" />
    <link:definitionArc xlink:type="arc" xlink:arcrole="http://xbrl.org/int/dim/arcrole/dimension-default" xlink:from="loc_s2c_RZ" xlink:to="loc_s2c_x0_10" />
    <link:loc xlink:type="locator" xlink:href="dim.xsd#s2c_CZ" xlink:label="loc_s2c_CZ" />
    <link:definitionArc xlink:type="arc" xlink:arcrole="http://xbrl.org/int/dim/arcrole/dimension-domain" xlink:from="loc_s2c_CZ" xlink:to="loc_s2c_LB_1" xbrldt:usable="false" />
    <link:definitionArc xlink:type="arc" xlink:arcrole="http://xbrl.org/int/dim/arcrole/dimension-default" xlink:from="loc_s2c_CZ" xlink:to="loc_s2c_x0_10" />
    <link:loc xlink:type="locator" xlink:href="dim.xsd#s2c_IU" xlink:label="loc_s2c_IU" />
    <link:definitionArc xlink:type="arc" xlink:arcrole="http://xbrl.org/int/dim/arcrole/dimension-domain" xlink:from="loc_s2c_IU" xlink:to="loc_s2c_LB_1" xbrldt:usable="false" />
    <link:definitionArc xlink:type="arc" xlink:arcrole="http://xbrl.org/int/dim/arcrole/dimension-default" xlink:from="loc_s2c_IU" xlink:to="loc_s2c_x0_10" />
    <link:loc xlink:type="locator" xlink:href="dim.xsd#s2c_RI" xlink:label="loc_s2c_RI" />
    <link:definitionArc xlink:type="arc" xlink:arcrole="http://xbrl.org/int/dim/arcrole/dimension-domain" xlink:from="loc_s2c_RI" xlink:to="loc_s2c_LB_1" xbrldt:usable="false" />
    <link:definitionArc xlink:type="arc" xlink:arcrole="http://xbrl.org/int/dim/arcrole/dimension-default" xlink:from="loc_s2c_RI" xlink:to="loc_s2c_x0_10" />
    <link:loc xlink:type="locator" xlink:href="dim.xsd#s2c_UC" xlink:label="loc_s2c_UC" />
    <link:definitionArc xlink:type="arc" xlink:arcrole="http://xbrl.org/int/dim/arcrole/dimension-domain" xlink:from="loc_s2c_UC" xlink:to="loc_s2c_LB_1" xbrldt:usable="false" />
    <link:definitionArc xlink:type="arc" xlink:arcrole="http://xbrl.org/int/dim/arcrole/dimension-default" xlink:from="loc_s2c_UC" xlink:to="loc_s2c_x0_10" />
    <link:loc xlink:type="locator" xlink:href="dim.xsd#s2c_BE" xlink:label="loc_s2c_BE" />
    <link:loc xlink:type="locator" xlink:href="../dom/exp.xsd#s2c_EL" xlink:label="loc_s2c_EL" />
    <link:definitionArc xlink:type="arc" xlink:arcrole="http://xbrl.org/int/dim/arcrole/dimension-domain" xlink:from="loc_s2c_BE" xlink:to="loc_s2c_EL" xbrldt:usable="false" />
    <link:loc xlink:type="locator" xlink:href="../dom/el/mem.xsd#s2c_x0" xlink:label="loc_s2c_x0_11" />
    <link:definitionArc xlink:type="arc" xlink:arcrole="http://xbrl.org/int/dim/arcrole/dimension-default" xlink:from="loc_s2c_BE" xlink:to="loc_s2c_x0_11" />
    <link:loc xlink:type="locator" xlink:href="dim.xsd#s2c_TX" xlink:label="loc_s2c_TX" />
    <link:definitionArc xlink:type="arc" xlink:arcrole="http://xbrl.org/int/dim/arcrole/dimension-domain" xlink:from="loc_s2c_TX" xlink:to="loc_s2c_EL" xbrldt:usable="false" />
    <link:definitionArc xlink:type="arc" xlink:arcrole="http://xbrl.org/int/dim/arcrole/dimension-default" xlink:from="loc_s2c_TX" xlink:to="loc_s2c_x0_11" />
    <link:loc xlink:type="locator" xlink:href="dim.xsd#s2c_OE" xlink:label="loc_s2c_OE" />
    <link:definitionArc xlink:type="arc" xlink:arcrole="http://xbrl.org/int/dim/arcrole/dimension-domain" xlink:from="loc_s2c_OE" xlink:to="loc_s2c_EL" xbrldt:usable="false" />
    <link:definitionArc xlink:type="arc" xlink:arcrole="http://xbrl.org/int/dim/arcrole/dimension-default" xlink:from="loc_s2c_OE" xlink:to="loc_s2c_x0_11" />
    <link:loc xlink:type="locator" xlink:href="dim.xsd#s2c_EI" xlink:label="loc_s2c_EI" />
    <link:definitionArc xlink:type="arc" xlink:arcrole="http://xbrl.org/int/dim/arcrole/dimension-domain" xlink:from="loc_s2c_EI" xlink:to="loc_s2c_EL" xbrldt:usable="false" />
    <link:definitionArc xlink:type="arc" xlink:arcrole="http://xbrl.org/int/dim/arcrole/dimension-default" xlink:from="loc_s2c_EI" xlink:to="loc_s2c_x0_11" />
    <link:loc xlink:type="locator" xlink:href="dim.xsd#s2c_MS" xlink:label="loc_s2c_MS" />
    <link:definitionArc xlink:type="arc" xlink:arcrole="http://xbrl.org/int/dim/arcrole/dimension-domain" xlink:from="loc_s2c_MS" xlink:to="loc_s2c_EL" xbrldt:usable="false" />
    <link:definitionArc xlink:type="arc" xlink:arcrole="http://xbrl.org/int/dim/arcrole/dimension-default" xlink:from="loc_s2c_MS" xlink:to="loc_s2c_x0_11" />
    <link:loc xlink:type="locator" xlink:href="dim.xsd#s2c_MX" xlink:label="loc_s2c_MX" />
    <link:definitionArc xlink:type="arc" xlink:arcrole="http://xbrl.org/int/dim/arcrole/dimension-domain" xlink:from="loc_s2c_MX" xlink:to="loc_s2c_EL" xbrldt:usable="false" />
    <link:definitionArc xlink:type="arc" xlink:arcrole="http://xbrl.org/int/dim/arcrole/dimension-default" xlink:from="loc_s2c_MX" xlink:to="loc_s2c_x0_11" />
    <link:loc xlink:type="locator" xlink:href="dim.xsd#s2c_QX" xlink:label="loc_s2c_QX" />
    <link:loc xlink:type="locator" xlink:href="../dom/exp.xsd#s2c_CS" xlink:label="loc_s2c_CS" />
    <link:definitionArc xlink:type="arc" xlink:arcrole="http://xbrl.org/int/dim/arcrole/dimension-domain" xlink:from="loc_s2c_QX" xlink:to="loc_s2c_CS" xbrldt:usable="false" />
    <link:loc xlink:type="locator" xlink:href="../dom/cs/mem.xsd#s2c_x0" xlink:label="loc_s2c_x0_12" />
    <link:definitionArc xlink:type="arc" xlink:arcrole="http://xbrl.org/int/dim/arcrole/dimension-default" xlink:from="loc_s2c_QX" xlink:to="loc_s2c_x0_12" />
    <link:loc xlink:type="locator" xlink:href="dim.xsd#s2c_LV" xlink:label="loc_s2c_LV" />
    <link:definitionArc xlink:type="arc" xlink:arcrole="http://xbrl.org/int/dim/arcrole/dimension-domain" xlink:from="loc_s2c_LV" xlink:to="loc_s2c_EL" xbrldt:usable="false" />
    <link:definitionArc xlink:type="arc" xlink:arcrole="http://xbrl.org/int/dim/arcrole/dimension-default" xlink:from="loc_s2c_LV" xlink:to="loc_s2c_x0_11" />
    <link:loc xlink:type="locator" xlink:href="dim.xsd#s2c_CS" xlink:label="loc_s2c_CS_1" />
    <link:definitionArc xlink:type="arc" xlink:arcrole="http://xbrl.org/int/dim/arcrole/dimension-domain" xlink:from="loc_s2c_CS_1" xlink:to="loc_s2c_CS" xbrldt:usable="false" />
    <link:definitionArc xlink:type="arc" xlink:arcrole="http://xbrl.org/int/dim/arcrole/dimension-default" xlink:from="loc_s2c_CS_1" xlink:to="loc_s2c_x0_12" />
    <link:loc xlink:type="locator" xlink:href="dim.xsd#s2c_AA" xlink:label="loc_s2c_AA" />
    <link:definitionArc xlink:type="arc" xlink:arcrole="http://xbrl.org/int/dim/arcrole/dimension-domain" xlink:from="loc_s2c_AA" xlink:to="loc_s2c_EL" xbrldt:usable="false" />
    <link:definitionArc xlink:type="arc" xlink:arcrole="http://xbrl.org/int/dim/arcrole/dimension-default" xlink:from="loc_s2c_AA" xlink:to="loc_s2c_x0_11" />
    <link:loc xlink:type="locator" xlink:href="dim.xsd#s2c_RO" xlink:label="loc_s2c_RO" />
    <link:definitionArc xlink:type="arc" xlink:arcrole="http://xbrl.org/int/dim/arcrole/dimension-domain" xlink:from="loc_s2c_RO" xlink:to="loc_s2c_CS" xbrldt:usable="false" />
    <link:definitionArc xlink:type="arc" xlink:arcrole="http://xbrl.org/int/dim/arcrole/dimension-default" xlink:from="loc_s2c_RO" xlink:to="loc_s2c_x0_12" />
    <link:loc xlink:type="locator" xlink:href="dim.xsd#s2c_LZ" xlink:label="loc_s2c_LZ" />
    <link:definitionArc xlink:type="arc" xlink:arcrole="http://xbrl.org/int/dim/arcrole/dimension-domain" xlink:from="loc_s2c_LZ" xlink:to="loc_s2c_CS" xbrldt:usable="false" />
    <link:definitionArc xlink:type="arc" xlink:arcrole="http://xbrl.org/int/dim/arcrole/dimension-default" xlink:from="loc_s2c_LZ" xlink:to="loc_s2c_x0_12" />
    <link:loc xlink:type="locator" xlink:href="dim.xsd#s2c_SM" xlink:label="loc_s2c_SM" />
    <link:definitionArc xlink:type="arc" xlink:arcrole="http://xbrl.org/int/dim/arcrole/dimension-domain" xlink:from="loc_s2c_SM" xlink:to="loc_s2c_CS" xbrldt:usable="false" />
    <link:definitionArc xlink:type="arc" xlink:arcrole="http://xbrl.org/int/dim/arcrole/dimension-default" xlink:from="loc_s2c_SM" xlink:to="loc_s2c_x0_12" />
    <link:loc xlink:type="locator" xlink:href="dim.xsd#s2c_IG" xlink:label="loc_s2c_IG" />
    <link:definitionArc xlink:type="arc" xlink:arcrole="http://xbrl.org/int/dim/arcrole/dimension-domain" xlink:from="loc_s2c_IG" xlink:to="loc_s2c_VM_1" xbrldt:usable="false" />
    <link:definitionArc xlink:type="arc" xlink:arcrole="http://xbrl.org/int/dim/arcrole/dimension-default" xlink:from="loc_s2c_IG" xlink:to="loc_s2c_x0_3" />
    <link:loc xlink:type="locator" xlink:href="dim.xsd#s2c_LL" xlink:label="loc_s2c_LL" />
    <link:loc xlink:type="locator" xlink:href="../dom/exp.xsd#s2c_CM" xlink:label="loc_s2c_CM" />
    <link:definitionArc xlink:type="arc" xlink:arcrole="http://xbrl.org/int/dim/arcrole/dimension-domain" xlink:from="loc_s2c_LL" xlink:to="loc_s2c_CM" xbrldt:usable="false" />
    <link:loc xlink:type="locator" xlink:href="../dom/cm/mem.xsd#s2c_x0" xlink:label="loc_s2c_x0_13" />
    <link:definitionArc xlink:type="arc" xlink:arcrole="http://xbrl.org/int/dim/arcrole/dimension-default" xlink:from="loc_s2c_LL" xlink:to="loc_s2c_x0_13" />
    <link:loc xlink:type="locator" xlink:href="dim.xsd#s2c_OC" xlink:label="loc_s2c_OC" />
    <link:loc xlink:type="locator" xlink:href="../dom/exp.xsd#s2c_CU" xlink:label="loc_s2c_CU" />
    <link:definitionArc xlink:type="arc" xlink:arcrole="http://xbrl.org/int/dim/arcrole/dimension-domain" xlink:from="loc_s2c_OC" xlink:to="loc_s2c_CU" xbrldt:usable="false" />
    <link:loc xlink:type="locator" xlink:href="../dom/cu/mem.xsd#s2c_x0" xlink:label="loc_s2c_x0_14" />
    <link:definitionArc xlink:type="arc" xlink:arcrole="http://xbrl.org/int/dim/arcrole/dimension-default" xlink:from="loc_s2c_OC" xlink:to="loc_s2c_x0_14" />
    <link:loc xlink:type="locator" xlink:href="dim.xsd#s2c_CR" xlink:label="loc_s2c_CR" />
    <link:definitionArc xlink:type="arc" xlink:arcrole="http://xbrl.org/int/dim/arcrole/dimension-domain" xlink:from="loc_s2c_CR" xlink:to="loc_s2c_CU" xbrldt:usable="false" />
    <link:definitionArc xlink:type="arc" xlink:arcrole="http://xbrl.org/int/dim/arcrole/dimension-default" xlink:from="loc_s2c_CR" xlink:to="loc_s2c_x0_14" />
    <link:loc xlink:type="locator" xlink:href="dim.xsd#s2c_CD" xlink:label="loc_s2c_CD" />
    <link:definitionArc xlink:type="arc" xlink:arcrole="http://xbrl.org/int/dim/arcrole/dimension-domain" xlink:from="loc_s2c_CD" xlink:to="loc_s2c_CU" xbrldt:usable="false" />
    <link:definitionArc xlink:type="arc" xlink:arcrole="http://xbrl.org/int/dim/arcrole/dimension-default" xlink:from="loc_s2c_CD" xlink:to="loc_s2c_x0_14" />
    <link:loc xlink:type="locator" xlink:href="dim.xsd#s2c_RC" xlink:label="loc_s2c_RC" />
    <link:definitionArc xlink:type="arc" xlink:arcrole="http://xbrl.org/int/dim/arcrole/dimension-domain" xlink:from="loc_s2c_RC" xlink:to="loc_s2c_CU" xbrldt:usable="false" />
    <link:definitionArc xlink:type="arc" xlink:arcrole="http://xbrl.org/int/dim/arcrole/dimension-default" xlink:from="loc_s2c_RC" xlink:to="loc_s2c_x0_14" />
    <link:loc xlink:type="locator" xlink:href="dim.xsd#s2c_UR" xlink:label="loc_s2c_UR" />
    <link:definitionArc xlink:type="arc" xlink:arcrole="http://xbrl.org/int/dim/arcrole/dimension-domain" xlink:from="loc_s2c_UR" xlink:to="loc_s2c_CU" xbrldt:usable="false" />
    <link:definitionArc xlink:type="arc" xlink:arcrole="http://xbrl.org/int/dim/arcrole/dimension-default" xlink:from="loc_s2c_UR" xlink:to="loc_s2c_x0_14" />
    <link:loc xlink:type="locator" xlink:href="dim.xsd#s2c_UU" xlink:label="loc_s2c_UU" />
    <link:definitionArc xlink:type="arc" xlink:arcrole="http://xbrl.org/int/dim/arcrole/dimension-domain" xlink:from="loc_s2c_UU" xlink:to="loc_s2c_CU" xbrldt:usable="false" />
    <link:definitionArc xlink:type="arc" xlink:arcrole="http://xbrl.org/int/dim/arcrole/dimension-default" xlink:from="loc_s2c_UU" xlink:to="loc_s2c_x0_14" />
    <link:loc xlink:type="locator" xlink:href="dim.xsd#s2c_CJ" xlink:label="loc_s2c_CJ" />
    <link:loc xlink:type="locator" xlink:href="../dom/exp.xsd#s2c_GA" xlink:label="loc_s2c_GA" />
    <link:definitionArc xlink:type="arc" xlink:arcrole="http://xbrl.org/int/dim/arcrole/dimension-domain" xlink:from="loc_s2c_CJ" xlink:to="loc_s2c_GA" xbrldt:usable="false" />
    <link:loc xlink:type="locator" xlink:href="../dom/ga/mem.xsd#s2c_x0" xlink:label="loc_s2c_x0_15" />
    <link:definitionArc xlink:type="arc" xlink:arcrole="http://xbrl.org/int/dim/arcrole/dimension-default" xlink:from="loc_s2c_CJ" xlink:to="loc_s2c_x0_15" />
    <link:loc xlink:type="locator" xlink:href="dim.xsd#s2c_LA" xlink:label="loc_s2c_LA" />
    <link:definitionArc xlink:type="arc" xlink:arcrole="http://xbrl.org/int/dim/arcrole/dimension-domain" xlink:from="loc_s2c_LA" xlink:to="loc_s2c_GA" xbrldt:usable="false" />
    <link:definitionArc xlink:type="arc" xlink:arcrole="http://xbrl.org/int/dim/arcrole/dimension-default" xlink:from="loc_s2c_LA" xlink:to="loc_s2c_x0_15" />
    <link:loc xlink:type="locator" xlink:href="dim.xsd#s2c_LX" xlink:label="loc_s2c_LX" />
    <link:definitionArc xlink:type="arc" xlink:arcrole="http://xbrl.org/int/dim/arcrole/dimension-domain" xlink:from="loc_s2c_LX" xlink:to="loc_s2c_GA" xbrldt:usable="false" />
    <link:definitionArc xlink:type="arc" xlink:arcrole="http://xbrl.org/int/dim/arcrole/dimension-default" xlink:from="loc_s2c_LX" xlink:to="loc_s2c_x0_15" />
    <link:loc xlink:type="locator" xlink:href="dim.xsd#s2c_EE" xlink:label="loc_s2c_EE" />
    <link:definitionArc xlink:type="arc" xlink:arcrole="http://xbrl.org/int/dim/arcrole/dimension-domain" xlink:from="loc_s2c_EE" xlink:to="loc_s2c_GA" xbrldt:usable="false" />
    <link:definitionArc xlink:type="arc" xlink:arcrole="http://xbrl.org/int/dim/arcrole/dimension-default" xlink:from="loc_s2c_EE" xlink:to="loc_s2c_x0_15" />
    <link:loc xlink:type="locator" xlink:href="dim.xsd#s2c_BI" xlink:label="loc_s2c_BI" />
    <link:definitionArc xlink:type="arc" xlink:arcrole="http://xbrl.org/int/dim/arcrole/dimension-domain" xlink:from="loc_s2c_BI" xlink:to="loc_s2c_GA" xbrldt:usable="false" />
    <link:definitionArc xlink:type="arc" xlink:arcrole="http://xbrl.org/int/dim/arcrole/dimension-default" xlink:from="loc_s2c_BI" xlink:to="loc_s2c_x0_15" />
    <link:loc xlink:type="locator" xlink:href="dim.xsd#s2c_CY" xlink:label="loc_s2c_CY" />
    <link:definitionArc xlink:type="arc" xlink:arcrole="http://xbrl.org/int/dim/arcrole/dimension-domain" xlink:from="loc_s2c_CY" xlink:to="loc_s2c_GA" xbrldt:usable="false" />
    <link:definitionArc xlink:type="arc" xlink:arcrole="http://xbrl.org/int/dim/arcrole/dimension-default" xlink:from="loc_s2c_CY" xlink:to="loc_s2c_x0_15" />
    <link:loc xlink:type="locator" xlink:href="dim.xsd#s2c_AH" xlink:label="loc_s2c_AH" />
    <link:definitionArc xlink:type="arc" xlink:arcrole="http://xbrl.org/int/dim/arcrole/dimension-domain" xlink:from="loc_s2c_AH" xlink:to="loc_s2c_GA" xbrldt:usable="false" />
    <link:definitionArc xlink:type="arc" xlink:arcrole="http://xbrl.org/int/dim/arcrole/dimension-default" xlink:from="loc_s2c_AH" xlink:to="loc_s2c_x0_15" />
    <link:loc xlink:type="locator" xlink:href="dim.xsd#s2c_CW" xlink:label="loc_s2c_CW" />
    <link:definitionArc xlink:type="arc" xlink:arcrole="http://xbrl.org/int/dim/arcrole/dimension-domain" xlink:from="loc_s2c_CW" xlink:to="loc_s2c_GA" xbrldt:usable="false" />
    <link:definitionArc xlink:type="arc" xlink:arcrole="http://xbrl.org/int/dim/arcrole/dimension-default" xlink:from="loc_s2c_CW" xlink:to="loc_s2c_x0_15" />
    <link:loc xlink:type="locator" xlink:href="dim.xsd#s2c_PI" xlink:label="loc_s2c_PI" />
    <link:loc xlink:type="locator" xlink:href="../dom/exp.xsd#s2c_PI" xlink:label="loc_s2c_PI_1" />
    <link:definitionArc xlink:type="arc" xlink:arcrole="http://xbrl.org/int/dim/arcrole/dimension-domain" xlink:from="loc_s2c_PI" xlink:to="loc_s2c_PI_1" xbrldt:usable="false" />
    <link:loc xlink:type="locator" xlink:href="../dom/pi/mem.xsd#s2c_x0" xlink:label="loc_s2c_x0_16" />
    <link:definitionArc xlink:type="arc" xlink:arcrole="http://xbrl.org/int/dim/arcrole/dimension-default" xlink:from="loc_s2c_PI" xlink:to="loc_s2c_x0_16" />
    <link:loc xlink:type="locator" xlink:href="dim.xsd#s2c_TS" xlink:label="loc_s2c_TS" />
    <link:loc xlink:type="locator" xlink:href="../dom/exp.xsd#s2c_TS" xlink:label="loc_s2c_TS_1" />
    <link:definitionArc xlink:type="arc" xlink:arcrole="http://xbrl.org/int/dim/arcrole/dimension-domain" xlink:from="loc_s2c_TS" xlink:to="loc_s2c_TS_1" xbrldt:usable="false" />
    <link:loc xlink:type="locator" xlink:href="../dom/ts/mem.xsd#s2c_x0" xlink:label="loc_s2c_x0_17" />
    <link:definitionArc xlink:type="arc" xlink:arcrole="http://xbrl.org/int/dim/arcrole/dimension-default" xlink:from="loc_s2c_TS" xlink:to="loc_s2c_x0_17" />
    <link:loc xlink:type="locator" xlink:href="dim.xsd#s2c_ZR" xlink:label="loc_s2c_ZR" />
    <link:loc xlink:type="locator" xlink:href="../dom/exp.xsd#s2c_LT" xlink:label="loc_s2c_LT" />
    <link:definitionArc xlink:type="arc" xlink:arcrole="http://xbrl.org/int/dim/arcrole/dimension-domain" xlink:from="loc_s2c_ZR" xlink:to="loc_s2c_LT" xbrldt:usable="false" />
    <link:loc xlink:type="locator" xlink:href="../dom/lt/mem.xsd#s2c_x0" xlink:label="loc_s2c_x0_18" />
    <link:definitionArc xlink:type="arc" xlink:arcrole="http://xbrl.org/int/dim/arcrole/dimension-default" xlink:from="loc_s2c_ZR" xlink:to="loc_s2c_x0_18" />
    <link:loc xlink:type="locator" xlink:href="dim.xsd#s2c_TD" xlink:label="loc_s2c_TD" />
    <link:loc xlink:type="locator" xlink:href="../dom/exp.xsd#s2c_TD" xlink:label="loc_s2c_TD_1" />
    <link:definitionArc xlink:type="arc" xlink:arcrole="http://xbrl.org/int/dim/arcrole/dimension-domain" xlink:from="loc_s2c_TD" xlink:to="loc_s2c_TD_1" xbrldt:usable="false" />
    <link:loc xlink:type="locator" xlink:href="../dom/td/mem.xsd#s2c_x0" xlink:label="loc_s2c_x0_19" />
    <link:definitionArc xlink:type="arc" xlink:arcrole="http://xbrl.org/int/dim/arcrole/dimension-default" xlink:from="loc_s2c_TD" xlink:to="loc_s2c_x0_19" />
    <link:loc xlink:type="locator" xlink:href="dim.xsd#s2c_NT" xlink:label="loc_s2c_NT" />
    <link:loc xlink:type="locator" xlink:href="../dom/exp.xsd#s2c_NT" xlink:label="loc_s2c_NT_1" />
    <link:definitionArc xlink:type="arc" xlink:arcrole="http://xbrl.org/int/dim/arcrole/dimension-domain" xlink:from="loc_s2c_NT" xlink:to="loc_s2c_NT_1" xbrldt:usable="false" />
    <link:loc xlink:type="locator" xlink:href="../dom/nt/mem.xsd#s2c_x0" xlink:label="loc_s2c_x0_20" />
    <link:definitionArc xlink:type="arc" xlink:arcrole="http://xbrl.org/int/dim/arcrole/dimension-default" xlink:from="loc_s2c_NT" xlink:to="loc_s2c_x0_20" />
    <link:loc xlink:type="locator" xlink:href="dim.xsd#s2c_NB" xlink:label="loc_s2c_NB" />
    <link:loc xlink:type="locator" xlink:href="../dom/exp.xsd#s2c_BR" xlink:label="loc_s2c_BR" />
    <link:definitionArc xlink:type="arc" xlink:arcrole="http://xbrl.org/int/dim/arcrole/dimension-domain" xlink:from="loc_s2c_NB" xlink:to="loc_s2c_BR" xbrldt:usable="false" />
    <link:loc xlink:type="locator" xlink:href="../dom/br/mem.xsd#s2c_x0" xlink:label="loc_s2c_x0_21" />
    <link:definitionArc xlink:type="arc" xlink:arcrole="http://xbrl.org/int/dim/arcrole/dimension-default" xlink:from="loc_s2c_NB" xlink:to="loc_s2c_x0_21" />
    <link:loc xlink:type="locator" xlink:href="dim.xsd#s2c_NZ" xlink:label="loc_s2c_NZ" />
    <link:definitionArc xlink:type="arc" xlink:arcrole="http://xbrl.org/int/dim/arcrole/dimension-domain" xlink:from="loc_s2c_NZ" xlink:to="loc_s2c_BR" xbrldt:usable="false" />
    <link:definitionArc xlink:type="arc" xlink:arcrole="http://xbrl.org/int/dim/arcrole/dimension-default" xlink:from="loc_s2c_NZ" xlink:to="loc_s2c_x0_21" />
    <link:loc xlink:type="locator" xlink:href="dim.xsd#s2c_PP" xlink:label="loc_s2c_PP" />
    <link:loc xlink:type="locator" xlink:href="../dom/exp.xsd#s2c_PP" xlink:label="loc_s2c_PP_1" />
    <link:definitionArc xlink:type="arc" xlink:arcrole="http://xbrl.org/int/dim/arcrole/dimension-domain" xlink:from="loc_s2c_PP" xlink:to="loc_s2c_PP_1" xbrldt:usable="false" />
    <link:loc xlink:type="locator" xlink:href="../dom/pp/mem.xsd#s2c_x0" xlink:label="loc_s2c_x0_22" />
    <link:definitionArc xlink:type="arc" xlink:arcrole="http://xbrl.org/int/dim/arcrole/dimension-default" xlink:from="loc_s2c_PP" xlink:to="loc_s2c_x0_22" />
    <link:loc xlink:type="locator" xlink:href="dim.xsd#s2c_DC" xlink:label="loc_s2c_DC" />
    <link:loc xlink:type="locator" xlink:href="../dom/exp.xsd#s2c_DC" xlink:label="loc_s2c_DC_1" />
    <link:definitionArc xlink:type="arc" xlink:arcrole="http://xbrl.org/int/dim/arcrole/dimension-domain" xlink:from="loc_s2c_DC" xlink:to="loc_s2c_DC_1" xbrldt:usable="false" />
    <link:loc xlink:type="locator" xlink:href="../dom/dc/mem.xsd#s2c_x0" xlink:label="loc_s2c_x0_23" />
    <link:definitionArc xlink:type="arc" xlink:arcrole="http://xbrl.org/int/dim/arcrole/dimension-default" xlink:from="loc_s2c_DC" xlink:to="loc_s2c_x0_23" />
    <link:loc xlink:type="locator" xlink:href="dim.xsd#s2c_TE" xlink:label="loc_s2c_TE" />
    <link:loc xlink:type="locator" xlink:href="../dom/exp.xsd#s2c_CE" xlink:label="loc_s2c_CE" />
    <link:definitionArc xlink:type="arc" xlink:arcrole="http://xbrl.org/int/dim/arcrole/dimension-domain" xlink:from="loc_s2c_TE" xlink:to="loc_s2c_CE" xbrldt:usable="false" />
    <link:loc xlink:type="locator" xlink:href="../dom/ce/mem.xsd#s2c_x0" xlink:label="loc_s2c_x0_24" />
    <link:definitionArc xlink:type="arc" xlink:arcrole="http://xbrl.org/int/dim/arcrole/dimension-default" xlink:from="loc_s2c_TE" xlink:to="loc_s2c_x0_24" />
    <link:loc xlink:type="locator" xlink:href="dim.xsd#s2c_PY" xlink:label="loc_s2c_PY" />
    <link:loc xlink:type="locator" xlink:href="../dom/exp.xsd#s2c_TI" xlink:label="loc_s2c_TI" />
    <link:definitionArc xlink:type="arc" xlink:arcrole="http://xbrl.org/int/dim/arcrole/dimension-domain" xlink:from="loc_s2c_PY" xlink:to="loc_s2c_TI" xbrldt:usable="false" />
    <link:loc xlink:type="locator" xlink:href="../dom/ti/mem.xsd#s2c_x0" xlink:label="loc_s2c_x0_25" />
    <link:definitionArc xlink:type="arc" xlink:arcrole="http://xbrl.org/int/dim/arcrole/dimension-default" xlink:from="loc_s2c_PY" xlink:to="loc_s2c_x0_25" />
    <link:loc xlink:type="locator" xlink:href="dim.xsd#s2c_DY" xlink:label="loc_s2c_DY" />
    <link:definitionArc xlink:type="arc" xlink:arcrole="http://xbrl.org/int/dim/arcrole/dimension-domain" xlink:from="loc_s2c_DY" xlink:to="loc_s2c_TI" xbrldt:usable="false" />
    <link:definitionArc xlink:type="arc" xlink:arcrole="http://xbrl.org/int/dim/arcrole/dimension-default" xlink:from="loc_s2c_DY" xlink:to="loc_s2c_x0_25" />
    <link:loc xlink:type="locator" xlink:href="dim.xsd#s2c_RM" xlink:label="loc_s2c_RM" />
    <link:definitionArc xlink:type="arc" xlink:arcrole="http://xbrl.org/int/dim/arcrole/dimension-domain" xlink:from="loc_s2c_RM" xlink:to="loc_s2c_TI" xbrldt:usable="false" />
    <link:definitionArc xlink:type="arc" xlink:arcrole="http://xbrl.org/int/dim/arcrole/dimension-default" xlink:from="loc_s2c_RM" xlink:to="loc_s2c_x0_25" />
    <link:loc xlink:type="locator" xlink:href="dim.xsd#s2c_HD" xlink:label="loc_s2c_HD" />
    <link:loc xlink:type="locator" xlink:href="../dom/exp.xsd#s2c_RT" xlink:label="loc_s2c_RT" />
    <link:definitionArc xlink:type="arc" xlink:arcrole="http://xbrl.org/int/dim/arcrole/dimension-domain" xlink:from="loc_s2c_HD" xlink:to="loc_s2c_RT" xbrldt:usable="false" />
    <link:loc xlink:type="locator" xlink:href="../dom/rt/mem.xsd#s2c_x0" xlink:label="loc_s2c_x0_26" />
    <link:definitionArc xlink:type="arc" xlink:arcrole="http://xbrl.org/int/dim/arcrole/dimension-default" xlink:from="loc_s2c_HD" xlink:to="loc_s2c_x0_26" />
    <link:loc xlink:type="locator" xlink:href="dim.xsd#s2c_FZ" xlink:label="loc_s2c_FZ" />
    <link:definitionArc xlink:type="arc" xlink:arcrole="http://xbrl.org/int/dim/arcrole/dimension-domain" xlink:from="loc_s2c_FZ" xlink:to="loc_s2c_RT" xbrldt:usable="false" />
    <link:definitionArc xlink:type="arc" xlink:arcrole="http://xbrl.org/int/dim/arcrole/dimension-default" xlink:from="loc_s2c_FZ" xlink:to="loc_s2c_x0_26" />
    <link:loc xlink:type="locator" xlink:href="dim.xsd#s2c_IZ" xlink:label="loc_s2c_IZ" />
    <link:definitionArc xlink:type="arc" xlink:arcrole="http://xbrl.org/int/dim/arcrole/dimension-domain" xlink:from="loc_s2c_IZ" xlink:to="loc_s2c_RT" xbrldt:usable="false" />
    <link:definitionArc xlink:type="arc" xlink:arcrole="http://xbrl.org/int/dim/arcrole/dimension-default" xlink:from="loc_s2c_IZ" xlink:to="loc_s2c_x0_26" />
    <link:loc xlink:type="locator" xlink:href="dim.xsd#s2c_RT" xlink:label="loc_s2c_RT_1" />
    <link:definitionArc xlink:type="arc" xlink:arcrole="http://xbrl.org/int/dim/arcrole/dimension-domain" xlink:from="loc_s2c_RT_1" xlink:to="loc_s2c_RT" xbrldt:usable="false" />
    <link:definitionArc xlink:type="arc" xlink:arcrole="http://xbrl.org/int/dim/arcrole/dimension-default" xlink:from="loc_s2c_RT_1" xlink:to="loc_s2c_x0_26" />
    <link:loc xlink:type="locator" xlink:href="dim.xsd#s2c_TV" xlink:label="loc_s2c_TV" />
    <link:definitionArc xlink:type="arc" xlink:arcrole="http://xbrl.org/int/dim/arcrole/dimension-domain" xlink:from="loc_s2c_TV" xlink:to="loc_s2c_RT" xbrldt:usable="false" />
    <link:definitionArc xlink:type="arc" xlink:arcrole="http://xbrl.org/int/dim/arcrole/dimension-default" xlink:from="loc_s2c_TV" xlink:to="loc_s2c_x0_26" />
    <link:loc xlink:type="locator" xlink:href="dim.xsd#s2c_HC" xlink:label="loc_s2c_HC" />
    <link:definitionArc xlink:type="arc" xlink:arcrole="http://xbrl.org/int/dim/arcrole/dimension-domain" xlink:from="loc_s2c_HC" xlink:to="loc_s2c_CG_1" xbrldt:usable="false" />
    <link:definitionArc xlink:type="arc" xlink:arcrole="http://xbrl.org/int/dim/arcrole/dimension-default" xlink:from="loc_s2c_HC" xlink:to="loc_s2c_x0_9" />
    <link:loc xlink:type="locator" xlink:href="dim.xsd#s2c_SH" xlink:label="loc_s2c_SH" />
    <link:definitionArc xlink:type="arc" xlink:arcrole="http://xbrl.org/int/dim/arcrole/dimension-domain" xlink:from="loc_s2c_SH" xlink:to="loc_s2c_RT" xbrldt:usable="false" />
    <link:definitionArc xlink:type="arc" xlink:arcrole="http://xbrl.org/int/dim/arcrole/dimension-default" xlink:from="loc_s2c_SH" xlink:to="loc_s2c_x0_26" />
    <link:loc xlink:type="locator" xlink:href="dim.xsd#s2c_AB" xlink:label="loc_s2c_AB" />
    <link:definitionArc xlink:type="arc" xlink:arcrole="http://xbrl.org/int/dim/arcrole/dimension-domain" xlink:from="loc_s2c_AB" xlink:to="loc_s2c_RT" xbrldt:usable="false" />
    <link:definitionArc xlink:type="arc" xlink:arcrole="http://xbrl.org/int/dim/arcrole/dimension-default" xlink:from="loc_s2c_AB" xlink:to="loc_s2c_x0_26" />
    <link:loc xlink:type="locator" xlink:href="dim.xsd#s2c_DV" xlink:label="loc_s2c_DV" />
    <link:definitionArc xlink:type="arc" xlink:arcrole="http://xbrl.org/int/dim/arcrole/dimension-domain" xlink:from="loc_s2c_DV" xlink:to="loc_s2c_RT" xbrldt:usable="false" />
    <link:definitionArc xlink:type="arc" xlink:arcrole="http://xbrl.org/int/dim/arcrole/dimension-default" xlink:from="loc_s2c_DV" xlink:to="loc_s2c_x0_26" />
    <link:loc xlink:type="locator" xlink:href="dim.xsd#s2c_SB" xlink:label="loc_s2c_SB" />
    <link:loc xlink:type="locator" xlink:href="../dom/exp.xsd#s2c_SC" xlink:label="loc_s2c_SC" />
    <link:definitionArc xlink:type="arc" xlink:arcrole="http://xbrl.org/int/dim/arcrole/dimension-domain" xlink:from="loc_s2c_SB" xlink:to="loc_s2c_SC" xbrldt:usable="false" />
    <link:loc xlink:type="locator" xlink:href="../dom/sc/mem.xsd#s2c_x0" xlink:label="loc_s2c_x0_27" />
    <link:definitionArc xlink:type="arc" xlink:arcrole="http://xbrl.org/int/dim/arcrole/dimension-default" xlink:from="loc_s2c_SB" xlink:to="loc_s2c_x0_27" />
    <link:loc xlink:type="locator" xlink:href="dim.xsd#s2c_SD" xlink:label="loc_s2c_SD" />
    <link:definitionArc xlink:type="arc" xlink:arcrole="http://xbrl.org/int/dim/arcrole/dimension-domain" xlink:from="loc_s2c_SD" xlink:to="loc_s2c_SC" xbrldt:usable="false" />
    <link:definitionArc xlink:type="arc" xlink:arcrole="http://xbrl.org/int/dim/arcrole/dimension-default" xlink:from="loc_s2c_SD" xlink:to="loc_s2c_x0_27" />
    <link:loc xlink:type="locator" xlink:href="dim.xsd#s2c_CH" xlink:label="loc_s2c_CH" />
    <link:definitionArc xlink:type="arc" xlink:arcrole="http://xbrl.org/int/dim/arcrole/dimension-domain" xlink:from="loc_s2c_CH" xlink:to="loc_s2c_SC" xbrldt:usable="false" />
    <link:definitionArc xlink:type="arc" xlink:arcrole="http://xbrl.org/int/dim/arcrole/dimension-default" xlink:from="loc_s2c_CH" xlink:to="loc_s2c_x0_27" />
    <link:loc xlink:type="locator" xlink:href="dim.xsd#s2c_AI" xlink:label="loc_s2c_AI" />
    <link:definitionArc xlink:type="arc" xlink:arcrole="http://xbrl.org/int/dim/arcrole/dimension-domain" xlink:from="loc_s2c_AI" xlink:to="loc_s2c_SC" xbrldt:usable="false" />
    <link:definitionArc xlink:type="arc" xlink:arcrole="http://xbrl.org/int/dim/arcrole/dimension-default" xlink:from="loc_s2c_AI" xlink:to="loc_s2c_x0_27" />
    <link:loc xlink:type="locator" xlink:href="dim.xsd#s2c_LY" xlink:label="loc_s2c_LY" />
    <link:loc xlink:type="locator" xlink:href="../dom/exp.xsd#s2c_PC" xlink:label="loc_s2c_PC" />
    <link:definitionArc xlink:type="arc" xlink:arcrole="http://xbrl.org/int/dim/arcrole/dimension-domain" xlink:from="loc_s2c_LY" xlink:to="loc_s2c_PC" xbrldt:usable="false" />
    <link:loc xlink:type="locator" xlink:href="../dom/pc/mem.xsd#s2c_x0" xlink:label="loc_s2c_x0_28" />
    <link:definitionArc xlink:type="arc" xlink:arcrole="http://xbrl.org/int/dim/arcrole/dimension-default" xlink:from="loc_s2c_LY" xlink:to="loc_s2c_x0_28" />
    <link:loc xlink:type="locator" xlink:href="dim.xsd#s2c_US" xlink:label="loc_s2c_US" />
    <link:definitionArc xlink:type="arc" xlink:arcrole="http://xbrl.org/int/dim/arcrole/dimension-domain" xlink:from="loc_s2c_US" xlink:to="loc_s2c_PC" xbrldt:usable="false" />
    <link:definitionArc xlink:type="arc" xlink:arcrole="http://xbrl.org/int/dim/arcrole/dimension-default" xlink:from="loc_s2c_US" xlink:to="loc_s2c_x0_28" />
    <link:loc xlink:type="locator" xlink:href="dim.xsd#s2c_YP" xlink:label="loc_s2c_YP" />
    <link:definitionArc xlink:type="arc" xlink:arcrole="http://xbrl.org/int/dim/arcrole/dimension-domain" xlink:from="loc_s2c_YP" xlink:to="loc_s2c_PC" xbrldt:usable="false" />
    <link:definitionArc xlink:type="arc" xlink:arcrole="http://xbrl.org/int/dim/arcrole/dimension-default" xlink:from="loc_s2c_YP" xlink:to="loc_s2c_x0_28" />
    <link:loc xlink:type="locator" xlink:href="dim.xsd#s2c_EX" xlink:label="loc_s2c_EX" />
    <link:loc xlink:type="locator" xlink:href="../dom/exp.xsd#s2c_EX" xlink:label="loc_s2c_EX_1" />
    <link:definitionArc xlink:type="arc" xlink:arcrole="http://xbrl.org/int/dim/arcrole/dimension-domain" xlink:from="loc_s2c_EX" xlink:to="loc_s2c_EX_1" xbrldt:usable="false" />
    <link:loc xlink:type="locator" xlink:href="../dom/ex/mem.xsd#s2c_x0" xlink:label="loc_s2c_x0_29" />
    <link:definitionArc xlink:type="arc" xlink:arcrole="http://xbrl.org/int/dim/arcrole/dimension-default" xlink:from="loc_s2c_EX" xlink:to="loc_s2c_x0_29" />
    <link:loc xlink:type="locator" xlink:href="dim.xsd#s2c_II" xlink:label="loc_s2c_II" />
    <link:loc xlink:type="locator" xlink:href="../dom/exp.xsd#s2c_AP" xlink:label="loc_s2c_AP" />
    <link:definitionArc xlink:type="arc" xlink:arcrole="http://xbrl.org/int/dim/arcrole/dimension-domain" xlink:from="loc_s2c_II" xlink:to="loc_s2c_AP" xbrldt:usable="false" />
    <link:loc xlink:type="locator" xlink:href="../dom/ap/mem.xsd#s2c_x0" xlink:label="loc_s2c_x0_30" />
    <link:definitionArc xlink:type="arc" xlink:arcrole="http://xbrl.org/int/dim/arcrole/dimension-default" xlink:from="loc_s2c_II" xlink:to="loc_s2c_x0_30" />
    <link:loc xlink:type="locator" xlink:href="dim.xsd#s2c_LT" xlink:label="loc_s2c_LT_1" />
    <link:definitionArc xlink:type="arc" xlink:arcrole="http://xbrl.org/int/dim/arcrole/dimension-domain" xlink:from="loc_s2c_LT_1" xlink:to="loc_s2c_VM_1" xbrldt:usable="false" />
    <link:definitionArc xlink:type="arc" xlink:arcrole="http://xbrl.org/int/dim/arcrole/dimension-default" xlink:from="loc_s2c_LT_1" xlink:to="loc_s2c_x0_3" />
    <link:loc xlink:type="locator" xlink:href="dim.xsd#s2c_LD" xlink:label="loc_s2c_LD" />
    <link:definitionArc xlink:type="arc" xlink:arcrole="http://xbrl.org/int/dim/arcrole/dimension-domain" xlink:from="loc_s2c_LD" xlink:to="loc_s2c_VM_1" xbrldt:usable="false" />
    <link:definitionArc xlink:type="arc" xlink:arcrole="http://xbrl.org/int/dim/arcrole/dimension-default" xlink:from="loc_s2c_LD" xlink:to="loc_s2c_x0_3" />
    <link:loc xlink:type="locator" xlink:href="dim.xsd#s2c_BX" xlink:label="loc_s2c_BX" />
    <link:loc xlink:type="locator" xlink:href="../dom/exp.xsd#s2c_BT" xlink:label="loc_s2c_BT" />
    <link:definitionArc xlink:type="arc" xlink:arcrole="http://xbrl.org/int/dim/arcrole/dimension-domain" xlink:from="loc_s2c_BX" xlink:to="loc_s2c_BT" xbrldt:usable="false" />
    <link:loc xlink:type="locator" xlink:href="../dom/bt/mem.xsd#s2c_x0" xlink:label="loc_s2c_x0_31" />
    <link:definitionArc xlink:type="arc" xlink:arcrole="http://xbrl.org/int/dim/arcrole/dimension-default" xlink:from="loc_s2c_BX" xlink:to="loc_s2c_x0_31" />
    <link:loc xlink:type="locator" xlink:href="dim.xsd#s2c_UG" xlink:label="loc_s2c_UG" />
    <link:definitionArc xlink:type="arc" xlink:arcrole="http://xbrl.org/int/dim/arcrole/dimension-domain" xlink:from="loc_s2c_UG" xlink:to="loc_s2c_RT" xbrldt:usable="false" />
    <link:definitionArc xlink:type="arc" xlink:arcrole="http://xbrl.org/int/dim/arcrole/dimension-default" xlink:from="loc_s2c_UG" xlink:to="loc_s2c_x0_26" />
    <link:loc xlink:type="locator" xlink:href="dim.xsd#s2c_TP" xlink:label="loc_s2c_TP" />
    <link:loc xlink:type="locator" xlink:href="../dom/exp.xsd#s2c_TP" xlink:label="loc_s2c_TP_1" />
    <link:definitionArc xlink:type="arc" xlink:arcrole="http://xbrl.org/int/dim/arcrole/dimension-domain" xlink:from="loc_s2c_TP" xlink:to="loc_s2c_TP_1" xbrldt:usable="false" />
    <link:loc xlink:type="locator" xlink:href="../dom/tp/mem.xsd#s2c_x0" xlink:label="loc_s2c_x0_32" />
    <link:definitionArc xlink:type="arc" xlink:arcrole="http://xbrl.org/int/dim/arcrole/dimension-default" xlink:from="loc_s2c_TP" xlink:to="loc_s2c_x0_32" />
    <link:loc xlink:type="locator" xlink:href="dim.xsd#s2c_AO" xlink:label="loc_s2c_AO" />
    <link:loc xlink:type="locator" xlink:href="../dom/exp.xsd#s2c_AO" xlink:label="loc_s2c_AO_1" />
    <link:definitionArc xlink:type="arc" xlink:arcrole="http://xbrl.org/int/dim/arcrole/dimension-domain" xlink:from="loc_s2c_AO" xlink:to="loc_s2c_AO_1" xbrldt:usable="false" />
    <link:loc xlink:type="locator" xlink:href="../dom/ao/mem.xsd#s2c_x0" xlink:label="loc_s2c_x0_33" />
    <link:definitionArc xlink:type="arc" xlink:arcrole="http://xbrl.org/int/dim/arcrole/dimension-default" xlink:from="loc_s2c_AO" xlink:to="loc_s2c_x0_33" />
    <link:loc xlink:type="locator" xlink:href="dim.xsd#s2c_HO" xlink:label="loc_s2c_HO" />
    <link:definitionArc xlink:type="arc" xlink:arcrole="http://xbrl.org/int/dim/arcrole/dimension-domain" xlink:from="loc_s2c_HO" xlink:to="loc_s2c_GA" xbrldt:usable="false" />
    <link:definitionArc xlink:type="arc" xlink:arcrole="http://xbrl.org/int/dim/arcrole/dimension-default" xlink:from="loc_s2c_HO" xlink:to="loc_s2c_x0_15" />
    <link:loc xlink:type="locator" xlink:href="dim.xsd#s2c_RY" xlink:label="loc_s2c_RY" />
    <link:definitionArc xlink:type="arc" xlink:arcrole="http://xbrl.org/int/dim/arcrole/dimension-domain" xlink:from="loc_s2c_RY" xlink:to="loc_s2c_GA" xbrldt:usable="false" />
    <link:definitionArc xlink:type="arc" xlink:arcrole="http://xbrl.org/int/dim/arcrole/dimension-default" xlink:from="loc_s2c_RY" xlink:to="loc_s2c_x0_15" />
    <link:loc xlink:type="locator" xlink:href="dim.xsd#s2c_CN" xlink:label="loc_s2c_CN" />
    <link:loc xlink:type="locator" xlink:href="../dom/exp.xsd#s2c_CN" xlink:label="loc_s2c_CN_1" />
    <link:definitionArc xlink:type="arc" xlink:arcrole="http://xbrl.org/int/dim/arcrole/dimension-domain" xlink:from="loc_s2c_CN" xlink:to="loc_s2c_CN_1" xbrldt:usable="false" />
    <link:loc xlink:type="locator" xlink:href="../dom/cn/mem.xsd#s2c_x0" xlink:label="loc_s2c_x0_34" />
    <link:definitionArc xlink:type="arc" xlink:arcrole="http://xbrl.org/int/dim/arcrole/dimension-default" xlink:from="loc_s2c_CN" xlink:to="loc_s2c_x0_34" />
    <link:loc xlink:type="locator" xlink:href="dim.xsd#s2c_TL" xlink:label="loc_s2c_TL" />
    <link:loc xlink:type="locator" xlink:href="../dom/exp.xsd#s2c_TL" xlink:label="loc_s2c_TL_1" />
    <link:definitionArc xlink:type="arc" xlink:arcrole="http://xbrl.org/int/dim/arcrole/dimension-domain" xlink:from="loc_s2c_TL" xlink:to="loc_s2c_TL_1" xbrldt:usable="false" />
    <link:loc xlink:type="locator" xlink:href="../dom/tl/mem.xsd#s2c_x0" xlink:label="loc_s2c_x0_35" />
    <link:definitionArc xlink:type="arc" xlink:arcrole="http://xbrl.org/int/dim/arcrole/dimension-default" xlink:from="loc_s2c_TL" xlink:to="loc_s2c_x0_35" />
    <link:loc xlink:type="locator" xlink:href="dim.xsd#s2c_SU" xlink:label="loc_s2c_SU" />
    <link:definitionArc xlink:type="arc" xlink:arcrole="http://xbrl.org/int/dim/arcrole/dimension-domain" xlink:from="loc_s2c_SU" xlink:to="loc_s2c_MC" xbrldt:usable="false" />
    <link:definitionArc xlink:type="arc" xlink:arcrole="http://xbrl.org/int/dim/arcrole/dimension-default" xlink:from="loc_s2c_SU" xlink:to="loc_s2c_x0_1" />
    <link:loc xlink:type="locator" xlink:href="dim.xsd#s2c_PN" xlink:label="loc_s2c_PN" />
    <link:definitionArc xlink:type="arc" xlink:arcrole="http://xbrl.org/int/dim/arcrole/dimension-domain" xlink:from="loc_s2c_PN" xlink:to="loc_s2c_TB" xbrldt:usable="false" />
    <link:definitionArc xlink:type="arc" xlink:arcrole="http://xbrl.org/int/dim/arcrole/dimension-default" xlink:from="loc_s2c_PN" xlink:to="loc_s2c_x0_6" />
    <link:loc xlink:type="locator" xlink:href="dim.xsd#s2c_TC" xlink:label="loc_s2c_TC" />
    <link:definitionArc xlink:type="arc" xlink:arcrole="http://xbrl.org/int/dim/arcrole/dimension-domain" xlink:from="loc_s2c_TC" xlink:to="loc_s2c_MC" xbrldt:usable="false" />
    <link:definitionArc xlink:type="arc" xlink:arcrole="http://xbrl.org/int/dim/arcrole/dimension-default" xlink:from="loc_s2c_TC" xlink:to="loc_s2c_x0_1" />
    <link:loc xlink:type="locator" xlink:href="dim.xsd#s2c_PC" xlink:label="loc_s2c_PC_1" />
    <link:definitionArc xlink:type="arc" xlink:arcrole="http://xbrl.org/int/dim/arcrole/dimension-domain" xlink:from="loc_s2c_PC_1" xlink:to="loc_s2c_CG_1" xbrldt:usable="false" />
    <link:definitionArc xlink:type="arc" xlink:arcrole="http://xbrl.org/int/dim/arcrole/dimension-default" xlink:from="loc_s2c_PC_1" xlink:to="loc_s2c_x0_9" />
    <link:loc xlink:type="locator" xlink:href="dim.xsd#s2c_TH" xlink:label="loc_s2c_TH" />
    <link:definitionArc xlink:type="arc" xlink:arcrole="http://xbrl.org/int/dim/arcrole/dimension-domain" xlink:from="loc_s2c_TH" xlink:to="loc_s2c_MC" xbrldt:usable="false" />
    <link:definitionArc xlink:type="arc" xlink:arcrole="http://xbrl.org/int/dim/arcrole/dimension-default" xlink:from="loc_s2c_TH" xlink:to="loc_s2c_x0_1" />
    <link:loc xlink:type="locator" xlink:href="dim.xsd#s2c_QS" xlink:label="loc_s2c_QS" />
    <link:definitionArc xlink:type="arc" xlink:arcrole="http://xbrl.org/int/dim/arcrole/dimension-domain" xlink:from="loc_s2c_QS" xlink:to="loc_s2c_BR" xbrldt:usable="false" />
    <link:definitionArc xlink:type="arc" xlink:arcrole="http://xbrl.org/int/dim/arcrole/dimension-default" xlink:from="loc_s2c_QS" xlink:to="loc_s2c_x0_21" />
    <link:loc xlink:type="locator" xlink:href="dim.xsd#s2c_DO" xlink:label="loc_s2c_DO" />
    <link:loc xlink:type="locator" xlink:href="../dom/exp.xsd#s2c_DO" xlink:label="loc_s2c_DO_1" />
    <link:definitionArc xlink:type="arc" xlink:arcrole="http://xbrl.org/int/dim/arcrole/dimension-domain" xlink:from="loc_s2c_DO" xlink:to="loc_s2c_DO_1" xbrldt:usable="false" />
    <link:loc xlink:type="locator" xlink:href="../dom/do/mem.xsd#s2c_x0" xlink:label="loc_s2c_x0_36" />
    <link:definitionArc xlink:type="arc" xlink:arcrole="http://xbrl.org/int/dim/arcrole/dimension-default" xlink:from="loc_s2c_DO" xlink:to="loc_s2c_x0_36" />
    <link:loc xlink:type="locator" xlink:href="dim.xsd#s2c_NC" xlink:label="loc_s2c_NC" />
    <link:loc xlink:type="locator" xlink:href="../dom/exp.xsd#s2c_NC" xlink:label="loc_s2c_NC_1" />
    <link:definitionArc xlink:type="arc" xlink:arcrole="http://xbrl.org/int/dim/arcrole/dimension-domain" xlink:from="loc_s2c_NC" xlink:to="loc_s2c_NC_1" xbrldt:usable="false" />
    <link:loc xlink:type="locator" xlink:href="../dom/nc/mem.xsd#s2c_x0" xlink:label="loc_s2c_x0_37" />
    <link:definitionArc xlink:type="arc" xlink:arcrole="http://xbrl.org/int/dim/arcrole/dimension-default" xlink:from="loc_s2c_NC" xlink:to="loc_s2c_x0_37" />
    <link:loc xlink:type="locator" xlink:href="dim.xsd#s2c_LI" xlink:label="loc_s2c_LI" />
    <link:loc xlink:type="locator" xlink:href="../dom/exp.xsd#s2c_LA" xlink:label="loc_s2c_LA_1" />
    <link:definitionArc xlink:type="arc" xlink:arcrole="http://xbrl.org/int/dim/arcrole/dimension-domain" xlink:from="loc_s2c_LI" xlink:to="loc_s2c_LA_1" xbrldt:usable="false" />
    <link:loc xlink:type="locator" xlink:href="../dom/la/mem.xsd#s2c_x0" xlink:label="loc_s2c_x0_38" />
    <link:definitionArc xlink:type="arc" xlink:arcrole="http://xbrl.org/int/dim/arcrole/dimension-default" xlink:from="loc_s2c_LI" xlink:to="loc_s2c_x0_38" />
    <link:loc xlink:type="locator" xlink:href="dim.xsd#s2c_MT" xlink:label="loc_s2c_MT" />
    <link:definitionArc xlink:type="arc" xlink:arcrole="http://xbrl.org/int/dim/arcrole/dimension-domain" xlink:from="loc_s2c_MT" xlink:to="loc_s2c_AP" xbrldt:usable="false" />
    <link:definitionArc xlink:type="arc" xlink:arcrole="http://xbrl.org/int/dim/arcrole/dimension-default" xlink:from="loc_s2c_MT" xlink:to="loc_s2c_x0_30" />
    <link:loc xlink:type="locator" xlink:href="dim.xsd#s2c_LR" xlink:label="loc_s2c_LR" />
    <link:definitionArc xlink:type="arc" xlink:arcrole="http://xbrl.org/int/dim/arcrole/dimension-domain" xlink:from="loc_s2c_LR" xlink:to="loc_s2c_GA" xbrldt:usable="false" />
    <link:definitionArc xlink:type="arc" xlink:arcrole="http://xbrl.org/int/dim/arcrole/dimension-default" xlink:from="loc_s2c_LR" xlink:to="loc_s2c_x0_15" />
    <link:loc xlink:type="locator" xlink:href="dim.xsd#s2c_TF" xlink:label="loc_s2c_TF" />
    <link:definitionArc xlink:type="arc" xlink:arcrole="http://xbrl.org/int/dim/arcrole/dimension-domain" xlink:from="loc_s2c_TF" xlink:to="loc_s2c_AP" xbrldt:usable="false" />
    <link:definitionArc xlink:type="arc" xlink:arcrole="http://xbrl.org/int/dim/arcrole/dimension-default" xlink:from="loc_s2c_TF" xlink:to="loc_s2c_x0_30" />
    <link:loc xlink:type="locator" xlink:href="dim.xsd#s2c_VV" xlink:label="loc_s2c_VV" />
    <link:definitionArc xlink:type="arc" xlink:arcrole="http://xbrl.org/int/dim/arcrole/dimension-domain" xlink:from="loc_s2c_VV" xlink:to="loc_s2c_VM_1" xbrldt:usable="false" />
    <link:definitionArc xlink:type="arc" xlink:arcrole="http://xbrl.org/int/dim/arcrole/dimension-default" xlink:from="loc_s2c_VV" xlink:to="loc_s2c_x0_3" />
    <link:loc xlink:type="locator" xlink:href="dim.xsd#s2c_UW" xlink:label="loc_s2c_UW" />
    <link:definitionArc xlink:type="arc" xlink:arcrole="http://xbrl.org/int/dim/arcrole/dimension-domain" xlink:from="loc_s2c_UW" xlink:to="loc_s2c_AP" xbrldt:usable="false" />
    <link:definitionArc xlink:type="arc" xlink:arcrole="http://xbrl.org/int/dim/arcrole/dimension-default" xlink:from="loc_s2c_UW" xlink:to="loc_s2c_x0_30" />
    <link:loc xlink:type="locator" xlink:href="dim.xsd#s2c_AE" xlink:label="loc_s2c_AE" />
    <link:definitionArc xlink:type="arc" xlink:arcrole="http://xbrl.org/int/dim/arcrole/dimension-domain" xlink:from="loc_s2c_AE" xlink:to="loc_s2c_AP" xbrldt:usable="false" />
    <link:definitionArc xlink:type="arc" xlink:arcrole="http://xbrl.org/int/dim/arcrole/dimension-default" xlink:from="loc_s2c_AE" xlink:to="loc_s2c_x0_30" />
    <link:loc xlink:type="locator" xlink:href="dim.xsd#s2c_UD" xlink:label="loc_s2c_UD" />
    <link:definitionArc xlink:type="arc" xlink:arcrole="http://xbrl.org/int/dim/arcrole/dimension-domain" xlink:from="loc_s2c_UD" xlink:to="loc_s2c_AP" xbrldt:usable="false" />
    <link:definitionArc xlink:type="arc" xlink:arcrole="http://xbrl.org/int/dim/arcrole/dimension-default" xlink:from="loc_s2c_UD" xlink:to="loc_s2c_x0_30" />
    <link:loc xlink:type="locator" xlink:href="dim.xsd#s2c_VI" xlink:label="loc_s2c_VI" />
    <link:definitionArc xlink:type="arc" xlink:arcrole="http://xbrl.org/int/dim/arcrole/dimension-domain" xlink:from="loc_s2c_VI" xlink:to="loc_s2c_VM_1" xbrldt:usable="false" />
    <link:definitionArc xlink:type="arc" xlink:arcrole="http://xbrl.org/int/dim/arcrole/dimension-default" xlink:from="loc_s2c_VI" xlink:to="loc_s2c_x0_3" />
    <link:loc xlink:type="locator" xlink:href="dim.xsd#s2c_TM" xlink:label="loc_s2c_TM" />
    <link:definitionArc xlink:type="arc" xlink:arcrole="http://xbrl.org/int/dim/arcrole/dimension-domain" xlink:from="loc_s2c_TM" xlink:to="loc_s2c_TB" xbrldt:usable="false" />
    <link:definitionArc xlink:type="arc" xlink:arcrole="http://xbrl.org/int/dim/arcrole/dimension-default" xlink:from="loc_s2c_TM" xlink:to="loc_s2c_x0_6" />
    <link:loc xlink:type="locator" xlink:href="dim.xsd#s2c_LN" xlink:label="loc_s2c_LN" />
    <link:definitionArc xlink:type="arc" xlink:arcrole="http://xbrl.org/int/dim/arcrole/dimension-domain" xlink:from="loc_s2c_LN" xlink:to="loc_s2c_SE" xbrldt:usable="false" />
    <link:definitionArc xlink:type="arc" xlink:arcrole="http://xbrl.org/int/dim/arcrole/dimension-default" xlink:from="loc_s2c_LN" xlink:to="loc_s2c_x0_8" />
    <link:loc xlink:type="locator" xlink:href="dim.xsd#s2c_VB" xlink:label="loc_s2c_VB" />
    <link:definitionArc xlink:type="arc" xlink:arcrole="http://xbrl.org/int/dim/arcrole/dimension-domain" xlink:from="loc_s2c_VB" xlink:to="loc_s2c_VM_1" xbrldt:usable="false" />
    <link:definitionArc xlink:type="arc" xlink:arcrole="http://xbrl.org/int/dim/arcrole/dimension-default" xlink:from="loc_s2c_VB" xlink:to="loc_s2c_x0_3" />
    <link:loc xlink:type="locator" xlink:href="dim.xsd#s2c_TK" xlink:label="loc_s2c_TK" />
    <link:loc xlink:type="locator" xlink:href="../dom/exp.xsd#s2c_TF" xlink:label="loc_s2c_TF_1" />
    <link:definitionArc xlink:type="arc" xlink:arcrole="http://xbrl.org/int/dim/arcrole/dimension-domain" xlink:from="loc_s2c_TK" xlink:to="loc_s2c_TF_1" xbrldt:usable="false" />
    <link:loc xlink:type="locator" xlink:href="../dom/tf/mem.xsd#s2c_x0" xlink:label="loc_s2c_x0_39" />
    <link:definitionArc xlink:type="arc" xlink:arcrole="http://xbrl.org/int/dim/arcrole/dimension-default" xlink:from="loc_s2c_TK" xlink:to="loc_s2c_x0_39" />
    <link:loc xlink:type="locator" xlink:href="dim.xsd#s2c_FM" xlink:label="loc_s2c_FM" />
    <link:definitionArc xlink:type="arc" xlink:arcrole="http://xbrl.org/int/dim/arcrole/dimension-domain" xlink:from="loc_s2c_FM" xlink:to="loc_s2c_AP" xbrldt:usable="false" />
    <link:definitionArc xlink:type="arc" xlink:arcrole="http://xbrl.org/int/dim/arcrole/dimension-default" xlink:from="loc_s2c_FM" xlink:to="loc_s2c_x0_30" />
    <link:loc xlink:type="locator" xlink:href="dim.xsd#s2c_LE" xlink:label="loc_s2c_LE" />
    <link:definitionArc xlink:type="arc" xlink:arcrole="http://xbrl.org/int/dim/arcrole/dimension-domain" xlink:from="loc_s2c_LE" xlink:to="loc_s2c_TB" xbrldt:usable="false" />
    <link:definitionArc xlink:type="arc" xlink:arcrole="http://xbrl.org/int/dim/arcrole/dimension-default" xlink:from="loc_s2c_LE" xlink:to="loc_s2c_x0_6" />
    <link:loc xlink:type="locator" xlink:href="dim.xsd#s2c_TO" xlink:label="loc_s2c_TO" />
    <link:definitionArc xlink:type="arc" xlink:arcrole="http://xbrl.org/int/dim/arcrole/dimension-domain" xlink:from="loc_s2c_TO" xlink:to="loc_s2c_LB_1" xbrldt:usable="false" />
    <link:definitionArc xlink:type="arc" xlink:arcrole="http://xbrl.org/int/dim/arcrole/dimension-default" xlink:from="loc_s2c_TO" xlink:to="loc_s2c_x0_10" />
    <link:loc xlink:type="locator" xlink:href="dim.xsd#s2c_UH" xlink:label="loc_s2c_UH" />
    <link:definitionArc xlink:type="arc" xlink:arcrole="http://xbrl.org/int/dim/arcrole/dimension-domain" xlink:from="loc_s2c_UH" xlink:to="loc_s2c_RT" xbrldt:usable="false" />
    <link:definitionArc xlink:type="arc" xlink:arcrole="http://xbrl.org/int/dim/arcrole/dimension-default" xlink:from="loc_s2c_UH" xlink:to="loc_s2c_x0_26" />
    <link:loc xlink:type="locator" xlink:href="dim.xsd#s2c_AT" xlink:label="loc_s2c_AT" />
    <link:definitionArc xlink:type="arc" xlink:arcrole="http://xbrl.org/int/dim/arcrole/dimension-domain" xlink:from="loc_s2c_AT" xlink:to="loc_s2c_AO_1" xbrldt:usable="false" />
    <link:definitionArc xlink:type="arc" xlink:arcrole="http://xbrl.org/int/dim/arcrole/dimension-default" xlink:from="loc_s2c_AT" xlink:to="loc_s2c_x0_33" />
    <link:loc xlink:type="locator" xlink:href="dim.xsd#s2c_EN" xlink:label="loc_s2c_EN" />
    <link:definitionArc xlink:type="arc" xlink:arcrole="http://xbrl.org/int/dim/arcrole/dimension-domain" xlink:from="loc_s2c_EN" xlink:to="loc_s2c_CG_1" xbrldt:usable="false" />
    <link:definitionArc xlink:type="arc" xlink:arcrole="http://xbrl.org/int/dim/arcrole/dimension-default" xlink:from="loc_s2c_EN" xlink:to="loc_s2c_x0_9" />
    <link:loc xlink:type="locator" xlink:href="dim.xsd#s2c_LG" xlink:label="loc_s2c_LG" />
    <link:definitionArc xlink:type="arc" xlink:arcrole="http://xbrl.org/int/dim/arcrole/dimension-domain" xlink:from="loc_s2c_LG" xlink:to="loc_s2c_GA" xbrldt:usable="false" />
    <link:definitionArc xlink:type="arc" xlink:arcrole="http://xbrl.org/int/dim/arcrole/dimension-default" xlink:from="loc_s2c_LG" xlink:to="loc_s2c_x0_15" />
    <link:loc xlink:type="locator" xlink:href="dim.xsd#s2c_IA" xlink:label="loc_s2c_IA" />
    <link:definitionArc xlink:type="arc" xlink:arcrole="http://xbrl.org/int/dim/arcrole/dimension-domain" xlink:from="loc_s2c_IA" xlink:to="loc_s2c_AP" xbrldt:usable="false" />
    <link:definitionArc xlink:type="arc" xlink:arcrole="http://xbrl.org/int/dim/arcrole/dimension-default" xlink:from="loc_s2c_IA" xlink:to="loc_s2c_x0_30" />
    <link:loc xlink:type="locator" xlink:href="dim.xsd#s2c_FR" xlink:label="loc_s2c_FR" />
    <link:definitionArc xlink:type="arc" xlink:arcrole="http://xbrl.org/int/dim/arcrole/dimension-domain" xlink:from="loc_s2c_FR" xlink:to="loc_s2c_AP" xbrldt:usable="false" />
    <link:definitionArc xlink:type="arc" xlink:arcrole="http://xbrl.org/int/dim/arcrole/dimension-default" xlink:from="loc_s2c_FR" xlink:to="loc_s2c_x0_30" />
    <link:loc xlink:type="locator" xlink:href="dim.xsd#s2c_CM" xlink:label="loc_s2c_CM_1" />
    <link:definitionArc xlink:type="arc" xlink:arcrole="http://xbrl.org/int/dim/arcrole/dimension-domain" xlink:from="loc_s2c_CM_1" xlink:to="loc_s2c_CS" xbrldt:usable="false" />
    <link:definitionArc xlink:type="arc" xlink:arcrole="http://xbrl.org/int/dim/arcrole/dimension-default" xlink:from="loc_s2c_CM_1" xlink:to="loc_s2c_x0_12" />
    <link:loc xlink:type="locator" xlink:href="dim.xsd#s2c_AF" xlink:label="loc_s2c_AF" />
    <link:loc xlink:type="locator" xlink:href="../dom/exp.xsd#s2c_CA" xlink:label="loc_s2c_CA" />
    <link:definitionArc xlink:type="arc" xlink:arcrole="http://xbrl.org/int/dim/arcrole/dimension-domain" xlink:from="loc_s2c_AF" xlink:to="loc_s2c_CA" xbrldt:usable="false" />
    <link:loc xlink:type="locator" xlink:href="../dom/ca/mem.xsd#s2c_x0" xlink:label="loc_s2c_x0_40" />
    <link:definitionArc xlink:type="arc" xlink:arcrole="http://xbrl.org/int/dim/arcrole/dimension-default" xlink:from="loc_s2c_AF" xlink:to="loc_s2c_x0_40" />
    <link:loc xlink:type="locator" xlink:href="dim.xsd#s2c_ET" xlink:label="loc_s2c_ET" />
    <link:definitionArc xlink:type="arc" xlink:arcrole="http://xbrl.org/int/dim/arcrole/dimension-domain" xlink:from="loc_s2c_ET" xlink:to="loc_s2c_EX_1" xbrldt:usable="false" />
    <link:definitionArc xlink:type="arc" xlink:arcrole="http://xbrl.org/int/dim/arcrole/dimension-default" xlink:from="loc_s2c_ET" xlink:to="loc_s2c_x0_29" />
    <link:loc xlink:type="locator" xlink:href="dim.xsd#s2c_LH" xlink:label="loc_s2c_LH" />
    <link:definitionArc xlink:type="arc" xlink:arcrole="http://xbrl.org/int/dim/arcrole/dimension-domain" xlink:from="loc_s2c_LH" xlink:to="loc_s2c_VM_1" xbrldt:usable="false" />
    <link:definitionArc xlink:type="arc" xlink:arcrole="http://xbrl.org/int/dim/arcrole/dimension-default" xlink:from="loc_s2c_LH" xlink:to="loc_s2c_x0_3" />
    <link:loc xlink:type="locator" xlink:href="dim.xsd#s2c_TW" xlink:label="loc_s2c_TW" />
    <link:definitionArc xlink:type="arc" xlink:arcrole="http://xbrl.org/int/dim/arcrole/dimension-domain" xlink:from="loc_s2c_TW" xlink:to="loc_s2c_MC" xbrldt:usable="false" />
    <link:definitionArc xlink:type="arc" xlink:arcrole="http://xbrl.org/int/dim/arcrole/dimension-default" xlink:from="loc_s2c_TW" xlink:to="loc_s2c_x0_1" />
    <link:loc xlink:type="locator" xlink:href="dim.xsd#s2c_PE" xlink:label="loc_s2c_PE" />
    <link:definitionArc xlink:type="arc" xlink:arcrole="http://xbrl.org/int/dim/arcrole/dimension-domain" xlink:from="loc_s2c_PE" xlink:to="loc_s2c_LB_1" xbrldt:usable="false" />
    <link:definitionArc xlink:type="arc" xlink:arcrole="http://xbrl.org/int/dim/arcrole/dimension-default" xlink:from="loc_s2c_PE" xlink:to="loc_s2c_x0_10" />
    <link:loc xlink:type="locator" xlink:href="dim.xsd#s2c_BA" xlink:label="loc_s2c_BA" />
    <link:definitionArc xlink:type="arc" xlink:arcrole="http://xbrl.org/int/dim/arcrole/dimension-domain" xlink:from="loc_s2c_BA" xlink:to="loc_s2c_BR" xbrldt:usable="false" />
    <link:definitionArc xlink:type="arc" xlink:arcrole="http://xbrl.org/int/dim/arcrole/dimension-default" xlink:from="loc_s2c_BA" xlink:to="loc_s2c_x0_21" />
    <link:loc xlink:type="locator" xlink:href="dim.xsd#s2c_UA" xlink:label="loc_s2c_UA" />
    <link:definitionArc xlink:type="arc" xlink:arcrole="http://xbrl.org/int/dim/arcrole/dimension-domain" xlink:from="loc_s2c_UA" xlink:to="loc_s2c_MC" xbrldt:usable="false" />
    <link:definitionArc xlink:type="arc" xlink:arcrole="http://xbrl.org/int/dim/arcrole/dimension-default" xlink:from="loc_s2c_UA" xlink:to="loc_s2c_x0_1" />
    <link:loc xlink:type="locator" xlink:href="dim.xsd#s2c_OM" xlink:label="loc_s2c_OM" />
    <link:definitionArc xlink:type="arc" xlink:arcrole="http://xbrl.org/int/dim/arcrole/dimension-domain" xlink:from="loc_s2c_OM" xlink:to="loc_s2c_TI" xbrldt:usable="false" />
    <link:definitionArc xlink:type="arc" xlink:arcrole="http://xbrl.org/int/dim/arcrole/dimension-default" xlink:from="loc_s2c_OM" xlink:to="loc_s2c_x0_25" />
    <link:loc xlink:type="locator" xlink:href="dim.xsd#s2c_DZ" xlink:label="loc_s2c_DZ" />
    <link:definitionArc xlink:type="arc" xlink:arcrole="http://xbrl.org/int/dim/arcrole/dimension-domain" xlink:from="loc_s2c_DZ" xlink:to="loc_s2c_GA" xbrldt:usable="false" />
    <link:definitionArc xlink:type="arc" xlink:arcrole="http://xbrl.org/int/dim/arcrole/dimension-default" xlink:from="loc_s2c_DZ" xlink:to="loc_s2c_x0_15" />
    <link:loc xlink:type="locator" xlink:href="dim.xsd#s2c_XX" xlink:label="loc_s2c_XX" />
    <link:definitionArc xlink:type="arc" xlink:arcrole="http://xbrl.org/int/dim/arcrole/dimension-domain" xlink:from="loc_s2c_XX" xlink:to="loc_s2c_AP" xbrldt:usable="false" />
    <link:definitionArc xlink:type="arc" xlink:arcrole="http://xbrl.org/int/dim/arcrole/dimension-default" xlink:from="loc_s2c_XX" xlink:to="loc_s2c_x0_30" />
  </link:definitionLink>
</link:linkbase>