<?xml version="1.0" encoding="UTF-8"?>
<!--(C) EIOPA - XBRL Taxonomy-->
<?officialURI http://eiopa.europa.eu/eu/xbrl/s2c/dict/dom/dc/mem-lab-en.xml?>
<?taxonomy-version 2.4.0?>
<?taxonomy-date 2019-07-15?>
<link:linkbase xmlns:xsi="http://www.w3.org/2001/XMLSchema-instance" xmlns:xlink="http://www.w3.org/1999/xlink" xmlns:link="http://www.xbrl.org/2003/linkbase" xsi:schemaLocation="http://www.xbrl.org/2003/linkbase http://www.xbrl.org/2003/xbrl-linkbase-2003-12-31.xsd">
  <link:labelLink xlink:type="extended" xlink:role="http://www.xbrl.org/2003/role/link">
    <link:loc xlink:type="locator" xlink:href="mem.xsd#s2c_x0" xlink:label="loc_s2c_x0" />
    <link:label xlink:type="resource" xlink:label="label_s2c_x0" xml:lang="en" xlink:role="http://www.xbrl.org/2003/role/label">NA</link:label>
    <link:labelArc xlink:type="arc" xlink:arcrole="http://www.xbrl.org/2003/arcrole/concept-label" xlink:from="loc_s2c_x0" xlink:to="label_s2c_x0" />
    <link:loc xlink:type="locator" xlink:href="mem.xsd#s2c_x1" xlink:label="loc_s2c_x1" />
    <link:label xlink:type="resource" xlink:label="label_s2c_x1" xml:lang="en" xlink:role="http://www.xbrl.org/2003/role/label">Age of beneficiaries [years]</link:label>
    <link:labelArc xlink:type="arc" xlink:arcrole="http://www.xbrl.org/2003/arcrole/concept-label" xlink:from="loc_s2c_x1" xlink:to="label_s2c_x1" />
    <link:loc xlink:type="locator" xlink:href="mem.xsd#s2c_x2" xlink:label="loc_s2c_x2" />
    <link:label xlink:type="resource" xlink:label="label_s2c_x2" xml:lang="en" xlink:role="http://www.xbrl.org/2003/role/label">Delta</link:label>
    <link:labelArc xlink:type="arc" xlink:arcrole="http://www.xbrl.org/2003/arcrole/concept-label" xlink:from="loc_s2c_x2" xlink:to="label_s2c_x2" />
    <link:loc xlink:type="locator" xlink:href="mem.xsd#s2c_x3" xlink:label="loc_s2c_x3" />
    <link:label xlink:type="resource" xlink:label="label_s2c_x3" xml:lang="en" xlink:role="http://www.xbrl.org/2003/role/label">Quantity</link:label>
    <link:labelArc xlink:type="arc" xlink:arcrole="http://www.xbrl.org/2003/arcrole/concept-label" xlink:from="loc_s2c_x3" xlink:to="label_s2c_x3" />
    <link:loc xlink:type="locator" xlink:href="mem.xsd#s2c_x4" xlink:label="loc_s2c_x4" />
    <link:label xlink:type="resource" xlink:label="label_s2c_x4" xml:lang="en" xlink:role="http://www.xbrl.org/2003/role/label">Residual modified duration</link:label>
    <link:labelArc xlink:type="arc" xlink:arcrole="http://www.xbrl.org/2003/arcrole/concept-label" xlink:from="loc_s2c_x4" xlink:to="label_s2c_x4" />
    <link:loc xlink:type="locator" xlink:href="mem.xsd#s2c_x5" xlink:label="loc_s2c_x5" />
    <link:label xlink:type="resource" xlink:label="label_s2c_x5" xml:lang="en" xlink:role="http://www.xbrl.org/2003/role/label">Residual modified duration of liabilities</link:label>
    <link:labelArc xlink:type="arc" xlink:arcrole="http://www.xbrl.org/2003/arcrole/concept-label" xlink:from="loc_s2c_x5" xlink:to="label_s2c_x5" />
    <link:loc xlink:type="locator" xlink:href="mem.xsd#s2c_x6" xlink:label="loc_s2c_x6" />
    <link:label xlink:type="resource" xlink:label="label_s2c_x6" xml:lang="en" xlink:role="http://www.xbrl.org/2003/role/label">Residual modified duration of obligations</link:label>
    <link:labelArc xlink:type="arc" xlink:arcrole="http://www.xbrl.org/2003/arcrole/concept-label" xlink:from="loc_s2c_x6" xlink:to="label_s2c_x6" />
    <link:loc xlink:type="locator" xlink:href="mem.xsd#s2c_x7" xlink:label="loc_s2c_x7" />
    <link:label xlink:type="resource" xlink:label="label_s2c_x7" xml:lang="en" xlink:role="http://www.xbrl.org/2003/role/label">Years</link:label>
    <link:labelArc xlink:type="arc" xlink:arcrole="http://www.xbrl.org/2003/arcrole/concept-label" xlink:from="loc_s2c_x7" xlink:to="label_s2c_x7" />
    <link:loc xlink:type="locator" xlink:href="mem.xsd#s2c_x8" xlink:label="loc_s2c_x8" />
    <link:label xlink:type="resource" xlink:label="label_s2c_x8" xml:lang="en" xlink:role="http://www.xbrl.org/2003/role/label">Run off period</link:label>
    <link:labelArc xlink:type="arc" xlink:arcrole="http://www.xbrl.org/2003/arcrole/concept-label" xlink:from="loc_s2c_x8" xlink:to="label_s2c_x8" />
    <link:loc xlink:type="locator" xlink:href="mem.xsd#s2c_x9" xlink:label="loc_s2c_x9" />
    <link:label xlink:type="resource" xlink:label="label_s2c_x9" xml:lang="en" xlink:role="http://www.xbrl.org/2003/role/label">Modified duration</link:label>
    <link:labelArc xlink:type="arc" xlink:arcrole="http://www.xbrl.org/2003/arcrole/concept-label" xlink:from="loc_s2c_x9" xlink:to="label_s2c_x9" />
    <link:loc xlink:type="locator" xlink:href="mem.xsd#s2c_x10" xlink:label="loc_s2c_x10" />
    <link:label xlink:type="resource" xlink:label="label_s2c_x10" xml:lang="en" xlink:role="http://www.xbrl.org/2003/role/label">Macaulay duration [months]</link:label>
    <link:labelArc xlink:type="arc" xlink:arcrole="http://www.xbrl.org/2003/arcrole/concept-label" xlink:from="loc_s2c_x10" xlink:to="label_s2c_x10" />
    <link:loc xlink:type="locator" xlink:href="mem.xsd#s2c_x11" xlink:label="loc_s2c_x11" />
    <link:label xlink:type="resource" xlink:label="label_s2c_x11" xml:lang="en" xlink:role="http://www.xbrl.org/2003/role/label">Macaulay duration [years]</link:label>
    <link:labelArc xlink:type="arc" xlink:arcrole="http://www.xbrl.org/2003/arcrole/concept-label" xlink:from="loc_s2c_x11" xlink:to="label_s2c_x11" />
    <link:loc xlink:type="locator" xlink:href="mem.xsd#s2c_x12" xlink:label="loc_s2c_x12" />
    <link:label xlink:type="resource" xlink:label="label_s2c_x12" xml:lang="en" xlink:role="http://www.xbrl.org/2003/role/label">Macaulay duration of the insurance and reinsurance obligations [years]</link:label>
    <link:labelArc xlink:type="arc" xlink:arcrole="http://www.xbrl.org/2003/arcrole/concept-label" xlink:from="loc_s2c_x12" xlink:to="label_s2c_x12" />
    <link:loc xlink:type="locator" xlink:href="mem.xsd#s2c_x5000" xlink:label="loc_s2c_x5000" />
    <link:label xlink:type="resource" xlink:label="label_s2c_x5000" xml:lang="en" xlink:role="http://www.xbrl.org/2003/role/label">Concentration ratio 3</link:label>
    <link:labelArc xlink:type="arc" xlink:arcrole="http://www.xbrl.org/2003/arcrole/concept-label" xlink:from="loc_s2c_x5000" xlink:to="label_s2c_x5000" />
    <link:loc xlink:type="locator" xlink:href="mem.xsd#s2c_x5001" xlink:label="loc_s2c_x5001" />
    <link:label xlink:type="resource" xlink:label="label_s2c_x5001" xml:lang="en" xlink:role="http://www.xbrl.org/2003/role/label">Concentration ratio 5</link:label>
    <link:labelArc xlink:type="arc" xlink:arcrole="http://www.xbrl.org/2003/arcrole/concept-label" xlink:from="loc_s2c_x5001" xlink:to="label_s2c_x5001" />
    <link:loc xlink:type="locator" xlink:href="mem.xsd#s2c_x5002" xlink:label="loc_s2c_x5002" />
    <link:label xlink:type="resource" xlink:label="label_s2c_x5002" xml:lang="en" xlink:role="http://www.xbrl.org/2003/role/label">Concentration ratio 10</link:label>
    <link:labelArc xlink:type="arc" xlink:arcrole="http://www.xbrl.org/2003/arcrole/concept-label" xlink:from="loc_s2c_x5002" xlink:to="label_s2c_x5002" />
    <link:loc xlink:type="locator" xlink:href="mem.xsd#s2c_x5003" xlink:label="loc_s2c_x5003" />
    <link:label xlink:type="resource" xlink:label="label_s2c_x5003" xml:lang="en" xlink:role="http://www.xbrl.org/2003/role/label">Discount rate</link:label>
    <link:labelArc xlink:type="arc" xlink:arcrole="http://www.xbrl.org/2003/arcrole/concept-label" xlink:from="loc_s2c_x5003" xlink:to="label_s2c_x5003" />
    <link:loc xlink:type="locator" xlink:href="mem.xsd#s2c_x6000" xlink:label="loc_s2c_x6000" />
    <link:label xlink:type="resource" xlink:label="label_s2c_x6000" xml:lang="en" xlink:role="http://www.xbrl.org/2003/role/label">Split factor</link:label>
    <link:labelArc xlink:type="arc" xlink:arcrole="http://www.xbrl.org/2003/arcrole/concept-label" xlink:from="loc_s2c_x6000" xlink:to="label_s2c_x6000" />
  </link:labelLink>
</link:linkbase>