<?xml version="1.0" encoding="UTF-8"?>
<!--(C) EIOPA - XBRL Taxonomy-->
<?officialURI http://eiopa.europa.eu/eu/xbrl/s2c/dict/dom/mc/hier-lab-en.xml?>
<?taxonomy-version 2.4.0?>
<?taxonomy-date 2019-07-15?>
<link:linkbase xmlns:xsi="http://www.w3.org/2001/XMLSchema-instance" xmlns:xlink="http://www.w3.org/1999/xlink" xmlns:link="http://www.xbrl.org/2003/linkbase" xmlns:gen="http://xbrl.org/2008/generic" xmlns:label="http://xbrl.org/2008/label" xsi:schemaLocation="http://www.xbrl.org/2003/linkbase http://www.xbrl.org/2003/xbrl-linkbase-2003-12-31.xsd http://xbrl.org/2008/generic http://www.xbrl.org/2008/generic-link.xsd http://xbrl.org/2008/label http://www.xbrl.org/2008/generic-label.xsd">
  <link:arcroleRef arcroleURI="http://xbrl.org/arcrole/2008/element-label" xlink:type="simple" xlink:href="http://www.xbrl.org/2008/generic-label.xsd#element-label" />
  <link:roleRef roleURI="http://www.xbrl.org/2008/role/label" xlink:type="simple" xlink:href="http://www.xbrl.org/2008/generic-label.xsd#standard-label" />
  <link:roleRef roleURI="http://www.xbrl.org/2008/role/verboseLabel" xlink:type="simple" xlink:href="http://www.xbrl.org/2008/generic-label.xsd#verbose-label" />
  <gen:link xlink:type="extended" xlink:role="http://www.xbrl.org/2003/role/link">
    <link:loc xlink:type="locator" xlink:href="hier.xsd#s2c_1" xlink:label="loc_s2c_MC_1." />
    <label:label xlink:type="resource" xlink:label="label_s2c_MC_1." xml:lang="en" xlink:role="http://www.xbrl.org/2008/role/label">Type of assets and/or liabilities</label:label>
    <gen:arc xlink:type="arc" xlink:arcrole="http://xbrl.org/arcrole/2008/element-label" xlink:from="loc_s2c_MC_1." xlink:to="label_s2c_MC_1." />
    <label:label xlink:type="resource" xlink:label="label_s2c_MC_1._1" xml:lang="en" xlink:role="http://www.xbrl.org/2008/role/verboseLabel">AL</label:label>
    <gen:arc xlink:type="arc" xlink:arcrole="http://xbrl.org/arcrole/2008/element-label" xlink:from="loc_s2c_MC_1." xlink:to="label_s2c_MC_1._1" />
    <link:loc xlink:type="locator" xlink:href="hier.xsd#s2c_2" xlink:label="loc_s2c_MC_2." />
    <label:label xlink:type="resource" xlink:label="label_s2c_MC_2." xml:lang="en" xlink:role="http://www.xbrl.org/2008/role/label">Type of transaction</label:label>
    <gen:arc xlink:type="arc" xlink:arcrole="http://xbrl.org/arcrole/2008/element-label" xlink:from="loc_s2c_MC_2." xlink:to="label_s2c_MC_2." />
    <label:label xlink:type="resource" xlink:label="label_s2c_MC_2._1" xml:lang="en" xlink:role="http://www.xbrl.org/2008/role/verboseLabel">TT</label:label>
    <gen:arc xlink:type="arc" xlink:arcrole="http://xbrl.org/arcrole/2008/element-label" xlink:from="loc_s2c_MC_2." xlink:to="label_s2c_MC_2._1" />
    <link:loc xlink:type="locator" xlink:href="hier.xsd#s2c_3" xlink:label="loc_s2c_MC_3." />
    <label:label xlink:type="resource" xlink:label="label_s2c_MC_3." xml:lang="en" xlink:role="http://www.xbrl.org/2008/role/label">Type of transaction</label:label>
    <gen:arc xlink:type="arc" xlink:arcrole="http://xbrl.org/arcrole/2008/element-label" xlink:from="loc_s2c_MC_3." xlink:to="label_s2c_MC_3." />
    <label:label xlink:type="resource" xlink:label="label_s2c_MC_3._1" xml:lang="en" xlink:role="http://www.xbrl.org/2008/role/verboseLabel">AL, TT</label:label>
    <gen:arc xlink:type="arc" xlink:arcrole="http://xbrl.org/arcrole/2008/element-label" xlink:from="loc_s2c_MC_3." xlink:to="label_s2c_MC_3._1" />
    <link:loc xlink:type="locator" xlink:href="hier.xsd#s2c_4" xlink:label="loc_s2c_MC_4." />
    <label:label xlink:type="resource" xlink:label="label_s2c_MC_4." xml:lang="en" xlink:role="http://www.xbrl.org/2008/role/label">Types of guarantees received [on- and off-balance]</label:label>
    <gen:arc xlink:type="arc" xlink:arcrole="http://xbrl.org/arcrole/2008/element-label" xlink:from="loc_s2c_MC_4." xlink:to="label_s2c_MC_4." />
    <label:label xlink:type="resource" xlink:label="label_s2c_MC_4._1" xml:lang="en" xlink:role="http://www.xbrl.org/2008/role/verboseLabel">GR</label:label>
    <gen:arc xlink:type="arc" xlink:arcrole="http://xbrl.org/arcrole/2008/element-label" xlink:from="loc_s2c_MC_4." xlink:to="label_s2c_MC_4._1" />
    <link:loc xlink:type="locator" xlink:href="hier.xsd#s2c_5" xlink:label="loc_s2c_MC_5." />
    <label:label xlink:type="resource" xlink:label="label_s2c_MC_5." xml:lang="en" xlink:role="http://www.xbrl.org/2008/role/label">Type of assets</label:label>
    <gen:arc xlink:type="arc" xlink:arcrole="http://xbrl.org/arcrole/2008/element-label" xlink:from="loc_s2c_MC_5." xlink:to="label_s2c_MC_5." />
    <label:label xlink:type="resource" xlink:label="label_s2c_MC_5._1" xml:lang="en" xlink:role="http://www.xbrl.org/2008/role/verboseLabel">AS</label:label>
    <gen:arc xlink:type="arc" xlink:arcrole="http://xbrl.org/arcrole/2008/element-label" xlink:from="loc_s2c_MC_5." xlink:to="label_s2c_MC_5._1" />
    <link:loc xlink:type="locator" xlink:href="hier.xsd#s2c_6" xlink:label="loc_s2c_MC_6." />
    <label:label xlink:type="resource" xlink:label="label_s2c_MC_6." xml:lang="en" xlink:role="http://www.xbrl.org/2008/role/label">Type of assets</label:label>
    <gen:arc xlink:type="arc" xlink:arcrole="http://xbrl.org/arcrole/2008/element-label" xlink:from="loc_s2c_MC_6." xlink:to="label_s2c_MC_6." />
    <label:label xlink:type="resource" xlink:label="label_s2c_MC_6._1" xml:lang="en" xlink:role="http://www.xbrl.org/2008/role/verboseLabel">AS</label:label>
    <gen:arc xlink:type="arc" xlink:arcrole="http://xbrl.org/arcrole/2008/element-label" xlink:from="loc_s2c_MC_6." xlink:to="label_s2c_MC_6._1" />
    <link:loc xlink:type="locator" xlink:href="hier.xsd#s2c_7" xlink:label="loc_s2c_MC_7." />
    <label:label xlink:type="resource" xlink:label="label_s2c_MC_7." xml:lang="en" xlink:role="http://www.xbrl.org/2008/role/label">Type of assets</label:label>
    <gen:arc xlink:type="arc" xlink:arcrole="http://xbrl.org/arcrole/2008/element-label" xlink:from="loc_s2c_MC_7." xlink:to="label_s2c_MC_7." />
    <label:label xlink:type="resource" xlink:label="label_s2c_MC_7._1" xml:lang="en" xlink:role="http://www.xbrl.org/2008/role/verboseLabel">AS</label:label>
    <gen:arc xlink:type="arc" xlink:arcrole="http://xbrl.org/arcrole/2008/element-label" xlink:from="loc_s2c_MC_7." xlink:to="label_s2c_MC_7._1" />
    <link:loc xlink:type="locator" xlink:href="hier.xsd#s2c_8" xlink:label="loc_s2c_MC_8." />
    <label:label xlink:type="resource" xlink:label="label_s2c_MC_8." xml:lang="en" xlink:role="http://www.xbrl.org/2008/role/label">Type of liabilities</label:label>
    <gen:arc xlink:type="arc" xlink:arcrole="http://xbrl.org/arcrole/2008/element-label" xlink:from="loc_s2c_MC_8." xlink:to="label_s2c_MC_8." />
    <label:label xlink:type="resource" xlink:label="label_s2c_MC_8._1" xml:lang="en" xlink:role="http://www.xbrl.org/2008/role/verboseLabel">AL, LB</label:label>
    <gen:arc xlink:type="arc" xlink:arcrole="http://xbrl.org/arcrole/2008/element-label" xlink:from="loc_s2c_MC_8." xlink:to="label_s2c_MC_8._1" />
    <link:loc xlink:type="locator" xlink:href="hier.xsd#s2c_9" xlink:label="loc_s2c_MC_9." />
    <label:label xlink:type="resource" xlink:label="label_s2c_MC_9." xml:lang="en" xlink:role="http://www.xbrl.org/2008/role/label">Type of liabilities</label:label>
    <gen:arc xlink:type="arc" xlink:arcrole="http://xbrl.org/arcrole/2008/element-label" xlink:from="loc_s2c_MC_9." xlink:to="label_s2c_MC_9." />
    <label:label xlink:type="resource" xlink:label="label_s2c_MC_9._1" xml:lang="en" xlink:role="http://www.xbrl.org/2008/role/verboseLabel">LB</label:label>
    <gen:arc xlink:type="arc" xlink:arcrole="http://xbrl.org/arcrole/2008/element-label" xlink:from="loc_s2c_MC_9." xlink:to="label_s2c_MC_9._1" />
    <link:loc xlink:type="locator" xlink:href="hier.xsd#s2c_10" xlink:label="loc_s2c_MC_10." />
    <label:label xlink:type="resource" xlink:label="label_s2c_MC_10." xml:lang="en" xlink:role="http://www.xbrl.org/2008/role/label">Type of liabilities</label:label>
    <gen:arc xlink:type="arc" xlink:arcrole="http://xbrl.org/arcrole/2008/element-label" xlink:from="loc_s2c_MC_10." xlink:to="label_s2c_MC_10." />
    <label:label xlink:type="resource" xlink:label="label_s2c_MC_10._1" xml:lang="en" xlink:role="http://www.xbrl.org/2008/role/verboseLabel">LB</label:label>
    <gen:arc xlink:type="arc" xlink:arcrole="http://xbrl.org/arcrole/2008/element-label" xlink:from="loc_s2c_MC_10." xlink:to="label_s2c_MC_10._1" />
    <link:loc xlink:type="locator" xlink:href="hier.xsd#s2c_11" xlink:label="loc_s2c_MC_11." />
    <label:label xlink:type="resource" xlink:label="label_s2c_MC_11." xml:lang="en" xlink:role="http://www.xbrl.org/2008/role/label">Type of off balance sheet concepts</label:label>
    <gen:arc xlink:type="arc" xlink:arcrole="http://xbrl.org/arcrole/2008/element-label" xlink:from="loc_s2c_MC_11." xlink:to="label_s2c_MC_11." />
    <label:label xlink:type="resource" xlink:label="label_s2c_MC_11._1" xml:lang="en" xlink:role="http://www.xbrl.org/2008/role/verboseLabel">OB</label:label>
    <gen:arc xlink:type="arc" xlink:arcrole="http://xbrl.org/arcrole/2008/element-label" xlink:from="loc_s2c_MC_11." xlink:to="label_s2c_MC_11._1" />
    <link:loc xlink:type="locator" xlink:href="hier.xsd#s2c_12" xlink:label="loc_s2c_MC_12." />
    <label:label xlink:type="resource" xlink:label="label_s2c_MC_12." xml:lang="en" xlink:role="http://www.xbrl.org/2008/role/label">Long or short positions</label:label>
    <gen:arc xlink:type="arc" xlink:arcrole="http://xbrl.org/arcrole/2008/element-label" xlink:from="loc_s2c_MC_12." xlink:to="label_s2c_MC_12." />
    <label:label xlink:type="resource" xlink:label="label_s2c_MC_12._1" xml:lang="en" xlink:role="http://www.xbrl.org/2008/role/verboseLabel">N/A</label:label>
    <gen:arc xlink:type="arc" xlink:arcrole="http://xbrl.org/arcrole/2008/element-label" xlink:from="loc_s2c_MC_12." xlink:to="label_s2c_MC_12._1" />
    <link:loc xlink:type="locator" xlink:href="hier.xsd#s2c_13" xlink:label="loc_s2c_MC_13." />
    <label:label xlink:type="resource" xlink:label="label_s2c_MC_13." xml:lang="en" xlink:role="http://www.xbrl.org/2008/role/label">Types of sum insured</label:label>
    <gen:arc xlink:type="arc" xlink:arcrole="http://xbrl.org/arcrole/2008/element-label" xlink:from="loc_s2c_MC_13." xlink:to="label_s2c_MC_13." />
    <label:label xlink:type="resource" xlink:label="label_s2c_MC_13._1" xml:lang="en" xlink:role="http://www.xbrl.org/2008/role/verboseLabel">OS</label:label>
    <gen:arc xlink:type="arc" xlink:arcrole="http://xbrl.org/arcrole/2008/element-label" xlink:from="loc_s2c_MC_13." xlink:to="label_s2c_MC_13._1" />
    <link:loc xlink:type="locator" xlink:href="hier.xsd#s2c_14" xlink:label="loc_s2c_MC_14." />
    <label:label xlink:type="resource" xlink:label="label_s2c_MC_14." xml:lang="en" xlink:role="http://www.xbrl.org/2008/role/label">Sum insured by the reporting entity including technical provisions [other than local GAAP specific]</label:label>
    <gen:arc xlink:type="arc" xlink:arcrole="http://xbrl.org/arcrole/2008/element-label" xlink:from="loc_s2c_MC_14." xlink:to="label_s2c_MC_14." />
    <label:label xlink:type="resource" xlink:label="label_s2c_MC_14._1" xml:lang="en" xlink:role="http://www.xbrl.org/2008/role/verboseLabel">OS</label:label>
    <gen:arc xlink:type="arc" xlink:arcrole="http://xbrl.org/arcrole/2008/element-label" xlink:from="loc_s2c_MC_14." xlink:to="label_s2c_MC_14._1" />
    <link:loc xlink:type="locator" xlink:href="hier.xsd#s2c_15" xlink:label="loc_s2c_MC_15." />
    <label:label xlink:type="resource" xlink:label="label_s2c_MC_15." xml:lang="en" xlink:role="http://www.xbrl.org/2008/role/label">Own funds</label:label>
    <gen:arc xlink:type="arc" xlink:arcrole="http://xbrl.org/arcrole/2008/element-label" xlink:from="loc_s2c_MC_15." xlink:to="label_s2c_MC_15." />
    <label:label xlink:type="resource" xlink:label="label_s2c_MC_15._1" xml:lang="en" xlink:role="http://www.xbrl.org/2008/role/verboseLabel">OF</label:label>
    <gen:arc xlink:type="arc" xlink:arcrole="http://xbrl.org/arcrole/2008/element-label" xlink:from="loc_s2c_MC_15." xlink:to="label_s2c_MC_15._1" />
    <link:loc xlink:type="locator" xlink:href="hier.xsd#s2c_16" xlink:label="loc_s2c_MC_16." />
    <label:label xlink:type="resource" xlink:label="label_s2c_MC_16." xml:lang="en" xlink:role="http://www.xbrl.org/2008/role/label">Own funds</label:label>
    <gen:arc xlink:type="arc" xlink:arcrole="http://xbrl.org/arcrole/2008/element-label" xlink:from="loc_s2c_MC_16." xlink:to="label_s2c_MC_16." />
    <label:label xlink:type="resource" xlink:label="label_s2c_MC_16._1" xml:lang="en" xlink:role="http://www.xbrl.org/2008/role/verboseLabel">OF</label:label>
    <gen:arc xlink:type="arc" xlink:arcrole="http://xbrl.org/arcrole/2008/element-label" xlink:from="loc_s2c_MC_16." xlink:to="label_s2c_MC_16._1" />
    <link:loc xlink:type="locator" xlink:href="hier.xsd#s2c_17" xlink:label="loc_s2c_MC_17." />
    <label:label xlink:type="resource" xlink:label="label_s2c_MC_17." xml:lang="en" xlink:role="http://www.xbrl.org/2008/role/label">Types of performance</label:label>
    <gen:arc xlink:type="arc" xlink:arcrole="http://xbrl.org/arcrole/2008/element-label" xlink:from="loc_s2c_MC_17." xlink:to="label_s2c_MC_17." />
    <label:label xlink:type="resource" xlink:label="label_s2c_MC_17._1" xml:lang="en" xlink:role="http://www.xbrl.org/2008/role/verboseLabel">PF</label:label>
    <gen:arc xlink:type="arc" xlink:arcrole="http://xbrl.org/arcrole/2008/element-label" xlink:from="loc_s2c_MC_17." xlink:to="label_s2c_MC_17._1" />
    <link:loc xlink:type="locator" xlink:href="hier.xsd#s2c_18" xlink:label="loc_s2c_MC_18." />
    <label:label xlink:type="resource" xlink:label="label_s2c_MC_18." xml:lang="en" xlink:role="http://www.xbrl.org/2008/role/label">Types of Collateral</label:label>
    <gen:arc xlink:type="arc" xlink:arcrole="http://xbrl.org/arcrole/2008/element-label" xlink:from="loc_s2c_MC_18." xlink:to="label_s2c_MC_18." />
    <label:label xlink:type="resource" xlink:label="label_s2c_MC_18._1" xml:lang="en" xlink:role="http://www.xbrl.org/2008/role/verboseLabel">N/A</label:label>
    <gen:arc xlink:type="arc" xlink:arcrole="http://xbrl.org/arcrole/2008/element-label" xlink:from="loc_s2c_MC_18." xlink:to="label_s2c_MC_18._1" />
    <link:loc xlink:type="locator" xlink:href="hier.xsd#s2c_19" xlink:label="loc_s2c_MC_19." />
    <label:label xlink:type="resource" xlink:label="label_s2c_MC_19." xml:lang="en" xlink:role="http://www.xbrl.org/2008/role/label">Types of Asset</label:label>
    <gen:arc xlink:type="arc" xlink:arcrole="http://xbrl.org/arcrole/2008/element-label" xlink:from="loc_s2c_MC_19." xlink:to="label_s2c_MC_19." />
    <label:label xlink:type="resource" xlink:label="label_s2c_MC_19._1" xml:lang="en" xlink:role="http://www.xbrl.org/2008/role/verboseLabel">SU</label:label>
    <gen:arc xlink:type="arc" xlink:arcrole="http://xbrl.org/arcrole/2008/element-label" xlink:from="loc_s2c_MC_19." xlink:to="label_s2c_MC_19._1" />
    <link:loc xlink:type="locator" xlink:href="hier.xsd#s2c_20" xlink:label="loc_s2c_MC_20." />
    <label:label xlink:type="resource" xlink:label="label_s2c_MC_20." xml:lang="en" xlink:role="http://www.xbrl.org/2008/role/label">Types of Asset for which collateral is held</label:label>
    <gen:arc xlink:type="arc" xlink:arcrole="http://xbrl.org/arcrole/2008/element-label" xlink:from="loc_s2c_MC_20." xlink:to="label_s2c_MC_20." />
    <label:label xlink:type="resource" xlink:label="label_s2c_MC_20._1" xml:lang="en" xlink:role="http://www.xbrl.org/2008/role/verboseLabel">N/A</label:label>
    <gen:arc xlink:type="arc" xlink:arcrole="http://xbrl.org/arcrole/2008/element-label" xlink:from="loc_s2c_MC_20." xlink:to="label_s2c_MC_20._1" />
    <link:loc xlink:type="locator" xlink:href="hier.xsd#s2c_21" xlink:label="loc_s2c_MC_21." />
    <label:label xlink:type="resource" xlink:label="label_s2c_MC_21." xml:lang="en" xlink:role="http://www.xbrl.org/2008/role/label">Type of assets (Full scope)</label:label>
    <gen:arc xlink:type="arc" xlink:arcrole="http://xbrl.org/arcrole/2008/element-label" xlink:from="loc_s2c_MC_21." xlink:to="label_s2c_MC_21." />
    <label:label xlink:type="resource" xlink:label="label_s2c_MC_21._1" xml:lang="en" xlink:role="http://www.xbrl.org/2008/role/verboseLabel">AS</label:label>
    <gen:arc xlink:type="arc" xlink:arcrole="http://xbrl.org/arcrole/2008/element-label" xlink:from="loc_s2c_MC_21." xlink:to="label_s2c_MC_21._1" />
    <link:loc xlink:type="locator" xlink:href="hier.xsd#s2c_22" xlink:label="loc_s2c_MC_22." />
    <label:label xlink:type="resource" xlink:label="label_s2c_MC_22." xml:lang="en" xlink:role="http://www.xbrl.org/2008/role/label">Type of liabilities (by currencies)</label:label>
    <gen:arc xlink:type="arc" xlink:arcrole="http://xbrl.org/arcrole/2008/element-label" xlink:from="loc_s2c_MC_22." xlink:to="label_s2c_MC_22." />
    <label:label xlink:type="resource" xlink:label="label_s2c_MC_22._1" xml:lang="en" xlink:role="http://www.xbrl.org/2008/role/verboseLabel">LB</label:label>
    <gen:arc xlink:type="arc" xlink:arcrole="http://xbrl.org/arcrole/2008/element-label" xlink:from="loc_s2c_MC_22." xlink:to="label_s2c_MC_22._1" />
    <link:loc xlink:type="locator" xlink:href="hier.xsd#s2c_23" xlink:label="loc_s2c_MC_23." />
    <label:label xlink:type="resource" xlink:label="label_s2c_MC_23." xml:lang="en" xlink:role="http://www.xbrl.org/2008/role/label">Type of assets</label:label>
    <gen:arc xlink:type="arc" xlink:arcrole="http://xbrl.org/arcrole/2008/element-label" xlink:from="loc_s2c_MC_23." xlink:to="label_s2c_MC_23." />
    <label:label xlink:type="resource" xlink:label="label_s2c_MC_23._1" xml:lang="en" xlink:role="http://www.xbrl.org/2008/role/verboseLabel">AL, AS</label:label>
    <gen:arc xlink:type="arc" xlink:arcrole="http://xbrl.org/arcrole/2008/element-label" xlink:from="loc_s2c_MC_23." xlink:to="label_s2c_MC_23._1" />
    <link:loc xlink:type="locator" xlink:href="hier.xsd#s2c_24" xlink:label="loc_s2c_MC_24." />
    <label:label xlink:type="resource" xlink:label="label_s2c_MC_24." xml:lang="en" xlink:role="http://www.xbrl.org/2008/role/label">Type of assets</label:label>
    <gen:arc xlink:type="arc" xlink:arcrole="http://xbrl.org/arcrole/2008/element-label" xlink:from="loc_s2c_MC_24." xlink:to="label_s2c_MC_24." />
    <label:label xlink:type="resource" xlink:label="label_s2c_MC_24._1" xml:lang="en" xlink:role="http://www.xbrl.org/2008/role/verboseLabel">AS</label:label>
    <gen:arc xlink:type="arc" xlink:arcrole="http://xbrl.org/arcrole/2008/element-label" xlink:from="loc_s2c_MC_24." xlink:to="label_s2c_MC_24._1" />
    <link:loc xlink:type="locator" xlink:href="hier.xsd#s2c_25" xlink:label="loc_s2c_MC_25." />
    <label:label xlink:type="resource" xlink:label="label_s2c_MC_25." xml:lang="en" xlink:role="http://www.xbrl.org/2008/role/label">Type of assets</label:label>
    <gen:arc xlink:type="arc" xlink:arcrole="http://xbrl.org/arcrole/2008/element-label" xlink:from="loc_s2c_MC_25." xlink:to="label_s2c_MC_25." />
    <label:label xlink:type="resource" xlink:label="label_s2c_MC_25._1" xml:lang="en" xlink:role="http://www.xbrl.org/2008/role/verboseLabel">AS</label:label>
    <gen:arc xlink:type="arc" xlink:arcrole="http://xbrl.org/arcrole/2008/element-label" xlink:from="loc_s2c_MC_25." xlink:to="label_s2c_MC_25._1" />
    <link:loc xlink:type="locator" xlink:href="hier.xsd#s2c_26" xlink:label="loc_s2c_MC_26." />
    <label:label xlink:type="resource" xlink:label="label_s2c_MC_26." xml:lang="en" xlink:role="http://www.xbrl.org/2008/role/label">Underlying asset category</label:label>
    <gen:arc xlink:type="arc" xlink:arcrole="http://xbrl.org/arcrole/2008/element-label" xlink:from="loc_s2c_MC_26." xlink:to="label_s2c_MC_26." />
    <label:label xlink:type="resource" xlink:label="label_s2c_MC_26._1" xml:lang="en" xlink:role="http://www.xbrl.org/2008/role/verboseLabel">AS</label:label>
    <gen:arc xlink:type="arc" xlink:arcrole="http://xbrl.org/arcrole/2008/element-label" xlink:from="loc_s2c_MC_26." xlink:to="label_s2c_MC_26._1" />
    <link:loc xlink:type="locator" xlink:href="hier.xsd#s2c_27" xlink:label="loc_s2c_MC_27." />
    <label:label xlink:type="resource" xlink:label="label_s2c_MC_27." xml:lang="en" xlink:role="http://www.xbrl.org/2008/role/label">Infrastructure investment</label:label>
    <gen:arc xlink:type="arc" xlink:arcrole="http://xbrl.org/arcrole/2008/element-label" xlink:from="loc_s2c_MC_27." xlink:to="label_s2c_MC_27." />
    <label:label xlink:type="resource" xlink:label="label_s2c_MC_27._1" xml:lang="en" xlink:role="http://www.xbrl.org/2008/role/verboseLabel">TT</label:label>
    <gen:arc xlink:type="arc" xlink:arcrole="http://xbrl.org/arcrole/2008/element-label" xlink:from="loc_s2c_MC_27." xlink:to="label_s2c_MC_27._1" />
    <link:loc xlink:type="locator" xlink:href="hier.xsd#s2c_28" xlink:label="loc_s2c_MC_28." />
    <label:label xlink:type="resource" xlink:label="label_s2c_MC_28." xml:lang="en" xlink:role="http://www.xbrl.org/2008/role/label">CIC Categories</label:label>
    <gen:arc xlink:type="arc" xlink:arcrole="http://xbrl.org/arcrole/2008/element-label" xlink:from="loc_s2c_MC_28." xlink:to="label_s2c_MC_28." />
    <label:label xlink:type="resource" xlink:label="label_s2c_MC_28._1" xml:lang="en" xlink:role="http://www.xbrl.org/2008/role/verboseLabel">AS</label:label>
    <gen:arc xlink:type="arc" xlink:arcrole="http://xbrl.org/arcrole/2008/element-label" xlink:from="loc_s2c_MC_28." xlink:to="label_s2c_MC_28._1" />
    <link:loc xlink:type="locator" xlink:href="hier.xsd#s2c_29" xlink:label="loc_s2c_MC_29." />
    <label:label xlink:type="resource" xlink:label="label_s2c_MC_29." xml:lang="en" xlink:role="http://www.xbrl.org/2008/role/label">Type of collateral</label:label>
    <gen:arc xlink:type="arc" xlink:arcrole="http://xbrl.org/arcrole/2008/element-label" xlink:from="loc_s2c_MC_29." xlink:to="label_s2c_MC_29." />
    <label:label xlink:type="resource" xlink:label="label_s2c_MC_29._1" xml:lang="en" xlink:role="http://www.xbrl.org/2008/role/verboseLabel">N/A</label:label>
    <gen:arc xlink:type="arc" xlink:arcrole="http://xbrl.org/arcrole/2008/element-label" xlink:from="loc_s2c_MC_29." xlink:to="label_s2c_MC_29._1" />
    <link:loc xlink:type="locator" xlink:href="hier.xsd#s2c_30" xlink:label="loc_s2c_MC_30." />
    <label:label xlink:type="resource" xlink:label="label_s2c_MC_30." xml:lang="en" xlink:role="http://www.xbrl.org/2008/role/label">Type of synthetic structured product</label:label>
    <gen:arc xlink:type="arc" xlink:arcrole="http://xbrl.org/arcrole/2008/element-label" xlink:from="loc_s2c_MC_30." xlink:to="label_s2c_MC_30." />
    <label:label xlink:type="resource" xlink:label="label_s2c_MC_30._1" xml:lang="en" xlink:role="http://www.xbrl.org/2008/role/verboseLabel">N/A</label:label>
    <gen:arc xlink:type="arc" xlink:arcrole="http://xbrl.org/arcrole/2008/element-label" xlink:from="loc_s2c_MC_30." xlink:to="label_s2c_MC_30._1" />
    <link:loc xlink:type="locator" xlink:href="hier.xsd#s2c_31" xlink:label="loc_s2c_MC_31." />
    <label:label xlink:type="resource" xlink:label="label_s2c_MC_31." xml:lang="en" xlink:role="http://www.xbrl.org/2008/role/label">Types of Asset for which collateral is held</label:label>
    <gen:arc xlink:type="arc" xlink:arcrole="http://xbrl.org/arcrole/2008/element-label" xlink:from="loc_s2c_MC_31." xlink:to="label_s2c_MC_31." />
    <label:label xlink:type="resource" xlink:label="label_s2c_MC_31._1" xml:lang="en" xlink:role="http://www.xbrl.org/2008/role/verboseLabel">N/A</label:label>
    <gen:arc xlink:type="arc" xlink:arcrole="http://xbrl.org/arcrole/2008/element-label" xlink:from="loc_s2c_MC_31." xlink:to="label_s2c_MC_31._1" />
    <link:loc xlink:type="locator" xlink:href="hier.xsd#s2c_32" xlink:label="loc_s2c_MC_32." />
    <label:label xlink:type="resource" xlink:label="label_s2c_MC_32." xml:lang="en" xlink:role="http://www.xbrl.org/2008/role/label">Long or short position [open]</label:label>
    <gen:arc xlink:type="arc" xlink:arcrole="http://xbrl.org/arcrole/2008/element-label" xlink:from="loc_s2c_MC_32." xlink:to="label_s2c_MC_32." />
    <label:label xlink:type="resource" xlink:label="label_s2c_MC_32._1" xml:lang="en" xlink:role="http://www.xbrl.org/2008/role/verboseLabel">N/A</label:label>
    <gen:arc xlink:type="arc" xlink:arcrole="http://xbrl.org/arcrole/2008/element-label" xlink:from="loc_s2c_MC_32." xlink:to="label_s2c_MC_32._1" />
    <link:loc xlink:type="locator" xlink:href="hier.xsd#s2c_33" xlink:label="loc_s2c_MC_33." />
    <label:label xlink:type="resource" xlink:label="label_s2c_MC_33." xml:lang="en" xlink:role="http://www.xbrl.org/2008/role/label">Long or short position [closed]</label:label>
    <gen:arc xlink:type="arc" xlink:arcrole="http://xbrl.org/arcrole/2008/element-label" xlink:from="loc_s2c_MC_33." xlink:to="label_s2c_MC_33." />
    <label:label xlink:type="resource" xlink:label="label_s2c_MC_33._1" xml:lang="en" xlink:role="http://www.xbrl.org/2008/role/verboseLabel">N/A</label:label>
    <gen:arc xlink:type="arc" xlink:arcrole="http://xbrl.org/arcrole/2008/element-label" xlink:from="loc_s2c_MC_33." xlink:to="label_s2c_MC_33._1" />
    <link:loc xlink:type="locator" xlink:href="hier.xsd#s2c_34" xlink:label="loc_s2c_MC_34." />
    <label:label xlink:type="resource" xlink:label="label_s2c_MC_34." xml:lang="en" xlink:role="http://www.xbrl.org/2008/role/label">Type of assets</label:label>
    <gen:arc xlink:type="arc" xlink:arcrole="http://xbrl.org/arcrole/2008/element-label" xlink:from="loc_s2c_MC_34." xlink:to="label_s2c_MC_34." />
    <label:label xlink:type="resource" xlink:label="label_s2c_MC_34._1" xml:lang="en" xlink:role="http://www.xbrl.org/2008/role/verboseLabel">AS</label:label>
    <gen:arc xlink:type="arc" xlink:arcrole="http://xbrl.org/arcrole/2008/element-label" xlink:from="loc_s2c_MC_34." xlink:to="label_s2c_MC_34._1" />
    <link:loc xlink:type="locator" xlink:href="hier.xsd#s2c_35" xlink:label="loc_s2c_MC_35." />
    <label:label xlink:type="resource" xlink:label="label_s2c_MC_35." xml:lang="en" xlink:role="http://www.xbrl.org/2008/role/label">Type of transaction</label:label>
    <gen:arc xlink:type="arc" xlink:arcrole="http://xbrl.org/arcrole/2008/element-label" xlink:from="loc_s2c_MC_35." xlink:to="label_s2c_MC_35." />
    <label:label xlink:type="resource" xlink:label="label_s2c_MC_35._1" xml:lang="en" xlink:role="http://www.xbrl.org/2008/role/verboseLabel">TT</label:label>
    <gen:arc xlink:type="arc" xlink:arcrole="http://xbrl.org/arcrole/2008/element-label" xlink:from="loc_s2c_MC_35." xlink:to="label_s2c_MC_35._1" />
    <link:loc xlink:type="locator" xlink:href="hier.xsd#s2c_36" xlink:label="loc_s2c_MC_36." />
    <label:label xlink:type="resource" xlink:label="label_s2c_MC_36." xml:lang="en" xlink:role="http://www.xbrl.org/2008/role/label">Type of transaction</label:label>
    <gen:arc xlink:type="arc" xlink:arcrole="http://xbrl.org/arcrole/2008/element-label" xlink:from="loc_s2c_MC_36." xlink:to="label_s2c_MC_36." />
    <label:label xlink:type="resource" xlink:label="label_s2c_MC_36._1" xml:lang="en" xlink:role="http://www.xbrl.org/2008/role/verboseLabel">TT</label:label>
    <gen:arc xlink:type="arc" xlink:arcrole="http://xbrl.org/arcrole/2008/element-label" xlink:from="loc_s2c_MC_36." xlink:to="label_s2c_MC_36._1" />
    <link:loc xlink:type="locator" xlink:href="hier.xsd#s2c_37" xlink:label="loc_s2c_MC_37." />
    <label:label xlink:type="resource" xlink:label="label_s2c_MC_37." xml:lang="en" xlink:role="http://www.xbrl.org/2008/role/label">Type of transaction</label:label>
    <gen:arc xlink:type="arc" xlink:arcrole="http://xbrl.org/arcrole/2008/element-label" xlink:from="loc_s2c_MC_37." xlink:to="label_s2c_MC_37." />
    <label:label xlink:type="resource" xlink:label="label_s2c_MC_37._1" xml:lang="en" xlink:role="http://www.xbrl.org/2008/role/verboseLabel">TT</label:label>
    <gen:arc xlink:type="arc" xlink:arcrole="http://xbrl.org/arcrole/2008/element-label" xlink:from="loc_s2c_MC_37." xlink:to="label_s2c_MC_37._1" />
    <link:loc xlink:type="locator" xlink:href="hier.xsd#s2c_38" xlink:label="loc_s2c_MC_38." />
    <label:label xlink:type="resource" xlink:label="label_s2c_MC_38." xml:lang="en" xlink:role="http://www.xbrl.org/2008/role/label">Types of Asset</label:label>
    <gen:arc xlink:type="arc" xlink:arcrole="http://xbrl.org/arcrole/2008/element-label" xlink:from="loc_s2c_MC_38." xlink:to="label_s2c_MC_38." />
    <label:label xlink:type="resource" xlink:label="label_s2c_MC_38._1" xml:lang="en" xlink:role="http://www.xbrl.org/2008/role/verboseLabel">SU</label:label>
    <gen:arc xlink:type="arc" xlink:arcrole="http://xbrl.org/arcrole/2008/element-label" xlink:from="loc_s2c_MC_38." xlink:to="label_s2c_MC_38._1" />
    <link:loc xlink:type="locator" xlink:href="hier.xsd#s2c_39" xlink:label="loc_s2c_MC_39." />
    <label:label xlink:type="resource" xlink:label="label_s2c_MC_39." xml:lang="en" xlink:role="http://www.xbrl.org/2008/role/label">Types of Asset</label:label>
    <gen:arc xlink:type="arc" xlink:arcrole="http://xbrl.org/arcrole/2008/element-label" xlink:from="loc_s2c_MC_39." xlink:to="label_s2c_MC_39." />
    <label:label xlink:type="resource" xlink:label="label_s2c_MC_39._1" xml:lang="en" xlink:role="http://www.xbrl.org/2008/role/verboseLabel">AS</label:label>
    <gen:arc xlink:type="arc" xlink:arcrole="http://xbrl.org/arcrole/2008/element-label" xlink:from="loc_s2c_MC_39." xlink:to="label_s2c_MC_39._1" />
    <link:loc xlink:type="locator" xlink:href="hier.xsd#s2c_40" xlink:label="loc_s2c_MC_40." />
    <label:label xlink:type="resource" xlink:label="label_s2c_MC_40." xml:lang="en" xlink:role="http://www.xbrl.org/2008/role/label">Type of assets</label:label>
    <gen:arc xlink:type="arc" xlink:arcrole="http://xbrl.org/arcrole/2008/element-label" xlink:from="loc_s2c_MC_40." xlink:to="label_s2c_MC_40." />
    <label:label xlink:type="resource" xlink:label="label_s2c_MC_40._1" xml:lang="en" xlink:role="http://www.xbrl.org/2008/role/verboseLabel">AS</label:label>
    <gen:arc xlink:type="arc" xlink:arcrole="http://xbrl.org/arcrole/2008/element-label" xlink:from="loc_s2c_MC_40." xlink:to="label_s2c_MC_40._1" />
    <link:loc xlink:type="locator" xlink:href="hier.xsd#s2c_41" xlink:label="loc_s2c_MC_41." />
    <label:label xlink:type="resource" xlink:label="label_s2c_MC_41." xml:lang="en" xlink:role="http://www.xbrl.org/2008/role/label">Type of liabilities (by currencies)</label:label>
    <gen:arc xlink:type="arc" xlink:arcrole="http://xbrl.org/arcrole/2008/element-label" xlink:from="loc_s2c_MC_41." xlink:to="label_s2c_MC_41." />
    <label:label xlink:type="resource" xlink:label="label_s2c_MC_41._1" xml:lang="en" xlink:role="http://www.xbrl.org/2008/role/verboseLabel">LB</label:label>
    <gen:arc xlink:type="arc" xlink:arcrole="http://xbrl.org/arcrole/2008/element-label" xlink:from="loc_s2c_MC_41." xlink:to="label_s2c_MC_41._1" />
    <link:loc xlink:type="locator" xlink:href="hier.xsd#s2c_42" xlink:label="loc_s2c_MC_42." />
    <label:label xlink:type="resource" xlink:label="label_s2c_MC_42." xml:lang="en" xlink:role="http://www.xbrl.org/2008/role/label">Guarantees received and collateral held</label:label>
    <gen:arc xlink:type="arc" xlink:arcrole="http://xbrl.org/arcrole/2008/element-label" xlink:from="loc_s2c_MC_42." xlink:to="label_s2c_MC_42." />
    <label:label xlink:type="resource" xlink:label="label_s2c_MC_42._1" xml:lang="en" xlink:role="http://www.xbrl.org/2008/role/verboseLabel">OB</label:label>
    <gen:arc xlink:type="arc" xlink:arcrole="http://xbrl.org/arcrole/2008/element-label" xlink:from="loc_s2c_MC_42." xlink:to="label_s2c_MC_42._1" />
    <link:loc xlink:type="locator" xlink:href="hier.xsd#s2c_43" xlink:label="loc_s2c_MC_43." />
    <label:label xlink:type="resource" xlink:label="label_s2c_MC_43." xml:lang="en" xlink:role="http://www.xbrl.org/2008/role/label">Types of Asset</label:label>
    <gen:arc xlink:type="arc" xlink:arcrole="http://xbrl.org/arcrole/2008/element-label" xlink:from="loc_s2c_MC_43." xlink:to="label_s2c_MC_43." />
    <label:label xlink:type="resource" xlink:label="label_s2c_MC_43._1" xml:lang="en" xlink:role="http://www.xbrl.org/2008/role/verboseLabel">AS</label:label>
    <gen:arc xlink:type="arc" xlink:arcrole="http://xbrl.org/arcrole/2008/element-label" xlink:from="loc_s2c_MC_43." xlink:to="label_s2c_MC_43._1" />
    <link:loc xlink:type="locator" xlink:href="hier.xsd#s2c_44" xlink:label="loc_s2c_MC_44." />
    <label:label xlink:type="resource" xlink:label="label_s2c_MC_44." xml:lang="en" xlink:role="http://www.xbrl.org/2008/role/label">Off-balance sheet items</label:label>
    <gen:arc xlink:type="arc" xlink:arcrole="http://xbrl.org/arcrole/2008/element-label" xlink:from="loc_s2c_MC_44." xlink:to="label_s2c_MC_44." />
    <label:label xlink:type="resource" xlink:label="label_s2c_MC_44._1" xml:lang="en" xlink:role="http://www.xbrl.org/2008/role/verboseLabel">OB</label:label>
    <gen:arc xlink:type="arc" xlink:arcrole="http://xbrl.org/arcrole/2008/element-label" xlink:from="loc_s2c_MC_44." xlink:to="label_s2c_MC_44._1" />
    <link:loc xlink:type="locator" xlink:href="hier.xsd#s2c_45" xlink:label="loc_s2c_MC_45." />
    <label:label xlink:type="resource" xlink:label="label_s2c_MC_45." xml:lang="en" xlink:role="http://www.xbrl.org/2008/role/label">Off-balance sheet obligations</label:label>
    <gen:arc xlink:type="arc" xlink:arcrole="http://xbrl.org/arcrole/2008/element-label" xlink:from="loc_s2c_MC_45." xlink:to="label_s2c_MC_45." />
    <label:label xlink:type="resource" xlink:label="label_s2c_MC_45._1" xml:lang="en" xlink:role="http://www.xbrl.org/2008/role/verboseLabel">OB</label:label>
    <gen:arc xlink:type="arc" xlink:arcrole="http://xbrl.org/arcrole/2008/element-label" xlink:from="loc_s2c_MC_45." xlink:to="label_s2c_MC_45._1" />
    <link:loc xlink:type="locator" xlink:href="hier.xsd#s2c_46" xlink:label="loc_s2c_MC_46." />
    <label:label xlink:type="resource" xlink:label="label_s2c_MC_46." xml:lang="en" xlink:role="http://www.xbrl.org/2008/role/label">Contingent liabilities and collateral pledged</label:label>
    <gen:arc xlink:type="arc" xlink:arcrole="http://xbrl.org/arcrole/2008/element-label" xlink:from="loc_s2c_MC_46." xlink:to="label_s2c_MC_46." />
    <label:label xlink:type="resource" xlink:label="label_s2c_MC_46._1" xml:lang="en" xlink:role="http://www.xbrl.org/2008/role/verboseLabel">OB</label:label>
    <gen:arc xlink:type="arc" xlink:arcrole="http://xbrl.org/arcrole/2008/element-label" xlink:from="loc_s2c_MC_46." xlink:to="label_s2c_MC_46._1" />
    <link:loc xlink:type="locator" xlink:href="hier.xsd#s2c_47" xlink:label="loc_s2c_MC_47." />
    <label:label xlink:type="resource" xlink:label="label_s2c_MC_47." xml:lang="en" xlink:role="http://www.xbrl.org/2008/role/label">Type of assets (Full scope)</label:label>
    <gen:arc xlink:type="arc" xlink:arcrole="http://xbrl.org/arcrole/2008/element-label" xlink:from="loc_s2c_MC_47." xlink:to="label_s2c_MC_47." />
    <label:label xlink:type="resource" xlink:label="label_s2c_MC_47._1" xml:lang="en" xlink:role="http://www.xbrl.org/2008/role/verboseLabel">AS</label:label>
    <gen:arc xlink:type="arc" xlink:arcrole="http://xbrl.org/arcrole/2008/element-label" xlink:from="loc_s2c_MC_47." xlink:to="label_s2c_MC_47._1" />
    <link:loc xlink:type="locator" xlink:href="hier.xsd#s2c_48" xlink:label="loc_s2c_MC_48." />
    <label:label xlink:type="resource" xlink:label="label_s2c_MC_48." xml:lang="en" xlink:role="http://www.xbrl.org/2008/role/label">Types of Asset</label:label>
    <gen:arc xlink:type="arc" xlink:arcrole="http://xbrl.org/arcrole/2008/element-label" xlink:from="loc_s2c_MC_48." xlink:to="label_s2c_MC_48." />
    <label:label xlink:type="resource" xlink:label="label_s2c_MC_48._1" xml:lang="en" xlink:role="http://www.xbrl.org/2008/role/verboseLabel">AS</label:label>
    <gen:arc xlink:type="arc" xlink:arcrole="http://xbrl.org/arcrole/2008/element-label" xlink:from="loc_s2c_MC_48." xlink:to="label_s2c_MC_48._1" />
    <link:loc xlink:type="locator" xlink:href="hier.xsd#s2c_49" xlink:label="loc_s2c_MC_49." />
    <label:label xlink:type="resource" xlink:label="label_s2c_MC_49." xml:lang="en" xlink:role="http://www.xbrl.org/2008/role/label">Type of IGT transactions</label:label>
    <gen:arc xlink:type="arc" xlink:arcrole="http://xbrl.org/arcrole/2008/element-label" xlink:from="loc_s2c_MC_49." xlink:to="label_s2c_MC_49." />
    <label:label xlink:type="resource" xlink:label="label_s2c_MC_49._1" xml:lang="en" xlink:role="http://www.xbrl.org/2008/role/verboseLabel">SU</label:label>
    <gen:arc xlink:type="arc" xlink:arcrole="http://xbrl.org/arcrole/2008/element-label" xlink:from="loc_s2c_MC_49." xlink:to="label_s2c_MC_49._1" />
    <link:loc xlink:type="locator" xlink:href="hier.xsd#s2c_50" xlink:label="loc_s2c_MC_50." />
    <label:label xlink:type="resource" xlink:label="label_s2c_MC_50." xml:lang="en" xlink:role="http://www.xbrl.org/2008/role/label">Infrastructure investment</label:label>
    <gen:arc xlink:type="arc" xlink:arcrole="http://xbrl.org/arcrole/2008/element-label" xlink:from="loc_s2c_MC_50." xlink:to="label_s2c_MC_50." />
    <label:label xlink:type="resource" xlink:label="label_s2c_MC_50._1" xml:lang="en" xlink:role="http://www.xbrl.org/2008/role/verboseLabel">TT</label:label>
    <gen:arc xlink:type="arc" xlink:arcrole="http://xbrl.org/arcrole/2008/element-label" xlink:from="loc_s2c_MC_50." xlink:to="label_s2c_MC_50._1" />
    <link:loc xlink:type="locator" xlink:href="hier.xsd#s2c_51" xlink:label="loc_s2c_MC_51." />
    <label:label xlink:type="resource" xlink:label="label_s2c_MC_51." xml:lang="en" xlink:role="http://www.xbrl.org/2008/role/label">Type of assets (general)[210]</label:label>
    <gen:arc xlink:type="arc" xlink:arcrole="http://xbrl.org/arcrole/2008/element-label" xlink:from="loc_s2c_MC_51." xlink:to="label_s2c_MC_51." />
    <label:label xlink:type="resource" xlink:label="label_s2c_MC_51._1" xml:lang="en" xlink:role="http://www.xbrl.org/2008/role/verboseLabel">AS</label:label>
    <gen:arc xlink:type="arc" xlink:arcrole="http://xbrl.org/arcrole/2008/element-label" xlink:from="loc_s2c_MC_51." xlink:to="label_s2c_MC_51._1" />
    <link:loc xlink:type="locator" xlink:href="hier.xsd#s2c_52" xlink:label="loc_s2c_MC_52." />
    <label:label xlink:type="resource" xlink:label="label_s2c_MC_52." xml:lang="en" xlink:role="http://www.xbrl.org/2008/role/label">Type of assets [210]</label:label>
    <gen:arc xlink:type="arc" xlink:arcrole="http://xbrl.org/arcrole/2008/element-label" xlink:from="loc_s2c_MC_52." xlink:to="label_s2c_MC_52." />
    <label:label xlink:type="resource" xlink:label="label_s2c_MC_52._1" xml:lang="en" xlink:role="http://www.xbrl.org/2008/role/verboseLabel">AS</label:label>
    <gen:arc xlink:type="arc" xlink:arcrole="http://xbrl.org/arcrole/2008/element-label" xlink:from="loc_s2c_MC_52." xlink:to="label_s2c_MC_52._1" />
    <link:loc xlink:type="locator" xlink:href="hier.xsd#s2c_53" xlink:label="loc_s2c_MC_53." />
    <label:label xlink:type="resource" xlink:label="label_s2c_MC_53." xml:lang="en" xlink:role="http://www.xbrl.org/2008/role/label">Types of guarantees received [on- and off-balance] [210]</label:label>
    <gen:arc xlink:type="arc" xlink:arcrole="http://xbrl.org/arcrole/2008/element-label" xlink:from="loc_s2c_MC_53." xlink:to="label_s2c_MC_53." />
    <label:label xlink:type="resource" xlink:label="label_s2c_MC_53._1" xml:lang="en" xlink:role="http://www.xbrl.org/2008/role/verboseLabel">GR</label:label>
    <gen:arc xlink:type="arc" xlink:arcrole="http://xbrl.org/arcrole/2008/element-label" xlink:from="loc_s2c_MC_53." xlink:to="label_s2c_MC_53._1" />
    <link:loc xlink:type="locator" xlink:href="hier.xsd#s2c_500" xlink:label="loc_s2c_MC_500." />
    <label:label xlink:type="resource" xlink:label="label_s2c_MC_500." xml:lang="en" xlink:role="http://www.xbrl.org/2008/role/label">Type of assets (Pension funds)</label:label>
    <gen:arc xlink:type="arc" xlink:arcrole="http://xbrl.org/arcrole/2008/element-label" xlink:from="loc_s2c_MC_500." xlink:to="label_s2c_MC_500." />
    <label:label xlink:type="resource" xlink:label="label_s2c_MC_500._1" xml:lang="en" xlink:role="http://www.xbrl.org/2008/role/verboseLabel">AS</label:label>
    <gen:arc xlink:type="arc" xlink:arcrole="http://xbrl.org/arcrole/2008/element-label" xlink:from="loc_s2c_MC_500." xlink:to="label_s2c_MC_500._1" />
    <link:loc xlink:type="locator" xlink:href="hier.xsd#s2c_501" xlink:label="loc_s2c_MC_501." />
    <label:label xlink:type="resource" xlink:label="label_s2c_MC_501." xml:lang="en" xlink:role="http://www.xbrl.org/2008/role/label">Underlying asset category (Pension funds)</label:label>
    <gen:arc xlink:type="arc" xlink:arcrole="http://xbrl.org/arcrole/2008/element-label" xlink:from="loc_s2c_MC_501." xlink:to="label_s2c_MC_501." />
    <label:label xlink:type="resource" xlink:label="label_s2c_MC_501._1" xml:lang="en" xlink:role="http://www.xbrl.org/2008/role/verboseLabel">UA</label:label>
    <gen:arc xlink:type="arc" xlink:arcrole="http://xbrl.org/arcrole/2008/element-label" xlink:from="loc_s2c_MC_501." xlink:to="label_s2c_MC_501._1" />
    <link:loc xlink:type="locator" xlink:href="hier.xsd#s2c_502" xlink:label="loc_s2c_MC_502." />
    <label:label xlink:type="resource" xlink:label="label_s2c_MC_502." xml:lang="en" xlink:role="http://www.xbrl.org/2008/role/label">Type of liabilities (Pension funds)</label:label>
    <gen:arc xlink:type="arc" xlink:arcrole="http://xbrl.org/arcrole/2008/element-label" xlink:from="loc_s2c_MC_502." xlink:to="label_s2c_MC_502." />
    <label:label xlink:type="resource" xlink:label="label_s2c_MC_502._1" xml:lang="en" xlink:role="http://www.xbrl.org/2008/role/verboseLabel">LB</label:label>
    <gen:arc xlink:type="arc" xlink:arcrole="http://xbrl.org/arcrole/2008/element-label" xlink:from="loc_s2c_MC_502." xlink:to="label_s2c_MC_502._1" />
    <link:loc xlink:type="locator" xlink:href="hier.xsd#s2c_503" xlink:label="loc_s2c_MC_503." />
    <label:label xlink:type="resource" xlink:label="label_s2c_MC_503." xml:lang="en" xlink:role="http://www.xbrl.org/2008/role/label">Alternative investment (Pension funds)</label:label>
    <gen:arc xlink:type="arc" xlink:arcrole="http://xbrl.org/arcrole/2008/element-label" xlink:from="loc_s2c_MC_503." xlink:to="label_s2c_MC_503." />
    <label:label xlink:type="resource" xlink:label="label_s2c_MC_503._1" xml:lang="en" xlink:role="http://www.xbrl.org/2008/role/verboseLabel">N/A</label:label>
    <gen:arc xlink:type="arc" xlink:arcrole="http://xbrl.org/arcrole/2008/element-label" xlink:from="loc_s2c_MC_503." xlink:to="label_s2c_MC_503._1" />
    <link:loc xlink:type="locator" xlink:href="hier.xsd#s2c_504" xlink:label="loc_s2c_MC_504." />
    <label:label xlink:type="resource" xlink:label="label_s2c_MC_504." xml:lang="en" xlink:role="http://www.xbrl.org/2008/role/label">Type of contributions (Pension funds)</label:label>
    <gen:arc xlink:type="arc" xlink:arcrole="http://xbrl.org/arcrole/2008/element-label" xlink:from="loc_s2c_MC_504." xlink:to="label_s2c_MC_504." />
    <label:label xlink:type="resource" xlink:label="label_s2c_MC_504._1" xml:lang="en" xlink:role="http://www.xbrl.org/2008/role/verboseLabel">TW</label:label>
    <gen:arc xlink:type="arc" xlink:arcrole="http://xbrl.org/arcrole/2008/element-label" xlink:from="loc_s2c_MC_504." xlink:to="label_s2c_MC_504._1" />
    <link:loc xlink:type="locator" xlink:href="hier.xsd#s2c_600" xlink:label="loc_s2c_MC_600." />
    <label:label xlink:type="resource" xlink:label="label_s2c_MC_600." xml:lang="en" xlink:role="http://www.xbrl.org/2008/role/label">Type of assets [Pension funds for ECB]</label:label>
    <gen:arc xlink:type="arc" xlink:arcrole="http://xbrl.org/arcrole/2008/element-label" xlink:from="loc_s2c_MC_600." xlink:to="label_s2c_MC_600." />
    <label:label xlink:type="resource" xlink:label="label_s2c_MC_600._1" xml:lang="en" xlink:role="http://www.xbrl.org/2008/role/verboseLabel">AS</label:label>
    <gen:arc xlink:type="arc" xlink:arcrole="http://xbrl.org/arcrole/2008/element-label" xlink:from="loc_s2c_MC_600." xlink:to="label_s2c_MC_600._1" />
    <link:loc xlink:type="locator" xlink:href="hier.xsd#s2c_601" xlink:label="loc_s2c_MC_601." />
    <label:label xlink:type="resource" xlink:label="label_s2c_MC_601." xml:lang="en" xlink:role="http://www.xbrl.org/2008/role/label">Type of liabilities [Pension funds for ECB]</label:label>
    <gen:arc xlink:type="arc" xlink:arcrole="http://xbrl.org/arcrole/2008/element-label" xlink:from="loc_s2c_MC_601." xlink:to="label_s2c_MC_601." />
    <label:label xlink:type="resource" xlink:label="label_s2c_MC_601._1" xml:lang="en" xlink:role="http://www.xbrl.org/2008/role/verboseLabel">LB</label:label>
    <gen:arc xlink:type="arc" xlink:arcrole="http://xbrl.org/arcrole/2008/element-label" xlink:from="loc_s2c_MC_601." xlink:to="label_s2c_MC_601._1" />
  </gen:link>
</link:linkbase>