<?xml version="1.0" encoding="UTF-8"?>
<!--(C) EIOPA - XBRL Taxonomy-->
<?officialURI http://eiopa.europa.eu/eu/xbrl/s2c/dict/dom/nt/hier-cal.xml?>
<?taxonomy-version 2.4.0?>
<?taxonomy-date 2019-07-15?>
<link:linkbase xmlns:xsi="http://www.w3.org/2001/XMLSchema-instance" xmlns:xlink="http://www.w3.org/1999/xlink" xmlns:link="http://www.xbrl.org/2003/linkbase" xsi:schemaLocation="http://www.xbrl.org/2003/linkbase http://www.xbrl.org/2003/xbrl-linkbase-2003-12-31.xsd">
  <link:arcroleRef arcroleURI="http://www.eurofiling.info/xbrl/arcrole/complete-breakdown" xlink:type="simple" xlink:href="http://www.eurofiling.info/eu/fr/xbrl/ext/model.xsd#complete-breakdown" />
  <link:roleRef roleURI="http://eiopa.europa.eu/xbrl/s2c/role/dict/dom/NT/1" xlink:type="simple" xlink:href="hier.xsd#s2c_1" />
  <link:calculationLink xlink:type="extended" xlink:role="http://eiopa.europa.eu/xbrl/s2c/role/dict/dom/NT/1">
    <link:loc xlink:type="locator" xlink:href="mem.xsd#s2c_x13" xlink:label="loc_s2c_x13" />
    <link:loc xlink:type="locator" xlink:href="mem.xsd#s2c_x14" xlink:label="loc_s2c_x14" />
    <link:calculationArc xlink:type="arc" xlink:arcrole="http://www.eurofiling.info/xbrl/arcrole/complete-breakdown" xlink:from="loc_s2c_x13" xlink:to="loc_s2c_x14" weight="1" order="1" />
    <link:loc xlink:type="locator" xlink:href="mem.xsd#s2c_x15" xlink:label="loc_s2c_x15" />
    <link:calculationArc xlink:type="arc" xlink:arcrole="http://www.eurofiling.info/xbrl/arcrole/complete-breakdown" xlink:from="loc_s2c_x13" xlink:to="loc_s2c_x15" weight="1" order="2" />
    <link:loc xlink:type="locator" xlink:href="mem.xsd#s2c_x5008" xlink:label="loc_s2c_x5008" />
    <link:loc xlink:type="locator" xlink:href="mem.xsd#s2c_x5009" xlink:label="loc_s2c_x5009" />
    <link:calculationArc xlink:type="arc" xlink:arcrole="http://www.eurofiling.info/xbrl/arcrole/complete-breakdown" xlink:from="loc_s2c_x5008" xlink:to="loc_s2c_x5009" weight="1" order="1" />
    <link:loc xlink:type="locator" xlink:href="mem.xsd#s2c_x5010" xlink:label="loc_s2c_x5010" />
    <link:calculationArc xlink:type="arc" xlink:arcrole="http://www.eurofiling.info/xbrl/arcrole/complete-breakdown" xlink:from="loc_s2c_x5008" xlink:to="loc_s2c_x5010" weight="1" order="2" />
    <link:loc xlink:type="locator" xlink:href="mem.xsd#s2c_x5011" xlink:label="loc_s2c_x5011" />
    <link:calculationArc xlink:type="arc" xlink:arcrole="http://www.eurofiling.info/xbrl/arcrole/complete-breakdown" xlink:from="loc_s2c_x5008" xlink:to="loc_s2c_x5011" weight="1" order="3" />
  </link:calculationLink>
</link:linkbase>