<?xml version="1.0" encoding="UTF-8"?>
<!--(C) EIOPA - XBRL Taxonomy-->
<?officialURI http://eiopa.europa.eu/eu/xbrl/s2c/dict/dom/cs/hier-lab-en.xml?>
<?taxonomy-version 2.4.0?>
<?taxonomy-date 2019-07-15?>
<link:linkbase xmlns:xsi="http://www.w3.org/2001/XMLSchema-instance" xmlns:xlink="http://www.w3.org/1999/xlink" xmlns:link="http://www.xbrl.org/2003/linkbase" xmlns:gen="http://xbrl.org/2008/generic" xmlns:label="http://xbrl.org/2008/label" xsi:schemaLocation="http://www.xbrl.org/2003/linkbase http://www.xbrl.org/2003/xbrl-linkbase-2003-12-31.xsd http://xbrl.org/2008/generic http://www.xbrl.org/2008/generic-link.xsd http://xbrl.org/2008/label http://www.xbrl.org/2008/generic-label.xsd">
  <link:arcroleRef arcroleURI="http://xbrl.org/arcrole/2008/element-label" xlink:type="simple" xlink:href="http://www.xbrl.org/2008/generic-label.xsd#element-label" />
  <link:roleRef roleURI="http://www.xbrl.org/2008/role/label" xlink:type="simple" xlink:href="http://www.xbrl.org/2008/generic-label.xsd#standard-label" />
  <link:roleRef roleURI="http://www.xbrl.org/2008/role/verboseLabel" xlink:type="simple" xlink:href="http://www.xbrl.org/2008/generic-label.xsd#verbose-label" />
  <gen:link xlink:type="extended" xlink:role="http://www.xbrl.org/2003/role/link">
    <link:loc xlink:type="locator" xlink:href="hier.xsd#s2c_1" xlink:label="loc_s2c_CS_1." />
    <label:label xlink:type="resource" xlink:label="label_s2c_CS_1." xml:lang="en" xlink:role="http://www.xbrl.org/2008/role/label">Consolidation scope</label:label>
    <gen:arc xlink:type="arc" xlink:arcrole="http://xbrl.org/arcrole/2008/element-label" xlink:from="loc_s2c_CS_1." xlink:to="label_s2c_CS_1." />
    <label:label xlink:type="resource" xlink:label="label_s2c_CS_1._1" xml:lang="en" xlink:role="http://www.xbrl.org/2008/role/verboseLabel">CS</label:label>
    <gen:arc xlink:type="arc" xlink:arcrole="http://xbrl.org/arcrole/2008/element-label" xlink:from="loc_s2c_CS_1." xlink:to="label_s2c_CS_1._1" />
    <link:loc xlink:type="locator" xlink:href="hier.xsd#s2c_2" xlink:label="loc_s2c_CS_2." />
    <label:label xlink:type="resource" xlink:label="label_s2c_CS_2." xml:lang="en" xlink:role="http://www.xbrl.org/2008/role/label">Relation to group</label:label>
    <gen:arc xlink:type="arc" xlink:arcrole="http://xbrl.org/arcrole/2008/element-label" xlink:from="loc_s2c_CS_2." xlink:to="label_s2c_CS_2." />
    <label:label xlink:type="resource" xlink:label="label_s2c_CS_2._1" xml:lang="en" xlink:role="http://www.xbrl.org/2008/role/verboseLabel">RO</label:label>
    <gen:arc xlink:type="arc" xlink:arcrole="http://xbrl.org/arcrole/2008/element-label" xlink:from="loc_s2c_CS_2." xlink:to="label_s2c_CS_2._1" />
    <link:loc xlink:type="locator" xlink:href="hier.xsd#s2c_3" xlink:label="loc_s2c_CS_3." />
    <label:label xlink:type="resource" xlink:label="label_s2c_CS_3." xml:lang="en" xlink:role="http://www.xbrl.org/2008/role/label">Level of influence</label:label>
    <gen:arc xlink:type="arc" xlink:arcrole="http://xbrl.org/arcrole/2008/element-label" xlink:from="loc_s2c_CS_3." xlink:to="label_s2c_CS_3." />
    <label:label xlink:type="resource" xlink:label="label_s2c_CS_3._1" xml:lang="en" xlink:role="http://www.xbrl.org/2008/role/verboseLabel">N/A</label:label>
    <gen:arc xlink:type="arc" xlink:arcrole="http://xbrl.org/arcrole/2008/element-label" xlink:from="loc_s2c_CS_3." xlink:to="label_s2c_CS_3._1" />
    <link:loc xlink:type="locator" xlink:href="hier.xsd#s2c_4" xlink:label="loc_s2c_CS_4." />
    <label:label xlink:type="resource" xlink:label="label_s2c_CS_4." xml:lang="en" xlink:role="http://www.xbrl.org/2008/role/label">Consolidated capital requirement or solo</label:label>
    <gen:arc xlink:type="arc" xlink:arcrole="http://xbrl.org/arcrole/2008/element-label" xlink:from="loc_s2c_CS_4." xlink:to="label_s2c_CS_4." />
    <label:label xlink:type="resource" xlink:label="label_s2c_CS_4._1" xml:lang="en" xlink:role="http://www.xbrl.org/2008/role/verboseLabel">N/A</label:label>
    <gen:arc xlink:type="arc" xlink:arcrole="http://xbrl.org/arcrole/2008/element-label" xlink:from="loc_s2c_CS_4." xlink:to="label_s2c_CS_4._1" />
    <link:loc xlink:type="locator" xlink:href="hier.xsd#s2c_5" xlink:label="loc_s2c_CS_5." />
    <label:label xlink:type="resource" xlink:label="label_s2c_CS_5." xml:lang="en" xlink:role="http://www.xbrl.org/2008/role/label">Methodology used for group solvency calculation</label:label>
    <gen:arc xlink:type="arc" xlink:arcrole="http://xbrl.org/arcrole/2008/element-label" xlink:from="loc_s2c_CS_5." xlink:to="label_s2c_CS_5." />
    <label:label xlink:type="resource" xlink:label="label_s2c_CS_5._1" xml:lang="en" xlink:role="http://www.xbrl.org/2008/role/verboseLabel">CS</label:label>
    <gen:arc xlink:type="arc" xlink:arcrole="http://xbrl.org/arcrole/2008/element-label" xlink:from="loc_s2c_CS_5." xlink:to="label_s2c_CS_5._1" />
    <link:loc xlink:type="locator" xlink:href="hier.xsd#s2c_6" xlink:label="loc_s2c_CS_6." />
    <label:label xlink:type="resource" xlink:label="label_s2c_CS_6." xml:lang="en" xlink:role="http://www.xbrl.org/2008/role/label">Methodology used for group solvency calculation</label:label>
    <gen:arc xlink:type="arc" xlink:arcrole="http://xbrl.org/arcrole/2008/element-label" xlink:from="loc_s2c_CS_6." xlink:to="label_s2c_CS_6." />
    <label:label xlink:type="resource" xlink:label="label_s2c_CS_6._1" xml:lang="en" xlink:role="http://www.xbrl.org/2008/role/verboseLabel">CS</label:label>
    <gen:arc xlink:type="arc" xlink:arcrole="http://xbrl.org/arcrole/2008/element-label" xlink:from="loc_s2c_CS_6." xlink:to="label_s2c_CS_6._1" />
    <link:loc xlink:type="locator" xlink:href="hier.xsd#s2c_7" xlink:label="loc_s2c_CS_7." />
    <label:label xlink:type="resource" xlink:label="label_s2c_CS_7." xml:lang="en" xlink:role="http://www.xbrl.org/2008/role/label">Methodology used for group solvency calculation</label:label>
    <gen:arc xlink:type="arc" xlink:arcrole="http://xbrl.org/arcrole/2008/element-label" xlink:from="loc_s2c_CS_7." xlink:to="label_s2c_CS_7." />
    <label:label xlink:type="resource" xlink:label="label_s2c_CS_7._1" xml:lang="en" xlink:role="http://www.xbrl.org/2008/role/verboseLabel">CS</label:label>
    <gen:arc xlink:type="arc" xlink:arcrole="http://xbrl.org/arcrole/2008/element-label" xlink:from="loc_s2c_CS_7." xlink:to="label_s2c_CS_7._1" />
    <link:loc xlink:type="locator" xlink:href="hier.xsd#s2c_8" xlink:label="loc_s2c_CS_8." />
    <label:label xlink:type="resource" xlink:label="label_s2c_CS_8." xml:lang="en" xlink:role="http://www.xbrl.org/2008/role/label">Consolidation scope</label:label>
    <gen:arc xlink:type="arc" xlink:arcrole="http://xbrl.org/arcrole/2008/element-label" xlink:from="loc_s2c_CS_8." xlink:to="label_s2c_CS_8." />
    <label:label xlink:type="resource" xlink:label="label_s2c_CS_8._1" xml:lang="en" xlink:role="http://www.xbrl.org/2008/role/verboseLabel">CS</label:label>
    <gen:arc xlink:type="arc" xlink:arcrole="http://xbrl.org/arcrole/2008/element-label" xlink:from="loc_s2c_CS_8." xlink:to="label_s2c_CS_8._1" />
    <link:loc xlink:type="locator" xlink:href="hier.xsd#s2c_9" xlink:label="loc_s2c_CS_9." />
    <label:label xlink:type="resource" xlink:label="label_s2c_CS_9." xml:lang="en" xlink:role="http://www.xbrl.org/2008/role/label">Consolidation scope</label:label>
    <gen:arc xlink:type="arc" xlink:arcrole="http://xbrl.org/arcrole/2008/element-label" xlink:from="loc_s2c_CS_9." xlink:to="label_s2c_CS_9." />
    <label:label xlink:type="resource" xlink:label="label_s2c_CS_9._1" xml:lang="en" xlink:role="http://www.xbrl.org/2008/role/verboseLabel">CS</label:label>
    <gen:arc xlink:type="arc" xlink:arcrole="http://xbrl.org/arcrole/2008/element-label" xlink:from="loc_s2c_CS_9." xlink:to="label_s2c_CS_9._1" />
    <link:loc xlink:type="locator" xlink:href="hier.xsd#s2c_10" xlink:label="loc_s2c_CS_10." />
    <label:label xlink:type="resource" xlink:label="label_s2c_CS_10." xml:lang="en" xlink:role="http://www.xbrl.org/2008/role/label">Method of group solvency calculation used (contribution to group TP)</label:label>
    <gen:arc xlink:type="arc" xlink:arcrole="http://xbrl.org/arcrole/2008/element-label" xlink:from="loc_s2c_CS_10." xlink:to="label_s2c_CS_10." />
    <label:label xlink:type="resource" xlink:label="label_s2c_CS_10._1" xml:lang="en" xlink:role="http://www.xbrl.org/2008/role/verboseLabel">CS</label:label>
    <gen:arc xlink:type="arc" xlink:arcrole="http://xbrl.org/arcrole/2008/element-label" xlink:from="loc_s2c_CS_10." xlink:to="label_s2c_CS_10._1" />
    <link:loc xlink:type="locator" xlink:href="hier.xsd#s2c_11" xlink:label="loc_s2c_CS_11." />
    <label:label xlink:type="resource" xlink:label="label_s2c_CS_11." xml:lang="en" xlink:role="http://www.xbrl.org/2008/role/label">Relation to group</label:label>
    <gen:arc xlink:type="arc" xlink:arcrole="http://xbrl.org/arcrole/2008/element-label" xlink:from="loc_s2c_CS_11." xlink:to="label_s2c_CS_11." />
    <label:label xlink:type="resource" xlink:label="label_s2c_CS_11._1" xml:lang="en" xlink:role="http://www.xbrl.org/2008/role/verboseLabel">RO</label:label>
    <gen:arc xlink:type="arc" xlink:arcrole="http://xbrl.org/arcrole/2008/element-label" xlink:from="loc_s2c_CS_11." xlink:to="label_s2c_CS_11._1" />
    <link:loc xlink:type="locator" xlink:href="hier.xsd#s2c_12" xlink:label="loc_s2c_CS_12." />
    <label:label xlink:type="resource" xlink:label="label_s2c_CS_12." xml:lang="en" xlink:role="http://www.xbrl.org/2008/role/label">Regular/Ad-hoc submission (solo)</label:label>
    <gen:arc xlink:type="arc" xlink:arcrole="http://xbrl.org/arcrole/2008/element-label" xlink:from="loc_s2c_CS_12." xlink:to="label_s2c_CS_12." />
    <label:label xlink:type="resource" xlink:label="label_s2c_CS_12._1" xml:lang="en" xlink:role="http://www.xbrl.org/2008/role/verboseLabel">CS</label:label>
    <gen:arc xlink:type="arc" xlink:arcrole="http://xbrl.org/arcrole/2008/element-label" xlink:from="loc_s2c_CS_12." xlink:to="label_s2c_CS_12._1" />
    <link:loc xlink:type="locator" xlink:href="hier.xsd#s2c_13" xlink:label="loc_s2c_CS_13." />
    <label:label xlink:type="resource" xlink:label="label_s2c_CS_13." xml:lang="en" xlink:role="http://www.xbrl.org/2008/role/label">Initial submission or re-submission</label:label>
    <gen:arc xlink:type="arc" xlink:arcrole="http://xbrl.org/arcrole/2008/element-label" xlink:from="loc_s2c_CS_13." xlink:to="label_s2c_CS_13." />
    <label:label xlink:type="resource" xlink:label="label_s2c_CS_13._1" xml:lang="en" xlink:role="http://www.xbrl.org/2008/role/verboseLabel">CS</label:label>
    <gen:arc xlink:type="arc" xlink:arcrole="http://xbrl.org/arcrole/2008/element-label" xlink:from="loc_s2c_CS_13." xlink:to="label_s2c_CS_13._1" />
    <link:loc xlink:type="locator" xlink:href="hier.xsd#s2c_14" xlink:label="loc_s2c_CS_14." />
    <label:label xlink:type="resource" xlink:label="label_s2c_CS_14." xml:lang="en" xlink:role="http://www.xbrl.org/2008/role/label">Sub-group information</label:label>
    <gen:arc xlink:type="arc" xlink:arcrole="http://xbrl.org/arcrole/2008/element-label" xlink:from="loc_s2c_CS_14." xlink:to="label_s2c_CS_14." />
    <label:label xlink:type="resource" xlink:label="label_s2c_CS_14._1" xml:lang="en" xlink:role="http://www.xbrl.org/2008/role/verboseLabel">CS</label:label>
    <gen:arc xlink:type="arc" xlink:arcrole="http://xbrl.org/arcrole/2008/element-label" xlink:from="loc_s2c_CS_14." xlink:to="label_s2c_CS_14._1" />
    <link:loc xlink:type="locator" xlink:href="hier.xsd#s2c_15" xlink:label="loc_s2c_CS_15." />
    <label:label xlink:type="resource" xlink:label="label_s2c_CS_15." xml:lang="en" xlink:role="http://www.xbrl.org/2008/role/label">Method of group solvency calculation used (Basic information)</label:label>
    <gen:arc xlink:type="arc" xlink:arcrole="http://xbrl.org/arcrole/2008/element-label" xlink:from="loc_s2c_CS_15." xlink:to="label_s2c_CS_15." />
    <label:label xlink:type="resource" xlink:label="label_s2c_CS_15._1" xml:lang="en" xlink:role="http://www.xbrl.org/2008/role/verboseLabel">CM</label:label>
    <gen:arc xlink:type="arc" xlink:arcrole="http://xbrl.org/arcrole/2008/element-label" xlink:from="loc_s2c_CS_15." xlink:to="label_s2c_CS_15._1" />
    <link:loc xlink:type="locator" xlink:href="hier.xsd#s2c_16" xlink:label="loc_s2c_CS_16." />
    <label:label xlink:type="resource" xlink:label="label_s2c_CS_16." xml:lang="en" xlink:role="http://www.xbrl.org/2008/role/label">Methodology used for group solvency calculation</label:label>
    <gen:arc xlink:type="arc" xlink:arcrole="http://xbrl.org/arcrole/2008/element-label" xlink:from="loc_s2c_CS_16." xlink:to="label_s2c_CS_16." />
    <label:label xlink:type="resource" xlink:label="label_s2c_CS_16._1" xml:lang="en" xlink:role="http://www.xbrl.org/2008/role/verboseLabel">CM</label:label>
    <gen:arc xlink:type="arc" xlink:arcrole="http://xbrl.org/arcrole/2008/element-label" xlink:from="loc_s2c_CS_16." xlink:to="label_s2c_CS_16._1" />
    <link:loc xlink:type="locator" xlink:href="hier.xsd#s2c_17" xlink:label="loc_s2c_CS_17." />
    <label:label xlink:type="resource" xlink:label="label_s2c_CS_17." xml:lang="en" xlink:role="http://www.xbrl.org/2008/role/label">Methodology used for group solvency calculation</label:label>
    <gen:arc xlink:type="arc" xlink:arcrole="http://xbrl.org/arcrole/2008/element-label" xlink:from="loc_s2c_CS_17." xlink:to="label_s2c_CS_17." />
    <label:label xlink:type="resource" xlink:label="label_s2c_CS_17._1" xml:lang="en" xlink:role="http://www.xbrl.org/2008/role/verboseLabel">CM</label:label>
    <gen:arc xlink:type="arc" xlink:arcrole="http://xbrl.org/arcrole/2008/element-label" xlink:from="loc_s2c_CS_17." xlink:to="label_s2c_CS_17._1" />
    <link:loc xlink:type="locator" xlink:href="hier.xsd#s2c_18" xlink:label="loc_s2c_CS_18." />
    <label:label xlink:type="resource" xlink:label="label_s2c_CS_18." xml:lang="en" xlink:role="http://www.xbrl.org/2008/role/label">Methodology used for group solvency calculation</label:label>
    <gen:arc xlink:type="arc" xlink:arcrole="http://xbrl.org/arcrole/2008/element-label" xlink:from="loc_s2c_CS_18." xlink:to="label_s2c_CS_18." />
    <label:label xlink:type="resource" xlink:label="label_s2c_CS_18._1" xml:lang="en" xlink:role="http://www.xbrl.org/2008/role/verboseLabel">CM</label:label>
    <gen:arc xlink:type="arc" xlink:arcrole="http://xbrl.org/arcrole/2008/element-label" xlink:from="loc_s2c_CS_18." xlink:to="label_s2c_CS_18._1" />
    <link:loc xlink:type="locator" xlink:href="hier.xsd#s2c_19" xlink:label="loc_s2c_CS_19." />
    <label:label xlink:type="resource" xlink:label="label_s2c_CS_19." xml:lang="en" xlink:role="http://www.xbrl.org/2008/role/label">Methodology used for group solvency calculation</label:label>
    <gen:arc xlink:type="arc" xlink:arcrole="http://xbrl.org/arcrole/2008/element-label" xlink:from="loc_s2c_CS_19." xlink:to="label_s2c_CS_19." />
    <label:label xlink:type="resource" xlink:label="label_s2c_CS_19._1" xml:lang="en" xlink:role="http://www.xbrl.org/2008/role/verboseLabel">CM</label:label>
    <gen:arc xlink:type="arc" xlink:arcrole="http://xbrl.org/arcrole/2008/element-label" xlink:from="loc_s2c_CS_19." xlink:to="label_s2c_CS_19._1" />
    <link:loc xlink:type="locator" xlink:href="hier.xsd#s2c_20" xlink:label="loc_s2c_CS_20." />
    <label:label xlink:type="resource" xlink:label="label_s2c_CS_20." xml:lang="en" xlink:role="http://www.xbrl.org/2008/role/label">Relation to group</label:label>
    <gen:arc xlink:type="arc" xlink:arcrole="http://xbrl.org/arcrole/2008/element-label" xlink:from="loc_s2c_CS_20." xlink:to="label_s2c_CS_20." />
    <label:label xlink:type="resource" xlink:label="label_s2c_CS_20._1" xml:lang="en" xlink:role="http://www.xbrl.org/2008/role/verboseLabel">RO</label:label>
    <gen:arc xlink:type="arc" xlink:arcrole="http://xbrl.org/arcrole/2008/element-label" xlink:from="loc_s2c_CS_20." xlink:to="label_s2c_CS_20._1" />
    <link:loc xlink:type="locator" xlink:href="hier.xsd#s2c_21" xlink:label="loc_s2c_CS_21." />
    <label:label xlink:type="resource" xlink:label="label_s2c_CS_21." xml:lang="en" xlink:role="http://www.xbrl.org/2008/role/label">Regular/Ad-hoc submission (group)</label:label>
    <gen:arc xlink:type="arc" xlink:arcrole="http://xbrl.org/arcrole/2008/element-label" xlink:from="loc_s2c_CS_21." xlink:to="label_s2c_CS_21." />
    <label:label xlink:type="resource" xlink:label="label_s2c_CS_21._1" xml:lang="en" xlink:role="http://www.xbrl.org/2008/role/verboseLabel">CS</label:label>
    <gen:arc xlink:type="arc" xlink:arcrole="http://xbrl.org/arcrole/2008/element-label" xlink:from="loc_s2c_CS_21." xlink:to="label_s2c_CS_21._1" />
  </gen:link>
</link:linkbase>