<?xml version="1.0" encoding="UTF-8"?>
<!--(C) EIOPA - XBRL Taxonomy-->
<?officialURI http://eiopa.europa.eu/eu/xbrl/s2md/fws/solvency/solvency2/2019-07-15/tab/s.01.01.07.01/s.01.01.07.01-def.xml?>
<?taxonomy-version 2.4.0?>
<?taxonomy-date 2019-07-15?>
<link:linkbase xmlns:xsi="http://www.w3.org/2001/XMLSchema-instance" xmlns:xlink="http://www.w3.org/1999/xlink" xmlns:link="http://www.xbrl.org/2003/linkbase" xmlns:xbrldt="http://xbrl.org/2005/xbrldt" xsi:schemaLocation="http://www.xbrl.org/2003/linkbase http://www.xbrl.org/2003/xbrl-linkbase-2003-12-31.xsd http://xbrl.org/2005/xbrldt http://www.xbrl.org/2005/xbrldt-2005.xsd">
  <link:arcroleRef arcroleURI="http://xbrl.org/int/dim/arcrole/all" xlink:type="simple" xlink:href="http://www.xbrl.org/2005/xbrldt-2005.xsd#all" />
  <link:arcroleRef arcroleURI="http://xbrl.org/int/dim/arcrole/domain-member" xlink:type="simple" xlink:href="http://www.xbrl.org/2005/xbrldt-2005.xsd#domain-member" />
  <link:roleRef roleURI="http://eiopa.europa.eu/xbrl/s2md/role/fws/solvency/solvency2/2019-07-15/tab/S.01.01.07.01/1" xlink:type="simple" xlink:href="s.01.01.07.01.xsd#role1" />
  <link:definitionLink xlink:type="extended" xlink:role="http://eiopa.europa.eu/xbrl/s2md/role/fws/solvency/solvency2/2019-07-15/tab/S.01.01.07.01/1">
    <link:loc xlink:type="locator" xlink:href="../../../../../../dict/met/met.xsd#s2md_ei1633" xlink:label="loc_s2md_ei1633" />
    <link:loc xlink:type="locator" xlink:href="../../../../../../dict/met/met.xsd#s2md_ei1668" xlink:label="loc_s2md_ei1668" />
    <link:definitionArc xlink:type="arc" xlink:arcrole="http://xbrl.org/int/dim/arcrole/domain-member" xlink:from="loc_s2md_ei1633" xlink:to="loc_s2md_ei1668" order="1" />
    <link:loc xlink:type="locator" xlink:href="../../../../../../dict/met/met.xsd#s2md_ei2420" xlink:label="loc_s2md_ei2420" />
    <link:definitionArc xlink:type="arc" xlink:arcrole="http://xbrl.org/int/dim/arcrole/domain-member" xlink:from="loc_s2md_ei1633" xlink:to="loc_s2md_ei2420" order="2" />
    <link:loc xlink:type="locator" xlink:href="../../../../../../dict/met/met.xsd#s2md_ei1672" xlink:label="loc_s2md_ei1672" />
    <link:definitionArc xlink:type="arc" xlink:arcrole="http://xbrl.org/int/dim/arcrole/domain-member" xlink:from="loc_s2md_ei1633" xlink:to="loc_s2md_ei1672" order="3" />
    <link:loc xlink:type="locator" xlink:href="../../../../../../dict/met/met.xsd#s2md_ei2130" xlink:label="loc_s2md_ei2130" />
    <link:definitionArc xlink:type="arc" xlink:arcrole="http://xbrl.org/int/dim/arcrole/domain-member" xlink:from="loc_s2md_ei1633" xlink:to="loc_s2md_ei2130" order="4" />
    <link:loc xlink:type="locator" xlink:href="../../../../../../dict/met/met.xsd#s2md_ei1674" xlink:label="loc_s2md_ei1674" />
    <link:definitionArc xlink:type="arc" xlink:arcrole="http://xbrl.org/int/dim/arcrole/domain-member" xlink:from="loc_s2md_ei1633" xlink:to="loc_s2md_ei1674" order="5" />
    <link:loc xlink:type="locator" xlink:href="../../../../../../dict/met/met.xsd#s2md_ei1710" xlink:label="loc_s2md_ei1710" />
    <link:definitionArc xlink:type="arc" xlink:arcrole="http://xbrl.org/int/dim/arcrole/domain-member" xlink:from="loc_s2md_ei1633" xlink:to="loc_s2md_ei1710" order="6" />
    <link:loc xlink:type="locator" xlink:href="../../../../../../dict/met/met.xsd#s2md_ei1711" xlink:label="loc_s2md_ei1711" />
    <link:definitionArc xlink:type="arc" xlink:arcrole="http://xbrl.org/int/dim/arcrole/domain-member" xlink:from="loc_s2md_ei1633" xlink:to="loc_s2md_ei1711" order="7" />
    <link:loc xlink:type="locator" xlink:href="../../../../../../dict/met/met.xsd#s2md_ei2450" xlink:label="loc_s2md_ei2450" />
    <link:definitionArc xlink:type="arc" xlink:arcrole="http://xbrl.org/int/dim/arcrole/domain-member" xlink:from="loc_s2md_ei1633" xlink:to="loc_s2md_ei2450" order="8" />
    <link:loc xlink:type="locator" xlink:href="../../../../../../dict/met/met.xsd#s2md_ei2451" xlink:label="loc_s2md_ei2451" />
    <link:definitionArc xlink:type="arc" xlink:arcrole="http://xbrl.org/int/dim/arcrole/domain-member" xlink:from="loc_s2md_ei1633" xlink:to="loc_s2md_ei2451" order="9" />
    <link:loc xlink:type="locator" xlink:href="../../../../../../dict/met/met.xsd#s2md_ei2410" xlink:label="loc_s2md_ei2410" />
    <link:definitionArc xlink:type="arc" xlink:arcrole="http://xbrl.org/int/dim/arcrole/domain-member" xlink:from="loc_s2md_ei1633" xlink:to="loc_s2md_ei2410" order="10" />
    <link:loc xlink:type="locator" xlink:href="../../../../../../dict/met/met.xsd#s2md_ei2458" xlink:label="loc_s2md_ei2458" />
    <link:definitionArc xlink:type="arc" xlink:arcrole="http://xbrl.org/int/dim/arcrole/domain-member" xlink:from="loc_s2md_ei1633" xlink:to="loc_s2md_ei2458" order="11" />
    <link:loc xlink:type="locator" xlink:href="../../../../../../dict/met/met.xsd#s2md_ei2460" xlink:label="loc_s2md_ei2460" />
    <link:definitionArc xlink:type="arc" xlink:arcrole="http://xbrl.org/int/dim/arcrole/domain-member" xlink:from="loc_s2md_ei1633" xlink:to="loc_s2md_ei2460" order="12" />
    <link:loc xlink:type="locator" xlink:href="../../../../../../dict/met/met.xsd#s2md_ei2413" xlink:label="loc_s2md_ei2413" />
    <link:definitionArc xlink:type="arc" xlink:arcrole="http://xbrl.org/int/dim/arcrole/domain-member" xlink:from="loc_s2md_ei1633" xlink:to="loc_s2md_ei2413" order="13" />
    <link:loc xlink:type="locator" xlink:href="../../../../../../dict/met/met.xsd#s2md_ei2414" xlink:label="loc_s2md_ei2414" />
    <link:definitionArc xlink:type="arc" xlink:arcrole="http://xbrl.org/int/dim/arcrole/domain-member" xlink:from="loc_s2md_ei1633" xlink:to="loc_s2md_ei2414" order="14" />
    <link:loc xlink:type="locator" xlink:href="../../../../../../dict/met/met.xsd#s2md_ei1715" xlink:label="loc_s2md_ei1715" />
    <link:definitionArc xlink:type="arc" xlink:arcrole="http://xbrl.org/int/dim/arcrole/domain-member" xlink:from="loc_s2md_ei1633" xlink:to="loc_s2md_ei1715" order="15" />
    <link:loc xlink:type="locator" xlink:href="../../../../../../dict/met/met.xsd#s2md_ei2415" xlink:label="loc_s2md_ei2415" />
    <link:definitionArc xlink:type="arc" xlink:arcrole="http://xbrl.org/int/dim/arcrole/domain-member" xlink:from="loc_s2md_ei1633" xlink:to="loc_s2md_ei2415" order="16" />
    <link:loc xlink:type="locator" xlink:href="../../../../../../dict/met/met.xsd#s2md_ei2416" xlink:label="loc_s2md_ei2416" />
    <link:definitionArc xlink:type="arc" xlink:arcrole="http://xbrl.org/int/dim/arcrole/domain-member" xlink:from="loc_s2md_ei1633" xlink:to="loc_s2md_ei2416" order="17" />
    <link:loc xlink:type="locator" xlink:href="../../../../../../dict/met/met.xsd#s2md_ei2417" xlink:label="loc_s2md_ei2417" />
    <link:definitionArc xlink:type="arc" xlink:arcrole="http://xbrl.org/int/dim/arcrole/domain-member" xlink:from="loc_s2md_ei1633" xlink:to="loc_s2md_ei2417" order="18" />
    <link:loc xlink:type="locator" xlink:href="../../../../../../dict/met/met.xsd#s2md_ei1707" xlink:label="loc_s2md_ei1707" />
    <link:definitionArc xlink:type="arc" xlink:arcrole="http://xbrl.org/int/dim/arcrole/domain-member" xlink:from="loc_s2md_ei1633" xlink:to="loc_s2md_ei1707" order="19" />
    <link:loc xlink:type="locator" xlink:href="../../../../../../dict/met/met.xsd#s2md_ei1719" xlink:label="loc_s2md_ei1719" />
    <link:definitionArc xlink:type="arc" xlink:arcrole="http://xbrl.org/int/dim/arcrole/domain-member" xlink:from="loc_s2md_ei1633" xlink:to="loc_s2md_ei1719" order="20" />
    <link:loc xlink:type="locator" xlink:href="../../../../../../dict/met/met.xsd#s2md_ei1720" xlink:label="loc_s2md_ei1720" />
    <link:definitionArc xlink:type="arc" xlink:arcrole="http://xbrl.org/int/dim/arcrole/domain-member" xlink:from="loc_s2md_ei1633" xlink:to="loc_s2md_ei1720" order="21" />
    <link:loc xlink:type="locator" xlink:href="../../../../../../dict/met/met.xsd#s2md_ei1721" xlink:label="loc_s2md_ei1721" />
    <link:definitionArc xlink:type="arc" xlink:arcrole="http://xbrl.org/int/dim/arcrole/domain-member" xlink:from="loc_s2md_ei1633" xlink:to="loc_s2md_ei1721" order="22" />
    <link:loc xlink:type="locator" xlink:href="../../../../../../dict/met/met.xsd#s2md_ei1722" xlink:label="loc_s2md_ei1722" />
    <link:definitionArc xlink:type="arc" xlink:arcrole="http://xbrl.org/int/dim/arcrole/domain-member" xlink:from="loc_s2md_ei1633" xlink:to="loc_s2md_ei1722" order="23" />
    <link:loc xlink:type="locator" xlink:href="../../../../../../dict/met/met.xsd#s2md_ei1723" xlink:label="loc_s2md_ei1723" />
    <link:definitionArc xlink:type="arc" xlink:arcrole="http://xbrl.org/int/dim/arcrole/domain-member" xlink:from="loc_s2md_ei1633" xlink:to="loc_s2md_ei1723" order="24" />
    <link:loc xlink:type="locator" xlink:href="../../../../../../dict/met/met.xsd#s2md_ei2418" xlink:label="loc_s2md_ei2418" />
    <link:definitionArc xlink:type="arc" xlink:arcrole="http://xbrl.org/int/dim/arcrole/domain-member" xlink:from="loc_s2md_ei1633" xlink:to="loc_s2md_ei2418" order="25" />
    <link:loc xlink:type="locator" xlink:href="../../../../../../dict/met/met.xsd#s2md_ei1709" xlink:label="loc_s2md_ei1709" />
    <link:definitionArc xlink:type="arc" xlink:arcrole="http://xbrl.org/int/dim/arcrole/domain-member" xlink:from="loc_s2md_ei1633" xlink:to="loc_s2md_ei1709" order="26" />
    <link:loc xlink:type="locator" xlink:href="../../../../../../dict/met/met.xsd#s2md_ei1725" xlink:label="loc_s2md_ei1725" />
    <link:definitionArc xlink:type="arc" xlink:arcrole="http://xbrl.org/int/dim/arcrole/domain-member" xlink:from="loc_s2md_ei1633" xlink:to="loc_s2md_ei1725" order="27" />
    <link:loc xlink:type="locator" xlink:href="../../../../../../dict/met/met.xsd#s2md_ei1726" xlink:label="loc_s2md_ei1726" />
    <link:definitionArc xlink:type="arc" xlink:arcrole="http://xbrl.org/int/dim/arcrole/domain-member" xlink:from="loc_s2md_ei1633" xlink:to="loc_s2md_ei1726" order="28" />
    <link:loc xlink:type="locator" xlink:href="../../../../../../dict/met/met.xsd#s2md_ei2484" xlink:label="loc_s2md_ei2484" />
    <link:definitionArc xlink:type="arc" xlink:arcrole="http://xbrl.org/int/dim/arcrole/domain-member" xlink:from="loc_s2md_ei1633" xlink:to="loc_s2md_ei2484" order="29" />
    <link:loc xlink:type="locator" xlink:href="../../../../../../dict/met/met.xsd#s2md_ei2485" xlink:label="loc_s2md_ei2485" />
    <link:definitionArc xlink:type="arc" xlink:arcrole="http://xbrl.org/int/dim/arcrole/domain-member" xlink:from="loc_s2md_ei1633" xlink:to="loc_s2md_ei2485" order="30" />
    <link:loc xlink:type="locator" xlink:href="../../../../../../dict/met/met.xsd#s2md_ei2486" xlink:label="loc_s2md_ei2486" />
    <link:definitionArc xlink:type="arc" xlink:arcrole="http://xbrl.org/int/dim/arcrole/domain-member" xlink:from="loc_s2md_ei1633" xlink:to="loc_s2md_ei2486" order="31" />
    <link:loc xlink:type="locator" xlink:href="../../../../../../dict/met/met.xsd#s2md_ei2487" xlink:label="loc_s2md_ei2487" />
    <link:definitionArc xlink:type="arc" xlink:arcrole="http://xbrl.org/int/dim/arcrole/domain-member" xlink:from="loc_s2md_ei1633" xlink:to="loc_s2md_ei2487" order="32" />
    <link:loc xlink:type="locator" xlink:href="../../../../../../dict/met/met.xsd#s2md_ei1731" xlink:label="loc_s2md_ei1731" />
    <link:definitionArc xlink:type="arc" xlink:arcrole="http://xbrl.org/int/dim/arcrole/domain-member" xlink:from="loc_s2md_ei1633" xlink:to="loc_s2md_ei1731" order="33" />
    <link:loc xlink:type="locator" xlink:href="../../../../../../dict/met/met.xsd#s2md_ei1734" xlink:label="loc_s2md_ei1734" />
    <link:definitionArc xlink:type="arc" xlink:arcrole="http://xbrl.org/int/dim/arcrole/domain-member" xlink:from="loc_s2md_ei1633" xlink:to="loc_s2md_ei1734" order="34" />
    <link:loc xlink:type="locator" xlink:href="../../../../../../dict/met/met.xsd#s2md_ei1735" xlink:label="loc_s2md_ei1735" />
    <link:definitionArc xlink:type="arc" xlink:arcrole="http://xbrl.org/int/dim/arcrole/domain-member" xlink:from="loc_s2md_ei1633" xlink:to="loc_s2md_ei1735" order="35" />
    <link:loc xlink:type="locator" xlink:href="../../../../../../dict/met/met.xsd#s2md_ei2443" xlink:label="loc_s2md_ei2443" />
    <link:definitionArc xlink:type="arc" xlink:arcrole="http://xbrl.org/int/dim/arcrole/domain-member" xlink:from="loc_s2md_ei1633" xlink:to="loc_s2md_ei2443" order="36" />
    <link:loc xlink:type="locator" xlink:href="../../../../../../dict/met/met.xsd#s2md_ei2449" xlink:label="loc_s2md_ei2449" />
    <link:definitionArc xlink:type="arc" xlink:arcrole="http://xbrl.org/int/dim/arcrole/domain-member" xlink:from="loc_s2md_ei1633" xlink:to="loc_s2md_ei2449" order="37" />
    <link:loc xlink:type="locator" xlink:href="../../../../../../dict/met/met.xsd#s2md_ei1737" xlink:label="loc_s2md_ei1737" />
    <link:definitionArc xlink:type="arc" xlink:arcrole="http://xbrl.org/int/dim/arcrole/domain-member" xlink:from="loc_s2md_ei1633" xlink:to="loc_s2md_ei1737" order="38" />
    <link:loc xlink:type="locator" xlink:href="../../../../../../dict/met/met.xsd#s2md_ei1739" xlink:label="loc_s2md_ei1739" />
    <link:definitionArc xlink:type="arc" xlink:arcrole="http://xbrl.org/int/dim/arcrole/domain-member" xlink:from="loc_s2md_ei1633" xlink:to="loc_s2md_ei1739" order="39" />
    <link:loc xlink:type="locator" xlink:href="../../../../../../dict/met/met.xsd#s2md_ei2434" xlink:label="loc_s2md_ei2434" />
    <link:definitionArc xlink:type="arc" xlink:arcrole="http://xbrl.org/int/dim/arcrole/domain-member" xlink:from="loc_s2md_ei1633" xlink:to="loc_s2md_ei2434" order="40" />
    <link:loc xlink:type="locator" xlink:href="../../../../../../dict/met/met.xsd#s2md_ei1642" xlink:label="loc_s2md_ei1642" />
    <link:definitionArc xlink:type="arc" xlink:arcrole="http://xbrl.org/int/dim/arcrole/domain-member" xlink:from="loc_s2md_ei1633" xlink:to="loc_s2md_ei1642" order="41" />
    <link:loc xlink:type="locator" xlink:href="../../../../../../dict/met/met.xsd#s2md_ei1643" xlink:label="loc_s2md_ei1643" />
    <link:definitionArc xlink:type="arc" xlink:arcrole="http://xbrl.org/int/dim/arcrole/domain-member" xlink:from="loc_s2md_ei1633" xlink:to="loc_s2md_ei1643" order="42" />
    <link:loc xlink:type="locator" xlink:href="../../../../../../dict/met/met.xsd#s2md_ei2489" xlink:label="loc_s2md_ei2489" />
    <link:definitionArc xlink:type="arc" xlink:arcrole="http://xbrl.org/int/dim/arcrole/domain-member" xlink:from="loc_s2md_ei1633" xlink:to="loc_s2md_ei2489" order="43" />
    <link:loc xlink:type="locator" xlink:href="../../../../../../dict/met/met.xsd#s2md_ei2491" xlink:label="loc_s2md_ei2491" />
    <link:definitionArc xlink:type="arc" xlink:arcrole="http://xbrl.org/int/dim/arcrole/domain-member" xlink:from="loc_s2md_ei1633" xlink:to="loc_s2md_ei2491" order="44" />
    <link:loc xlink:type="locator" xlink:href="../../../../../../dict/met/met.xsd#s2md_ei2493" xlink:label="loc_s2md_ei2493" />
    <link:definitionArc xlink:type="arc" xlink:arcrole="http://xbrl.org/int/dim/arcrole/domain-member" xlink:from="loc_s2md_ei1633" xlink:to="loc_s2md_ei2493" order="45" />
    <link:loc xlink:type="locator" xlink:href="../../../../../../dict/met/met.xsd#s2md_ei2495" xlink:label="loc_s2md_ei2495" />
    <link:definitionArc xlink:type="arc" xlink:arcrole="http://xbrl.org/int/dim/arcrole/domain-member" xlink:from="loc_s2md_ei1633" xlink:to="loc_s2md_ei2495" order="46" />
    <link:loc xlink:type="locator" xlink:href="../../../../../../dict/met/met.xsd#s2md_ei2497" xlink:label="loc_s2md_ei2497" />
    <link:definitionArc xlink:type="arc" xlink:arcrole="http://xbrl.org/int/dim/arcrole/domain-member" xlink:from="loc_s2md_ei1633" xlink:to="loc_s2md_ei2497" order="47" />
    <link:loc xlink:type="locator" xlink:href="../../../../../../dict/met/met.xsd#s2md_ei1754" xlink:label="loc_s2md_ei1754" />
    <link:definitionArc xlink:type="arc" xlink:arcrole="http://xbrl.org/int/dim/arcrole/domain-member" xlink:from="loc_s2md_ei1633" xlink:to="loc_s2md_ei1754" order="48" />
    <link:loc xlink:type="locator" xlink:href="../../../../../../dict/met/met.xsd#s2md_ei1756" xlink:label="loc_s2md_ei1756" />
    <link:definitionArc xlink:type="arc" xlink:arcrole="http://xbrl.org/int/dim/arcrole/domain-member" xlink:from="loc_s2md_ei1633" xlink:to="loc_s2md_ei1756" order="49" />
    <link:loc xlink:type="locator" xlink:href="../../../../../../dict/met/met.xsd#s2md_ei1758" xlink:label="loc_s2md_ei1758" />
    <link:definitionArc xlink:type="arc" xlink:arcrole="http://xbrl.org/int/dim/arcrole/domain-member" xlink:from="loc_s2md_ei1633" xlink:to="loc_s2md_ei1758" order="50" />
    <link:loc xlink:type="locator" xlink:href="../../../../../../dict/met/met.xsd#s2md_ei2291" xlink:label="loc_s2md_ei2291" />
    <link:definitionArc xlink:type="arc" xlink:arcrole="http://xbrl.org/int/dim/arcrole/domain-member" xlink:from="loc_s2md_ei1633" xlink:to="loc_s2md_ei2291" order="51" />
    <link:loc xlink:type="locator" xlink:href="../../../../../../dict/met/met.xsd#s2md_ei2292" xlink:label="loc_s2md_ei2292" />
    <link:definitionArc xlink:type="arc" xlink:arcrole="http://xbrl.org/int/dim/arcrole/domain-member" xlink:from="loc_s2md_ei1633" xlink:to="loc_s2md_ei2292" order="52" />
    <link:loc xlink:type="locator" xlink:href="../../../../../../dict/met/met.xsd#s2md_ei1760" xlink:label="loc_s2md_ei1760" />
    <link:definitionArc xlink:type="arc" xlink:arcrole="http://xbrl.org/int/dim/arcrole/domain-member" xlink:from="loc_s2md_ei1633" xlink:to="loc_s2md_ei1760" order="53" />
    <link:loc xlink:type="locator" xlink:href="../../../../../../dict/met/met.xsd#s2md_ei1761" xlink:label="loc_s2md_ei1761" />
    <link:definitionArc xlink:type="arc" xlink:arcrole="http://xbrl.org/int/dim/arcrole/domain-member" xlink:from="loc_s2md_ei1633" xlink:to="loc_s2md_ei1761" order="54" />
    <link:loc xlink:type="locator" xlink:href="../../../../../../dict/met/met.xsd#s2md_ei1762" xlink:label="loc_s2md_ei1762" />
    <link:definitionArc xlink:type="arc" xlink:arcrole="http://xbrl.org/int/dim/arcrole/domain-member" xlink:from="loc_s2md_ei1633" xlink:to="loc_s2md_ei1762" order="55" />
    <link:loc xlink:type="locator" xlink:href="../../../../../../dict/met/met.xsd#s2md_ei1763" xlink:label="loc_s2md_ei1763" />
    <link:definitionArc xlink:type="arc" xlink:arcrole="http://xbrl.org/int/dim/arcrole/domain-member" xlink:from="loc_s2md_ei1633" xlink:to="loc_s2md_ei1763" order="56" />
    <link:loc xlink:type="locator" xlink:href="../../../../../../dict/met/met.xsd#s2md_ei1764" xlink:label="loc_s2md_ei1764" />
    <link:definitionArc xlink:type="arc" xlink:arcrole="http://xbrl.org/int/dim/arcrole/domain-member" xlink:from="loc_s2md_ei1633" xlink:to="loc_s2md_ei1764" order="57" />
    <link:loc xlink:type="locator" xlink:href="../../../../../../dict/met/met.xsd#s2md_ei1765" xlink:label="loc_s2md_ei1765" />
    <link:definitionArc xlink:type="arc" xlink:arcrole="http://xbrl.org/int/dim/arcrole/domain-member" xlink:from="loc_s2md_ei1633" xlink:to="loc_s2md_ei1765" order="58" />
    <link:loc xlink:type="locator" xlink:href="../../../../../../dict/met/met.xsd#s2md_ei1766" xlink:label="loc_s2md_ei1766" />
    <link:definitionArc xlink:type="arc" xlink:arcrole="http://xbrl.org/int/dim/arcrole/domain-member" xlink:from="loc_s2md_ei1633" xlink:to="loc_s2md_ei1766" order="59" />
    <link:loc xlink:type="locator" xlink:href="../../../../../../dict/met/met.xsd#s2md_ei1767" xlink:label="loc_s2md_ei1767" />
    <link:definitionArc xlink:type="arc" xlink:arcrole="http://xbrl.org/int/dim/arcrole/domain-member" xlink:from="loc_s2md_ei1633" xlink:to="loc_s2md_ei1767" order="60" />
    <link:loc xlink:type="locator" xlink:href="../../../../../../dict/met/met.xsd#s2md_ei1768" xlink:label="loc_s2md_ei1768" />
    <link:definitionArc xlink:type="arc" xlink:arcrole="http://xbrl.org/int/dim/arcrole/domain-member" xlink:from="loc_s2md_ei1633" xlink:to="loc_s2md_ei1768" order="61" />
    <link:loc xlink:type="locator" xlink:href="../../../../../../dict/met/met.xsd#s2md_ei1769" xlink:label="loc_s2md_ei1769" />
    <link:definitionArc xlink:type="arc" xlink:arcrole="http://xbrl.org/int/dim/arcrole/domain-member" xlink:from="loc_s2md_ei1633" xlink:to="loc_s2md_ei1769" order="62" />
    <link:loc xlink:type="locator" xlink:href="http://www.eurofiling.info/eu/fr/xbrl/ext/model.xsd#hyp" xlink:label="loc_hyp" />
    <link:definitionArc xlink:type="arc" xlink:arcrole="http://xbrl.org/int/dim/arcrole/all" xlink:from="loc_s2md_ei1633" xlink:to="loc_hyp" xbrldt:closed="true" xbrldt:contextElement="scenario" order="63" />
  </link:definitionLink>
</link:linkbase>