<?xml version="1.0" encoding="UTF-8"?>
<!--(C) EIOPA - XBRL Taxonomy-->
<?officialURI http://eiopa.europa.eu/eu/xbrl/s2c/dict/dom/typ-lab-en.xml?>
<?taxonomy-version 2.4.0?>
<?taxonomy-date 2019-07-15?>
<link:linkbase xmlns:xsi="http://www.w3.org/2001/XMLSchema-instance" xmlns:xlink="http://www.w3.org/1999/xlink" xmlns:link="http://www.xbrl.org/2003/linkbase" xmlns:gen="http://xbrl.org/2008/generic" xmlns:label="http://xbrl.org/2008/label" xsi:schemaLocation="http://www.xbrl.org/2003/linkbase http://www.xbrl.org/2003/xbrl-linkbase-2003-12-31.xsd http://xbrl.org/2008/generic http://www.xbrl.org/2008/generic-link.xsd http://xbrl.org/2008/label http://www.xbrl.org/2008/generic-label.xsd">
  <link:arcroleRef arcroleURI="http://xbrl.org/arcrole/2008/element-label" xlink:type="simple" xlink:href="http://www.xbrl.org/2008/generic-label.xsd#element-label" />
  <link:roleRef roleURI="http://www.xbrl.org/2008/role/label" xlink:type="simple" xlink:href="http://www.xbrl.org/2008/generic-label.xsd#standard-label" />
  <gen:link xlink:type="extended" xlink:role="http://www.xbrl.org/2003/role/link">
    <link:loc xlink:type="locator" xlink:href="typ.xsd#s2c_ID" xlink:label="loc_s2c_ID" />
    <label:label xlink:type="resource" xlink:label="label_s2c_ID" xml:lang="en" xlink:role="http://www.xbrl.org/2008/role/label">Codes</label:label>
    <gen:arc xlink:type="arc" xlink:arcrole="http://xbrl.org/arcrole/2008/element-label" xlink:from="loc_s2c_ID" xlink:to="label_s2c_ID" />
    <link:loc xlink:type="locator" xlink:href="typ.xsd#s2c_NA" xlink:label="loc_s2c_NA" />
    <label:label xlink:type="resource" xlink:label="label_s2c_NA" xml:lang="en" xlink:role="http://www.xbrl.org/2008/role/label">Names</label:label>
    <gen:arc xlink:type="arc" xlink:arcrole="http://xbrl.org/arcrole/2008/element-label" xlink:from="loc_s2c_NA" xlink:to="label_s2c_NA" />
    <link:loc xlink:type="locator" xlink:href="typ.xsd#s2c_NB" xlink:label="loc_s2c_NB" />
    <label:label xlink:type="resource" xlink:label="label_s2c_NB" xml:lang="en" xlink:role="http://www.xbrl.org/2008/role/label">Line identification</label:label>
    <gen:arc xlink:type="arc" xlink:arcrole="http://xbrl.org/arcrole/2008/element-label" xlink:from="loc_s2c_NB" xlink:to="label_s2c_NB" />
    <link:loc xlink:type="locator" xlink:href="typ.xsd#s2c_ER" xlink:label="loc_s2c_ER" />
    <label:label xlink:type="resource" xlink:label="label_s2c_ER" xml:lang="en" xlink:role="http://www.xbrl.org/2008/role/label">Ratings</label:label>
    <gen:arc xlink:type="arc" xlink:arcrole="http://xbrl.org/arcrole/2008/element-label" xlink:from="loc_s2c_ER" xlink:to="label_s2c_ER" />
    <link:loc xlink:type="locator" xlink:href="typ.xsd#s2c_RA" xlink:label="loc_s2c_RA" />
    <label:label xlink:type="resource" xlink:label="label_s2c_RA" xml:lang="en" xlink:role="http://www.xbrl.org/2008/role/label">Agencies</label:label>
    <gen:arc xlink:type="arc" xlink:arcrole="http://xbrl.org/arcrole/2008/element-label" xlink:from="loc_s2c_RA" xlink:to="label_s2c_RA" />
    <link:loc xlink:type="locator" xlink:href="typ.xsd#s2c_TY" xlink:label="loc_s2c_TY" />
    <label:label xlink:type="resource" xlink:label="label_s2c_TY" xml:lang="en" xlink:role="http://www.xbrl.org/2008/role/label">Types</label:label>
    <gen:arc xlink:type="arc" xlink:arcrole="http://xbrl.org/arcrole/2008/element-label" xlink:from="loc_s2c_TY" xlink:to="label_s2c_TY" />
  </gen:link>
</link:linkbase>