<?xml version="1.0" encoding="UTF-8"?>
<!--(C) EIOPA - XBRL Taxonomy-->
<?officialURI http://eiopa.europa.eu/eu/xbrl/s2c/dict/dom/cg/hier-lab-en.xml?>
<?taxonomy-version 2.4.0?>
<?taxonomy-date 2019-07-15?>
<link:linkbase xmlns:xsi="http://www.w3.org/2001/XMLSchema-instance" xmlns:xlink="http://www.w3.org/1999/xlink" xmlns:link="http://www.xbrl.org/2003/linkbase" xmlns:gen="http://xbrl.org/2008/generic" xmlns:label="http://xbrl.org/2008/label" xsi:schemaLocation="http://www.xbrl.org/2003/linkbase http://www.xbrl.org/2003/xbrl-linkbase-2003-12-31.xsd http://xbrl.org/2008/generic http://www.xbrl.org/2008/generic-link.xsd http://xbrl.org/2008/label http://www.xbrl.org/2008/generic-label.xsd">
  <link:arcroleRef arcroleURI="http://xbrl.org/arcrole/2008/element-label" xlink:type="simple" xlink:href="http://www.xbrl.org/2008/generic-label.xsd#element-label" />
  <link:roleRef roleURI="http://www.xbrl.org/2008/role/label" xlink:type="simple" xlink:href="http://www.xbrl.org/2008/generic-label.xsd#standard-label" />
  <link:roleRef roleURI="http://www.xbrl.org/2008/role/verboseLabel" xlink:type="simple" xlink:href="http://www.xbrl.org/2008/generic-label.xsd#verbose-label" />
  <gen:link xlink:type="extended" xlink:role="http://www.xbrl.org/2003/role/link">
    <link:loc xlink:type="locator" xlink:href="hier.xsd#s2c_1" xlink:label="loc_s2c_CG_1." />
    <label:label xlink:type="resource" xlink:label="label_s2c_CG_1." xml:lang="en" xlink:role="http://www.xbrl.org/2008/role/label">Collateral/Guarantee</label:label>
    <gen:arc xlink:type="arc" xlink:arcrole="http://xbrl.org/arcrole/2008/element-label" xlink:from="loc_s2c_CG_1." xlink:to="label_s2c_CG_1." />
    <label:label xlink:type="resource" xlink:label="label_s2c_CG_1._1" xml:lang="en" xlink:role="http://www.xbrl.org/2008/role/verboseLabel">N/A</label:label>
    <gen:arc xlink:type="arc" xlink:arcrole="http://xbrl.org/arcrole/2008/element-label" xlink:from="loc_s2c_CG_1." xlink:to="label_s2c_CG_1._1" />
    <link:loc xlink:type="locator" xlink:href="hier.xsd#s2c_2" xlink:label="loc_s2c_CG_2." />
    <label:label xlink:type="resource" xlink:label="label_s2c_CG_2." xml:lang="en" xlink:role="http://www.xbrl.org/2008/role/label">Being collateral or not</label:label>
    <gen:arc xlink:type="arc" xlink:arcrole="http://xbrl.org/arcrole/2008/element-label" xlink:from="loc_s2c_CG_2." xlink:to="label_s2c_CG_2." />
    <label:label xlink:type="resource" xlink:label="label_s2c_CG_2._1" xml:lang="en" xlink:role="http://www.xbrl.org/2008/role/verboseLabel">N/A</label:label>
    <gen:arc xlink:type="arc" xlink:arcrole="http://xbrl.org/arcrole/2008/element-label" xlink:from="loc_s2c_CG_2." xlink:to="label_s2c_CG_2._1" />
    <link:loc xlink:type="locator" xlink:href="hier.xsd#s2c_3" xlink:label="loc_s2c_CG_3." />
    <label:label xlink:type="resource" xlink:label="label_s2c_CG_3." xml:lang="en" xlink:role="http://www.xbrl.org/2008/role/label">Collateral</label:label>
    <gen:arc xlink:type="arc" xlink:arcrole="http://xbrl.org/arcrole/2008/element-label" xlink:from="loc_s2c_CG_3." xlink:to="label_s2c_CG_3." />
    <label:label xlink:type="resource" xlink:label="label_s2c_CG_3._1" xml:lang="en" xlink:role="http://www.xbrl.org/2008/role/verboseLabel">N/A</label:label>
    <gen:arc xlink:type="arc" xlink:arcrole="http://xbrl.org/arcrole/2008/element-label" xlink:from="loc_s2c_CG_3." xlink:to="label_s2c_CG_3._1" />
    <link:loc xlink:type="locator" xlink:href="hier.xsd#s2c_4" xlink:label="loc_s2c_CG_4." />
    <label:label xlink:type="resource" xlink:label="label_s2c_CG_4." xml:lang="en" xlink:role="http://www.xbrl.org/2008/role/label">SPV sufficiently collateralised or not</label:label>
    <gen:arc xlink:type="arc" xlink:arcrole="http://xbrl.org/arcrole/2008/element-label" xlink:from="loc_s2c_CG_4." xlink:to="label_s2c_CG_4." />
    <label:label xlink:type="resource" xlink:label="label_s2c_CG_4._1" xml:lang="en" xlink:role="http://www.xbrl.org/2008/role/verboseLabel">N/A</label:label>
    <gen:arc xlink:type="arc" xlink:arcrole="http://xbrl.org/arcrole/2008/element-label" xlink:from="loc_s2c_CG_4." xlink:to="label_s2c_CG_4._1" />
    <link:loc xlink:type="locator" xlink:href="hier.xsd#s2c_5" xlink:label="loc_s2c_CG_5." />
    <label:label xlink:type="resource" xlink:label="label_s2c_CG_5." xml:lang="en" xlink:role="http://www.xbrl.org/2008/role/label">Capital protection</label:label>
    <gen:arc xlink:type="arc" xlink:arcrole="http://xbrl.org/arcrole/2008/element-label" xlink:from="loc_s2c_CG_5." xlink:to="label_s2c_CG_5." />
    <label:label xlink:type="resource" xlink:label="label_s2c_CG_5._1" xml:lang="en" xlink:role="http://www.xbrl.org/2008/role/verboseLabel">N/A</label:label>
    <gen:arc xlink:type="arc" xlink:arcrole="http://xbrl.org/arcrole/2008/element-label" xlink:from="loc_s2c_CG_5." xlink:to="label_s2c_CG_5._1" />
    <link:loc xlink:type="locator" xlink:href="hier.xsd#s2c_6" xlink:label="loc_s2c_CG_6." />
    <label:label xlink:type="resource" xlink:label="label_s2c_CG_6." xml:lang="en" xlink:role="http://www.xbrl.org/2008/role/label">Types of guarantee (Preparatory scope)</label:label>
    <gen:arc xlink:type="arc" xlink:arcrole="http://xbrl.org/arcrole/2008/element-label" xlink:from="loc_s2c_CG_6." xlink:to="label_s2c_CG_6." />
    <label:label xlink:type="resource" xlink:label="label_s2c_CG_6._1" xml:lang="en" xlink:role="http://www.xbrl.org/2008/role/verboseLabel">N/A</label:label>
    <gen:arc xlink:type="arc" xlink:arcrole="http://xbrl.org/arcrole/2008/element-label" xlink:from="loc_s2c_CG_6." xlink:to="label_s2c_CG_6._1" />
    <link:loc xlink:type="locator" xlink:href="hier.xsd#s2c_7" xlink:label="loc_s2c_CG_7." />
    <label:label xlink:type="resource" xlink:label="label_s2c_CG_7." xml:lang="en" xlink:role="http://www.xbrl.org/2008/role/label">Hedge application</label:label>
    <gen:arc xlink:type="arc" xlink:arcrole="http://xbrl.org/arcrole/2008/element-label" xlink:from="loc_s2c_CG_7." xlink:to="label_s2c_CG_7." />
    <label:label xlink:type="resource" xlink:label="label_s2c_CG_7._1" xml:lang="en" xlink:role="http://www.xbrl.org/2008/role/verboseLabel">N/A</label:label>
    <gen:arc xlink:type="arc" xlink:arcrole="http://xbrl.org/arcrole/2008/element-label" xlink:from="loc_s2c_CG_7." xlink:to="label_s2c_CG_7._1" />
    <link:loc xlink:type="locator" xlink:href="hier.xsd#s2c_8" xlink:label="loc_s2c_CG_8." />
    <label:label xlink:type="resource" xlink:label="label_s2c_CG_8." xml:lang="en" xlink:role="http://www.xbrl.org/2008/role/label">Collateral portfolio</label:label>
    <gen:arc xlink:type="arc" xlink:arcrole="http://xbrl.org/arcrole/2008/element-label" xlink:from="loc_s2c_CG_8." xlink:to="label_s2c_CG_8." />
    <label:label xlink:type="resource" xlink:label="label_s2c_CG_8._1" xml:lang="en" xlink:role="http://www.xbrl.org/2008/role/verboseLabel">N/A</label:label>
    <gen:arc xlink:type="arc" xlink:arcrole="http://xbrl.org/arcrole/2008/element-label" xlink:from="loc_s2c_CG_8." xlink:to="label_s2c_CG_8._1" />
    <link:loc xlink:type="locator" xlink:href="hier.xsd#s2c_9" xlink:label="loc_s2c_CG_9." />
    <label:label xlink:type="resource" xlink:label="label_s2c_CG_9." xml:lang="en" xlink:role="http://www.xbrl.org/2008/role/label">Types of guarantee (Full scope)</label:label>
    <gen:arc xlink:type="arc" xlink:arcrole="http://xbrl.org/arcrole/2008/element-label" xlink:from="loc_s2c_CG_9." xlink:to="label_s2c_CG_9." />
    <label:label xlink:type="resource" xlink:label="label_s2c_CG_9._1" xml:lang="en" xlink:role="http://www.xbrl.org/2008/role/verboseLabel">N/A</label:label>
    <gen:arc xlink:type="arc" xlink:arcrole="http://xbrl.org/arcrole/2008/element-label" xlink:from="loc_s2c_CG_9." xlink:to="label_s2c_CG_9._1" />
    <link:loc xlink:type="locator" xlink:href="hier.xsd#s2c_10" xlink:label="loc_s2c_CG_10." />
    <label:label xlink:type="resource" xlink:label="label_s2c_CG_10." xml:lang="en" xlink:role="http://www.xbrl.org/2008/role/label">Encumbrance</label:label>
    <gen:arc xlink:type="arc" xlink:arcrole="http://xbrl.org/arcrole/2008/element-label" xlink:from="loc_s2c_CG_10." xlink:to="label_s2c_CG_10." />
    <label:label xlink:type="resource" xlink:label="label_s2c_CG_10._1" xml:lang="en" xlink:role="http://www.xbrl.org/2008/role/verboseLabel">EN</label:label>
    <gen:arc xlink:type="arc" xlink:arcrole="http://xbrl.org/arcrole/2008/element-label" xlink:from="loc_s2c_CG_10." xlink:to="label_s2c_CG_10._1" />
    <link:loc xlink:type="locator" xlink:href="hier.xsd#s2c_11" xlink:label="loc_s2c_CG_11." />
    <label:label xlink:type="resource" xlink:label="label_s2c_CG_11." xml:lang="en" xlink:role="http://www.xbrl.org/2008/role/label">Collateral portfolio (Full scope)</label:label>
    <gen:arc xlink:type="arc" xlink:arcrole="http://xbrl.org/arcrole/2008/element-label" xlink:from="loc_s2c_CG_11." xlink:to="label_s2c_CG_11." />
    <label:label xlink:type="resource" xlink:label="label_s2c_CG_11._1" xml:lang="en" xlink:role="http://www.xbrl.org/2008/role/verboseLabel">N/A</label:label>
    <gen:arc xlink:type="arc" xlink:arcrole="http://xbrl.org/arcrole/2008/element-label" xlink:from="loc_s2c_CG_11." xlink:to="label_s2c_CG_11._1" />
    <link:loc xlink:type="locator" xlink:href="hier.xsd#s2c_500" xlink:label="loc_s2c_CG_500." />
    <label:label xlink:type="resource" xlink:label="label_s2c_CG_500." xml:lang="en" xlink:role="http://www.xbrl.org/2008/role/label">Collateralised with mortgage or not</label:label>
    <gen:arc xlink:type="arc" xlink:arcrole="http://xbrl.org/arcrole/2008/element-label" xlink:from="loc_s2c_CG_500." xlink:to="label_s2c_CG_500." />
    <label:label xlink:type="resource" xlink:label="label_s2c_CG_500._1" xml:lang="en" xlink:role="http://www.xbrl.org/2008/role/verboseLabel">CG</label:label>
    <gen:arc xlink:type="arc" xlink:arcrole="http://xbrl.org/arcrole/2008/element-label" xlink:from="loc_s2c_CG_500." xlink:to="label_s2c_CG_500._1" />
  </gen:link>
</link:linkbase>