<?xml version="1.0" encoding="UTF-8"?>
<!--(C) EIOPA - XBRL Taxonomy-->
<?officialURI http://eiopa.europa.eu/eu/xbrl/s2md/fws/solvency/solvency2/2019-07-15/mod/aes-find-check-err-en.xml?>
<?taxonomy-version 2.4.0?>
<?taxonomy-date 2019-07-15?>
<link:linkbase xmlns:xsi="http://www.w3.org/2001/XMLSchema-instance" xmlns:xbrli="http://www.xbrl.org/2003/instance" xmlns:xlink="http://www.w3.org/1999/xlink" xmlns:link="http://www.xbrl.org/2003/linkbase" xmlns:gen="http://xbrl.org/2008/generic" xmlns:label="http://xbrl.org/2008/label" xmlns:msg="http://xbrl.org/2010/message" xsi:schemaLocation="http://www.xbrl.org/2003/linkbase http://www.xbrl.org/2003/xbrl-linkbase-2003-12-31.xsd http://xbrl.org/2008/generic http://www.xbrl.org/2008/generic-link.xsd http://xbrl.org/2008/label http://www.xbrl.org/2008/generic-label.xsd http://xbrl.org/2010/message http://www.xbrl.org/2010/generic-message.xsd">
  <link:arcroleRef arcroleURI="http://xbrl.org/arcrole/2010/assertion-unsatisfied-message" xlink:type="simple" xlink:href="http://www.xbrl.org/2010/validation-message.xsd#assertion-unsatisfied-message" />
  <link:roleRef roleURI="http://www.xbrl.org/2010/role/message" xlink:type="simple" xlink:href="http://www.xbrl.org/2010/generic-message.xsd#standard-message" />
  <link:roleRef roleURI="http://www.xbrl.org/2010/role/terseMessage" xlink:type="simple" xlink:href="http://www.xbrl.org/2010/generic-message.xsd#terse-message" />
  <gen:link xlink:type="extended" xlink:role="http://www.xbrl.org/2003/role/link">
    <link:loc xlink:type="locator" xlink:href="aes-find-check.xml#fc_aes" xlink:label="fc_aes" />
    <msg:message xlink:type="resource" xlink:label="label_aes" xlink:role="http://www.xbrl.org/2010/role/message" xml:lang="en" id="label_aes">Filing indicator value {$filingIndicator} is incorrect for a module.</msg:message>
    <gen:arc xlink:type="arc" xlink:arcrole="http://xbrl.org/arcrole/2010/assertion-unsatisfied-message" xlink:from="fc_aes" xlink:to="label_aes" />
    <link:loc xlink:type="locator" xlink:href="aes-find-check.xml#fc_aes_f1" xlink:label="fc_aes_f1" />
    <msg:message xlink:type="resource" xlink:label="label_fc_aes_f1" xlink:role="http://www.xbrl.org/2010/role/message" xml:lang="en" id="label_fc_aes_f1">Mandatory filing indicator missing</msg:message>
    <gen:arc xlink:type="arc" xlink:arcrole="http://xbrl.org/arcrole/2010/assertion-unsatisfied-message" xlink:from="fc_aes_f1" xlink:to="label_fc_aes_f1" />
    <link:loc xlink:type="locator" xlink:href="aes-find-check.xml#fc_aes_f2" xlink:label="fc_aes_f2" />
    <msg:message xlink:type="resource" xlink:label="label_fc_aes_f2" xlink:role="http://www.xbrl.org/2010/role/message" xml:lang="en" id="label_fc_aes_f2">Mandatory filing indicator missing</msg:message>
    <gen:arc xlink:type="arc" xlink:arcrole="http://xbrl.org/arcrole/2010/assertion-unsatisfied-message" xlink:from="fc_aes_f2" xlink:to="label_fc_aes_f2" />
  </gen:link>
</link:linkbase>