<?xml version="1.0" encoding="UTF-8"?>
<!--(C) EIOPA - XBRL Taxonomy-->
<?officialURI http://eiopa.europa.eu/eu/xbrl/s2md/fws/solvency/solvency2/2019-07-15/mod/afs-find-prec.xml?>
<?taxonomy-version 2.4.0?>
<?taxonomy-date 2019-07-15?>
<link:linkbase xmlns:xsi="http://www.w3.org/2001/XMLSchema-instance" xmlns:xbrli="http://www.xbrl.org/2003/instance" xmlns:xlink="http://www.w3.org/1999/xlink" xmlns:link="http://www.xbrl.org/2003/linkbase" xmlns:gen="http://xbrl.org/2008/generic" xmlns:label="http://xbrl.org/2008/label" xmlns:find="http://www.eurofiling.info/xbrl/ext/filing-indicators" xmlns:variable="http://xbrl.org/2008/variable" xsi:schemaLocation="http://www.xbrl.org/2003/linkbase http://www.xbrl.org/2003/xbrl-linkbase-2003-12-31.xsd http://xbrl.org/2008/generic http://www.xbrl.org/2008/generic-link.xsd http://xbrl.org/2008/label http://www.xbrl.org/2008/generic-label.xsd http://www.eurofiling.info/xbrl/ext/filing-indicators http://www.eurofiling.info/eu/fr/xbrl/ext/filing-indicators.xsd http://xbrl.org/2008/variable http://www.xbrl.org/2008/variable.xsd">
  <link:arcroleRef arcroleURI="http://xbrl.org/arcrole/2008/variable-set-precondition" xlink:type="simple" xlink:href="http://www.xbrl.org/2008/variable.xsd#variable-set-precondition" />
  <gen:link xlink:type="extended" xlink:role="http://www.xbrl.org/2003/role/link">
    <variable:precondition xlink:type="resource" xlink:label="findPrec" test="$find:tS.01.02" />
    <link:loc xlink:type="locator" xlink:href="../val/vr-tv57-3.xml#s2md_TV57-3" xlink:label="loc_s2md_TV57-3" />
    <gen:arc xlink:type="arc" xlink:arcrole="http://xbrl.org/arcrole/2008/variable-set-precondition" xlink:from="loc_s2md_TV57-3" xlink:to="findPrec" />
    <link:loc xlink:type="locator" xlink:href="../val/vr-tv68-3.xml#s2md_TV68-3" xlink:label="loc_s2md_TV68-3" />
    <gen:arc xlink:type="arc" xlink:arcrole="http://xbrl.org/arcrole/2008/variable-set-precondition" xlink:from="loc_s2md_TV68-3" xlink:to="findPrec" />
    <link:loc xlink:type="locator" xlink:href="../val/vr-tv69-3.xml#s2md_TV69-3" xlink:label="loc_s2md_TV69-3" />
    <gen:arc xlink:type="arc" xlink:arcrole="http://xbrl.org/arcrole/2008/variable-set-precondition" xlink:from="loc_s2md_TV69-3" xlink:to="findPrec" />
    <link:loc xlink:type="locator" xlink:href="../val/vr-tv70-3.xml#s2md_TV70-3" xlink:label="loc_s2md_TV70-3" />
    <gen:arc xlink:type="arc" xlink:arcrole="http://xbrl.org/arcrole/2008/variable-set-precondition" xlink:from="loc_s2md_TV70-3" xlink:to="findPrec" />
    <link:loc xlink:type="locator" xlink:href="../val/vr-bv195-10-2.xml#s2md_BV195-10-2" xlink:label="loc_s2md_BV195-10-2" />
    <gen:arc xlink:type="arc" xlink:arcrole="http://xbrl.org/arcrole/2008/variable-set-precondition" xlink:from="loc_s2md_BV195-10-2" xlink:to="findPrec" />
    <gen:arc xlink:type="arc" xlink:arcrole="http://xbrl.org/arcrole/2008/variable-set-precondition" xlink:from="loc_s2md_BV195-10-2_W" xlink:to="findPrec" />
    <link:loc xlink:type="locator" xlink:href="../val/vr-bv195-11-2.xml#s2md_BV195-11-2" xlink:label="loc_s2md_BV195-11-2" />
    <gen:arc xlink:type="arc" xlink:arcrole="http://xbrl.org/arcrole/2008/variable-set-precondition" xlink:from="loc_s2md_BV195-11-2" xlink:to="findPrec" />
    <gen:arc xlink:type="arc" xlink:arcrole="http://xbrl.org/arcrole/2008/variable-set-precondition" xlink:from="loc_s2md_BV195-11-2_W" xlink:to="findPrec" />
    <link:loc xlink:type="locator" xlink:href="../val/vr-bv195-12-2.xml#s2md_BV195-12-2" xlink:label="loc_s2md_BV195-12-2" />
    <gen:arc xlink:type="arc" xlink:arcrole="http://xbrl.org/arcrole/2008/variable-set-precondition" xlink:from="loc_s2md_BV195-12-2" xlink:to="findPrec" />
    <gen:arc xlink:type="arc" xlink:arcrole="http://xbrl.org/arcrole/2008/variable-set-precondition" xlink:from="loc_s2md_BV195-12-2_W" xlink:to="findPrec" />
    <link:loc xlink:type="locator" xlink:href="../val/vr-bv195-1-3.xml#s2md_BV195-1-3" xlink:label="loc_s2md_BV195-1-3" />
    <gen:arc xlink:type="arc" xlink:arcrole="http://xbrl.org/arcrole/2008/variable-set-precondition" xlink:from="loc_s2md_BV195-1-3" xlink:to="findPrec" />
    <gen:arc xlink:type="arc" xlink:arcrole="http://xbrl.org/arcrole/2008/variable-set-precondition" xlink:from="loc_s2md_BV195-1-3_W" xlink:to="findPrec" />
    <link:loc xlink:type="locator" xlink:href="../val/vr-bv195-13-2.xml#s2md_BV195-13-2" xlink:label="loc_s2md_BV195-13-2" />
    <gen:arc xlink:type="arc" xlink:arcrole="http://xbrl.org/arcrole/2008/variable-set-precondition" xlink:from="loc_s2md_BV195-13-2" xlink:to="findPrec" />
    <gen:arc xlink:type="arc" xlink:arcrole="http://xbrl.org/arcrole/2008/variable-set-precondition" xlink:from="loc_s2md_BV195-13-2_W" xlink:to="findPrec" />
    <link:loc xlink:type="locator" xlink:href="../val/vr-bv195-14-2.xml#s2md_BV195-14-2" xlink:label="loc_s2md_BV195-14-2" />
    <gen:arc xlink:type="arc" xlink:arcrole="http://xbrl.org/arcrole/2008/variable-set-precondition" xlink:from="loc_s2md_BV195-14-2" xlink:to="findPrec" />
    <gen:arc xlink:type="arc" xlink:arcrole="http://xbrl.org/arcrole/2008/variable-set-precondition" xlink:from="loc_s2md_BV195-14-2_W" xlink:to="findPrec" />
    <link:loc xlink:type="locator" xlink:href="../val/vr-bv195-15-2.xml#s2md_BV195-15-2" xlink:label="loc_s2md_BV195-15-2" />
    <gen:arc xlink:type="arc" xlink:arcrole="http://xbrl.org/arcrole/2008/variable-set-precondition" xlink:from="loc_s2md_BV195-15-2" xlink:to="findPrec" />
    <gen:arc xlink:type="arc" xlink:arcrole="http://xbrl.org/arcrole/2008/variable-set-precondition" xlink:from="loc_s2md_BV195-15-2_W" xlink:to="findPrec" />
    <link:loc xlink:type="locator" xlink:href="../val/vr-bv195-16-2.xml#s2md_BV195-16-2" xlink:label="loc_s2md_BV195-16-2" />
    <gen:arc xlink:type="arc" xlink:arcrole="http://xbrl.org/arcrole/2008/variable-set-precondition" xlink:from="loc_s2md_BV195-16-2" xlink:to="findPrec" />
    <gen:arc xlink:type="arc" xlink:arcrole="http://xbrl.org/arcrole/2008/variable-set-precondition" xlink:from="loc_s2md_BV195-16-2_W" xlink:to="findPrec" />
    <link:loc xlink:type="locator" xlink:href="../val/vr-bv195-17-2.xml#s2md_BV195-17-2" xlink:label="loc_s2md_BV195-17-2" />
    <gen:arc xlink:type="arc" xlink:arcrole="http://xbrl.org/arcrole/2008/variable-set-precondition" xlink:from="loc_s2md_BV195-17-2" xlink:to="findPrec" />
    <gen:arc xlink:type="arc" xlink:arcrole="http://xbrl.org/arcrole/2008/variable-set-precondition" xlink:from="loc_s2md_BV195-17-2_W" xlink:to="findPrec" />
    <link:loc xlink:type="locator" xlink:href="../val/vr-bv195-18-2.xml#s2md_BV195-18-2" xlink:label="loc_s2md_BV195-18-2" />
    <gen:arc xlink:type="arc" xlink:arcrole="http://xbrl.org/arcrole/2008/variable-set-precondition" xlink:from="loc_s2md_BV195-18-2" xlink:to="findPrec" />
    <gen:arc xlink:type="arc" xlink:arcrole="http://xbrl.org/arcrole/2008/variable-set-precondition" xlink:from="loc_s2md_BV195-18-2_W" xlink:to="findPrec" />
    <link:loc xlink:type="locator" xlink:href="../val/vr-bv195-19-1.xml#s2md_BV195-19-1" xlink:label="loc_s2md_BV195-19-1" />
    <gen:arc xlink:type="arc" xlink:arcrole="http://xbrl.org/arcrole/2008/variable-set-precondition" xlink:from="loc_s2md_BV195-19-1" xlink:to="findPrec" />
    <gen:arc xlink:type="arc" xlink:arcrole="http://xbrl.org/arcrole/2008/variable-set-precondition" xlink:from="loc_s2md_BV195-19-1_W" xlink:to="findPrec" />
    <link:loc xlink:type="locator" xlink:href="../val/vr-bv195-20-1.xml#s2md_BV195-20-1" xlink:label="loc_s2md_BV195-20-1" />
    <gen:arc xlink:type="arc" xlink:arcrole="http://xbrl.org/arcrole/2008/variable-set-precondition" xlink:from="loc_s2md_BV195-20-1" xlink:to="findPrec" />
    <gen:arc xlink:type="arc" xlink:arcrole="http://xbrl.org/arcrole/2008/variable-set-precondition" xlink:from="loc_s2md_BV195-20-1_W" xlink:to="findPrec" />
    <link:loc xlink:type="locator" xlink:href="../val/vr-bv195-2-1.xml#s2md_BV195-2-1" xlink:label="loc_s2md_BV195-2-1" />
    <gen:arc xlink:type="arc" xlink:arcrole="http://xbrl.org/arcrole/2008/variable-set-precondition" xlink:from="loc_s2md_BV195-2-1" xlink:to="findPrec" />
    <gen:arc xlink:type="arc" xlink:arcrole="http://xbrl.org/arcrole/2008/variable-set-precondition" xlink:from="loc_s2md_BV195-2-1_W" xlink:to="findPrec" />
    <link:loc xlink:type="locator" xlink:href="../val/vr-bv195-3-1.xml#s2md_BV195-3-1" xlink:label="loc_s2md_BV195-3-1" />
    <gen:arc xlink:type="arc" xlink:arcrole="http://xbrl.org/arcrole/2008/variable-set-precondition" xlink:from="loc_s2md_BV195-3-1" xlink:to="findPrec" />
    <gen:arc xlink:type="arc" xlink:arcrole="http://xbrl.org/arcrole/2008/variable-set-precondition" xlink:from="loc_s2md_BV195-3-1_W" xlink:to="findPrec" />
    <link:loc xlink:type="locator" xlink:href="../val/vr-bv195-4-1.xml#s2md_BV195-4-1" xlink:label="loc_s2md_BV195-4-1" />
    <gen:arc xlink:type="arc" xlink:arcrole="http://xbrl.org/arcrole/2008/variable-set-precondition" xlink:from="loc_s2md_BV195-4-1" xlink:to="findPrec" />
    <gen:arc xlink:type="arc" xlink:arcrole="http://xbrl.org/arcrole/2008/variable-set-precondition" xlink:from="loc_s2md_BV195-4-1_W" xlink:to="findPrec" />
    <link:loc xlink:type="locator" xlink:href="../val/vr-bv195-5-1.xml#s2md_BV195-5-1" xlink:label="loc_s2md_BV195-5-1" />
    <gen:arc xlink:type="arc" xlink:arcrole="http://xbrl.org/arcrole/2008/variable-set-precondition" xlink:from="loc_s2md_BV195-5-1" xlink:to="findPrec" />
    <gen:arc xlink:type="arc" xlink:arcrole="http://xbrl.org/arcrole/2008/variable-set-precondition" xlink:from="loc_s2md_BV195-5-1_W" xlink:to="findPrec" />
    <link:loc xlink:type="locator" xlink:href="../val/vr-bv195-6-1.xml#s2md_BV195-6-1" xlink:label="loc_s2md_BV195-6-1" />
    <gen:arc xlink:type="arc" xlink:arcrole="http://xbrl.org/arcrole/2008/variable-set-precondition" xlink:from="loc_s2md_BV195-6-1" xlink:to="findPrec" />
    <gen:arc xlink:type="arc" xlink:arcrole="http://xbrl.org/arcrole/2008/variable-set-precondition" xlink:from="loc_s2md_BV195-6-1_W" xlink:to="findPrec" />
    <link:loc xlink:type="locator" xlink:href="../val/vr-bv195-7-1.xml#s2md_BV195-7-1" xlink:label="loc_s2md_BV195-7-1" />
    <gen:arc xlink:type="arc" xlink:arcrole="http://xbrl.org/arcrole/2008/variable-set-precondition" xlink:from="loc_s2md_BV195-7-1" xlink:to="findPrec" />
    <gen:arc xlink:type="arc" xlink:arcrole="http://xbrl.org/arcrole/2008/variable-set-precondition" xlink:from="loc_s2md_BV195-7-1_W" xlink:to="findPrec" />
    <link:loc xlink:type="locator" xlink:href="../val/vr-bv195-8-1.xml#s2md_BV195-8-1" xlink:label="loc_s2md_BV195-8-1" />
    <gen:arc xlink:type="arc" xlink:arcrole="http://xbrl.org/arcrole/2008/variable-set-precondition" xlink:from="loc_s2md_BV195-8-1" xlink:to="findPrec" />
    <link:loc xlink:type="locator" xlink:href="../val/vr-bv195-9-1.xml#s2md_BV195-9-1" xlink:label="loc_s2md_BV195-9-1" />
    <gen:arc xlink:type="arc" xlink:arcrole="http://xbrl.org/arcrole/2008/variable-set-precondition" xlink:from="loc_s2md_BV195-9-1" xlink:to="findPrec" />
    <gen:arc xlink:type="arc" xlink:arcrole="http://xbrl.org/arcrole/2008/variable-set-precondition" xlink:from="loc_s2md_BV195-9-1_W" xlink:to="findPrec" />
    <variable:precondition xlink:type="resource" xlink:label="findPrec_1" test="$find:tT.99.01" />
    <link:loc xlink:type="locator" xlink:href="../val/vr-tv58-1.xml#s2md_TV58-1" xlink:label="loc_s2md_TV58-1" />
    <gen:arc xlink:type="arc" xlink:arcrole="http://xbrl.org/arcrole/2008/variable-set-precondition" xlink:from="loc_s2md_TV58-1" xlink:to="findPrec_1" />
    <link:loc xlink:type="locator" xlink:href="../val/vr-tv59-1.xml#s2md_TV59-1" xlink:label="loc_s2md_TV59-1" />
    <gen:arc xlink:type="arc" xlink:arcrole="http://xbrl.org/arcrole/2008/variable-set-precondition" xlink:from="loc_s2md_TV59-1" xlink:to="findPrec_1" />
    <link:loc xlink:type="locator" xlink:href="../val/vr-tv60-1.xml#s2md_TV60-1" xlink:label="loc_s2md_TV60-1" />
    <gen:arc xlink:type="arc" xlink:arcrole="http://xbrl.org/arcrole/2008/variable-set-precondition" xlink:from="loc_s2md_TV60-1" xlink:to="findPrec_1" />
    <link:loc xlink:type="locator" xlink:href="../val/vr-tv61-1.xml#s2md_TV61-1" xlink:label="loc_s2md_TV61-1" />
    <gen:arc xlink:type="arc" xlink:arcrole="http://xbrl.org/arcrole/2008/variable-set-precondition" xlink:from="loc_s2md_TV61-1" xlink:to="findPrec_1" />
    <link:loc xlink:type="locator" xlink:href="../val/vr-tv62-1.xml#s2md_TV62-1" xlink:label="loc_s2md_TV62-1" />
    <gen:arc xlink:type="arc" xlink:arcrole="http://xbrl.org/arcrole/2008/variable-set-precondition" xlink:from="loc_s2md_TV62-1" xlink:to="findPrec_1" />
    <link:loc xlink:type="locator" xlink:href="../val/vr-tv63-1.xml#s2md_TV63-1" xlink:label="loc_s2md_TV63-1" />
    <gen:arc xlink:type="arc" xlink:arcrole="http://xbrl.org/arcrole/2008/variable-set-precondition" xlink:from="loc_s2md_TV63-1" xlink:to="findPrec_1" />
    <link:loc xlink:type="locator" xlink:href="../val/vr-tv64-1.xml#s2md_TV64-1" xlink:label="loc_s2md_TV64-1" />
    <gen:arc xlink:type="arc" xlink:arcrole="http://xbrl.org/arcrole/2008/variable-set-precondition" xlink:from="loc_s2md_TV64-1" xlink:to="findPrec_1" />
    <link:loc xlink:type="locator" xlink:href="../val/vr-tv65-1.xml#s2md_TV65-1" xlink:label="loc_s2md_TV65-1" />
    <gen:arc xlink:type="arc" xlink:arcrole="http://xbrl.org/arcrole/2008/variable-set-precondition" xlink:from="loc_s2md_TV65-1" xlink:to="findPrec_1" />
    <variable:precondition xlink:type="resource" xlink:label="findPrec_2" test="$find:tS.01.01" />
    <link:loc xlink:type="locator" xlink:href="../val/vr-tv23-10-1-1.xml#s2md_TV23-10-1-1" xlink:label="loc_s2md_TV23-10-1-1" />
    <gen:arc xlink:type="arc" xlink:arcrole="http://xbrl.org/arcrole/2008/variable-set-precondition" xlink:from="loc_s2md_TV23-10-1-1" xlink:to="findPrec_2" />
    <link:loc xlink:type="locator" xlink:href="../val/vr-tv23-10-2-1.xml#s2md_TV23-10-2-1" xlink:label="loc_s2md_TV23-10-2-1" />
    <gen:arc xlink:type="arc" xlink:arcrole="http://xbrl.org/arcrole/2008/variable-set-precondition" xlink:from="loc_s2md_TV23-10-2-1" xlink:to="findPrec_2" />
    <link:loc xlink:type="locator" xlink:href="../val/vr-tv23-10-3-1.xml#s2md_TV23-10-3-1" xlink:label="loc_s2md_TV23-10-3-1" />
    <gen:arc xlink:type="arc" xlink:arcrole="http://xbrl.org/arcrole/2008/variable-set-precondition" xlink:from="loc_s2md_TV23-10-3-1" xlink:to="findPrec_2" />
    <link:loc xlink:type="locator" xlink:href="../val/vr-tv23-10-4-1.xml#s2md_TV23-10-4-1" xlink:label="loc_s2md_TV23-10-4-1" />
    <gen:arc xlink:type="arc" xlink:arcrole="http://xbrl.org/arcrole/2008/variable-set-precondition" xlink:from="loc_s2md_TV23-10-4-1" xlink:to="findPrec_2" />
    <variable:precondition xlink:type="resource" xlink:label="findPrec_3" test="( $find:tS.01.01 and $find:tS.01.02 )" />
    <link:loc xlink:type="locator" xlink:href="../val/vr-bv1003-1.xml#s2md_BV1003-1" xlink:label="loc_s2md_BV1003-1" />
    <gen:arc xlink:type="arc" xlink:arcrole="http://xbrl.org/arcrole/2008/variable-set-precondition" xlink:from="loc_s2md_BV1003-1" xlink:to="findPrec_3" />
    <gen:arc xlink:type="arc" xlink:arcrole="http://xbrl.org/arcrole/2008/variable-set-precondition" xlink:from="loc_s2md_BV1003-1_W" xlink:to="findPrec_3" />
    <variable:precondition xlink:type="resource" xlink:label="rp" test="$regularReporting" />
    <variable:precondition xlink:type="resource" xlink:label="nrp" test="$nonRegularReporting" />
    <link:loc xlink:type="locator" xlink:href="../val/vr-bv195-10-2_w.xml#s2md_BV195-10-2_W" xlink:label="loc_s2md_BV195-10-2_W" />
    <link:loc xlink:type="locator" xlink:href="../val/vr-bv195-11-2_w.xml#s2md_BV195-11-2_W" xlink:label="loc_s2md_BV195-11-2_W" />
    <link:loc xlink:type="locator" xlink:href="../val/vr-bv195-12-2_w.xml#s2md_BV195-12-2_W" xlink:label="loc_s2md_BV195-12-2_W" />
    <link:loc xlink:type="locator" xlink:href="../val/vr-bv195-1-3_w.xml#s2md_BV195-1-3_W" xlink:label="loc_s2md_BV195-1-3_W" />
    <link:loc xlink:type="locator" xlink:href="../val/vr-bv195-13-2_w.xml#s2md_BV195-13-2_W" xlink:label="loc_s2md_BV195-13-2_W" />
    <link:loc xlink:type="locator" xlink:href="../val/vr-bv195-14-2_w.xml#s2md_BV195-14-2_W" xlink:label="loc_s2md_BV195-14-2_W" />
    <link:loc xlink:type="locator" xlink:href="../val/vr-bv195-15-2_w.xml#s2md_BV195-15-2_W" xlink:label="loc_s2md_BV195-15-2_W" />
    <link:loc xlink:type="locator" xlink:href="../val/vr-bv195-16-2_w.xml#s2md_BV195-16-2_W" xlink:label="loc_s2md_BV195-16-2_W" />
    <link:loc xlink:type="locator" xlink:href="../val/vr-bv195-17-2_w.xml#s2md_BV195-17-2_W" xlink:label="loc_s2md_BV195-17-2_W" />
    <link:loc xlink:type="locator" xlink:href="../val/vr-bv195-18-2_w.xml#s2md_BV195-18-2_W" xlink:label="loc_s2md_BV195-18-2_W" />
    <link:loc xlink:type="locator" xlink:href="../val/vr-bv195-19-1_w.xml#s2md_BV195-19-1_W" xlink:label="loc_s2md_BV195-19-1_W" />
    <link:loc xlink:type="locator" xlink:href="../val/vr-bv195-20-1_w.xml#s2md_BV195-20-1_W" xlink:label="loc_s2md_BV195-20-1_W" />
    <link:loc xlink:type="locator" xlink:href="../val/vr-bv195-2-1_w.xml#s2md_BV195-2-1_W" xlink:label="loc_s2md_BV195-2-1_W" />
    <link:loc xlink:type="locator" xlink:href="../val/vr-bv195-3-1_w.xml#s2md_BV195-3-1_W" xlink:label="loc_s2md_BV195-3-1_W" />
    <link:loc xlink:type="locator" xlink:href="../val/vr-bv195-4-1_w.xml#s2md_BV195-4-1_W" xlink:label="loc_s2md_BV195-4-1_W" />
    <link:loc xlink:type="locator" xlink:href="../val/vr-bv195-5-1_w.xml#s2md_BV195-5-1_W" xlink:label="loc_s2md_BV195-5-1_W" />
    <link:loc xlink:type="locator" xlink:href="../val/vr-bv195-6-1_w.xml#s2md_BV195-6-1_W" xlink:label="loc_s2md_BV195-6-1_W" />
    <link:loc xlink:type="locator" xlink:href="../val/vr-bv195-7-1_w.xml#s2md_BV195-7-1_W" xlink:label="loc_s2md_BV195-7-1_W" />
    <link:loc xlink:type="locator" xlink:href="../val/vr-bv195-9-1_w.xml#s2md_BV195-9-1_W" xlink:label="loc_s2md_BV195-9-1_W" />
    <link:loc xlink:type="locator" xlink:href="../val/vr-bv1003-1_w.xml#s2md_BV1003-1_W" xlink:label="loc_s2md_BV1003-1_W" />
    <gen:arc xlink:type="arc" xlink:arcrole="http://xbrl.org/arcrole/2008/variable-set-precondition" xlink:from="loc_s2md_BV1003-1" xlink:to="rp" />
    <gen:arc xlink:type="arc" xlink:arcrole="http://xbrl.org/arcrole/2008/variable-set-precondition" xlink:from="loc_s2md_BV195-1-3" xlink:to="rp" />
    <gen:arc xlink:type="arc" xlink:arcrole="http://xbrl.org/arcrole/2008/variable-set-precondition" xlink:from="loc_s2md_BV195-10-2" xlink:to="rp" />
    <gen:arc xlink:type="arc" xlink:arcrole="http://xbrl.org/arcrole/2008/variable-set-precondition" xlink:from="loc_s2md_BV195-11-2" xlink:to="rp" />
    <gen:arc xlink:type="arc" xlink:arcrole="http://xbrl.org/arcrole/2008/variable-set-precondition" xlink:from="loc_s2md_BV195-12-2" xlink:to="rp" />
    <gen:arc xlink:type="arc" xlink:arcrole="http://xbrl.org/arcrole/2008/variable-set-precondition" xlink:from="loc_s2md_BV195-13-2" xlink:to="rp" />
    <gen:arc xlink:type="arc" xlink:arcrole="http://xbrl.org/arcrole/2008/variable-set-precondition" xlink:from="loc_s2md_BV195-14-2" xlink:to="rp" />
    <gen:arc xlink:type="arc" xlink:arcrole="http://xbrl.org/arcrole/2008/variable-set-precondition" xlink:from="loc_s2md_BV195-15-2" xlink:to="rp" />
    <gen:arc xlink:type="arc" xlink:arcrole="http://xbrl.org/arcrole/2008/variable-set-precondition" xlink:from="loc_s2md_BV195-16-2" xlink:to="rp" />
    <gen:arc xlink:type="arc" xlink:arcrole="http://xbrl.org/arcrole/2008/variable-set-precondition" xlink:from="loc_s2md_BV195-17-2" xlink:to="rp" />
    <gen:arc xlink:type="arc" xlink:arcrole="http://xbrl.org/arcrole/2008/variable-set-precondition" xlink:from="loc_s2md_BV195-18-2" xlink:to="rp" />
    <gen:arc xlink:type="arc" xlink:arcrole="http://xbrl.org/arcrole/2008/variable-set-precondition" xlink:from="loc_s2md_BV195-19-1" xlink:to="rp" />
    <gen:arc xlink:type="arc" xlink:arcrole="http://xbrl.org/arcrole/2008/variable-set-precondition" xlink:from="loc_s2md_BV195-2-1" xlink:to="rp" />
    <gen:arc xlink:type="arc" xlink:arcrole="http://xbrl.org/arcrole/2008/variable-set-precondition" xlink:from="loc_s2md_BV195-20-1" xlink:to="rp" />
    <gen:arc xlink:type="arc" xlink:arcrole="http://xbrl.org/arcrole/2008/variable-set-precondition" xlink:from="loc_s2md_BV195-3-1" xlink:to="rp" />
    <gen:arc xlink:type="arc" xlink:arcrole="http://xbrl.org/arcrole/2008/variable-set-precondition" xlink:from="loc_s2md_BV195-4-1" xlink:to="rp" />
    <gen:arc xlink:type="arc" xlink:arcrole="http://xbrl.org/arcrole/2008/variable-set-precondition" xlink:from="loc_s2md_BV195-5-1" xlink:to="rp" />
    <gen:arc xlink:type="arc" xlink:arcrole="http://xbrl.org/arcrole/2008/variable-set-precondition" xlink:from="loc_s2md_BV195-6-1" xlink:to="rp" />
    <gen:arc xlink:type="arc" xlink:arcrole="http://xbrl.org/arcrole/2008/variable-set-precondition" xlink:from="loc_s2md_BV195-7-1" xlink:to="rp" />
    <gen:arc xlink:type="arc" xlink:arcrole="http://xbrl.org/arcrole/2008/variable-set-precondition" xlink:from="loc_s2md_BV195-9-1" xlink:to="rp" />
    <gen:arc xlink:type="arc" xlink:arcrole="http://xbrl.org/arcrole/2008/variable-set-precondition" xlink:from="loc_s2md_BV1003-1_W" xlink:to="nrp" />
    <gen:arc xlink:type="arc" xlink:arcrole="http://xbrl.org/arcrole/2008/variable-set-precondition" xlink:from="loc_s2md_BV195-1-3_W" xlink:to="nrp" />
    <gen:arc xlink:type="arc" xlink:arcrole="http://xbrl.org/arcrole/2008/variable-set-precondition" xlink:from="loc_s2md_BV195-10-2_W" xlink:to="nrp" />
    <gen:arc xlink:type="arc" xlink:arcrole="http://xbrl.org/arcrole/2008/variable-set-precondition" xlink:from="loc_s2md_BV195-11-2_W" xlink:to="nrp" />
    <gen:arc xlink:type="arc" xlink:arcrole="http://xbrl.org/arcrole/2008/variable-set-precondition" xlink:from="loc_s2md_BV195-12-2_W" xlink:to="nrp" />
    <gen:arc xlink:type="arc" xlink:arcrole="http://xbrl.org/arcrole/2008/variable-set-precondition" xlink:from="loc_s2md_BV195-13-2_W" xlink:to="nrp" />
    <gen:arc xlink:type="arc" xlink:arcrole="http://xbrl.org/arcrole/2008/variable-set-precondition" xlink:from="loc_s2md_BV195-14-2_W" xlink:to="nrp" />
    <gen:arc xlink:type="arc" xlink:arcrole="http://xbrl.org/arcrole/2008/variable-set-precondition" xlink:from="loc_s2md_BV195-15-2_W" xlink:to="nrp" />
    <gen:arc xlink:type="arc" xlink:arcrole="http://xbrl.org/arcrole/2008/variable-set-precondition" xlink:from="loc_s2md_BV195-16-2_W" xlink:to="nrp" />
    <gen:arc xlink:type="arc" xlink:arcrole="http://xbrl.org/arcrole/2008/variable-set-precondition" xlink:from="loc_s2md_BV195-17-2_W" xlink:to="nrp" />
    <gen:arc xlink:type="arc" xlink:arcrole="http://xbrl.org/arcrole/2008/variable-set-precondition" xlink:from="loc_s2md_BV195-18-2_W" xlink:to="nrp" />
    <gen:arc xlink:type="arc" xlink:arcrole="http://xbrl.org/arcrole/2008/variable-set-precondition" xlink:from="loc_s2md_BV195-19-1_W" xlink:to="nrp" />
    <gen:arc xlink:type="arc" xlink:arcrole="http://xbrl.org/arcrole/2008/variable-set-precondition" xlink:from="loc_s2md_BV195-2-1_W" xlink:to="nrp" />
    <gen:arc xlink:type="arc" xlink:arcrole="http://xbrl.org/arcrole/2008/variable-set-precondition" xlink:from="loc_s2md_BV195-20-1_W" xlink:to="nrp" />
    <gen:arc xlink:type="arc" xlink:arcrole="http://xbrl.org/arcrole/2008/variable-set-precondition" xlink:from="loc_s2md_BV195-3-1_W" xlink:to="nrp" />
    <gen:arc xlink:type="arc" xlink:arcrole="http://xbrl.org/arcrole/2008/variable-set-precondition" xlink:from="loc_s2md_BV195-4-1_W" xlink:to="nrp" />
    <gen:arc xlink:type="arc" xlink:arcrole="http://xbrl.org/arcrole/2008/variable-set-precondition" xlink:from="loc_s2md_BV195-5-1_W" xlink:to="nrp" />
    <gen:arc xlink:type="arc" xlink:arcrole="http://xbrl.org/arcrole/2008/variable-set-precondition" xlink:from="loc_s2md_BV195-6-1_W" xlink:to="nrp" />
    <gen:arc xlink:type="arc" xlink:arcrole="http://xbrl.org/arcrole/2008/variable-set-precondition" xlink:from="loc_s2md_BV195-7-1_W" xlink:to="nrp" />
    <gen:arc xlink:type="arc" xlink:arcrole="http://xbrl.org/arcrole/2008/variable-set-precondition" xlink:from="loc_s2md_BV195-9-1_W" xlink:to="nrp" />
  </gen:link>
</link:linkbase>