<?xml version="1.0" encoding="UTF-8"?>
<!--(C) EIOPA - XBRL Taxonomy-->
<?officialURI http://eiopa.europa.eu/eu/xbrl/s2md/fws/solvency/solvency2/2019-07-15/mod/arb-find-check.xml?>
<?taxonomy-version 2.4.0?>
<?taxonomy-date 2019-07-15?>
<link:linkbase xmlns:xsi="http://www.w3.org/2001/XMLSchema-instance" xsi:schemaLocation="http://www.xbrl.org/2003/linkbase http://www.xbrl.org/2003/xbrl-linkbase-2003-12-31.xsd http://xbrl.org/2008/generic http://www.xbrl.org/2008/generic-link.xsd http://xbrl.org/2008/formula http://www.xbrl.org/2008/formula.xsd http://xbrl.org/2008/label http://www.xbrl.org/2008/generic-label.xsd http://xbrl.org/2008/reference http://www.xbrl.org/2008/generic-reference.xsd http://xbrl.org/2008/assertion/consistency http://www.xbrl.org/2008/consistency-assertion.xsd http://xbrl.org/2008/assertion/existence http://www.xbrl.org/2008/existence-assertion.xsd http://xbrl.org/2008/assertion/value http://www.xbrl.org/2008/value-assertion.xsd http://xbrl.org/2008/filter/concept http://www.xbrl.org/2008/concept-filter.xsd http://xbrl.org/2010/message http://www.xbrl.org/2010/generic-message.xsd http://xbrl.org/2010/message/validation http://www.xbrl.org/2010/validation-message.xsd http://xbrl.org/2008/filter/general http://www.xbrl.org/2008/general-filter.xsd" xmlns:gen="http://xbrl.org/2008/generic" xmlns:variable="http://xbrl.org/2008/variable" xmlns:cf="http://xbrl.org/2008/filter/concept" xmlns:xs="http://www.w3.org/2001/XMLSchema" xmlns:valm="http://xbrl.org/2010/message/validation" xmlns:link="http://www.xbrl.org/2003/linkbase" xmlns:find="http://www.eurofiling.info/xbrl/ext/filing-indicators" xmlns:xlink="http://www.w3.org/1999/xlink" xmlns:msg="http://xbrl.org/2010/message" xmlns:va="http://xbrl.org/2008/assertion/value" xmlns:label="http://xbrl.org/2008/label" xmlns:gf="http://xbrl.org/2008/filter/general">
  <link:roleRef roleURI="http://www.xbrl.org/2008/role/link" xlink:type="simple" xlink:href="http://www.xbrl.org/2008/generic-link.xsd#standard-link-role" />
  <link:roleRef roleURI="http://www.xbrl.org/2010/role/message" xlink:type="simple" xlink:href="http://www.xbrl.org/2010/generic-message.xsd#standard-message" />
  <link:arcroleRef arcroleURI="http://xbrl.org/arcrole/2008/variable-filter" xlink:type="simple" xlink:href="http://www.xbrl.org/2008/variable.xsd#variable-filter" />
  <link:arcroleRef arcroleURI="http://xbrl.org/arcrole/2008/variable-set" xlink:type="simple" xlink:href="http://www.xbrl.org/2008/variable.xsd#variable-set" />
  <link:arcroleRef arcroleURI="http://xbrl.org/arcrole/2010/assertion-unsatisfied-message" xlink:type="simple" xlink:href="http://www.xbrl.org/2010/validation-message.xsd#assertion-unsatisfied-message" />
  <gen:link xlink:type="extended" xlink:role="http://www.xbrl.org/2003/role/link">
    <va:valueAssertion xlink:type="resource" xlink:label="fc_arb" id="fc_arb" test="$filingIndicator = ('S.01.01','S.01.02','S.01.03','S.02.01','S.02.02','S.02.03','S.03.01','S.03.02','S.03.03','S.05.01','S.05.02','S.06.02','S.06.03','S.07.01','S.08.01','S.08.02','S.09.01','S.10.01','S.11.01','S.12.01','S.12.02','S.13.01','S.14.01','S.15.01','S.15.02','S.16.01','S.17.01','S.17.02','S.18.01','S.19.01','S.20.01','S.21.01','S.21.02','S.21.03','S.22.01','S.22.04','S.22.05','S.22.06','S.23.01','S.23.03','S.24.01','S.25.01','S.25.02','S.25.03','S.26.01','S.26.02','S.26.03','S.26.04','S.26.05','S.26.06','S.26.07','S.27.01','S.28.01','S.28.02','S.29.01','S.29.02','S.29.03','S.29.04','S.30.01','S.30.02','S.30.03','S.30.04','S.31.01','S.31.02','SR.01.01','SR.02.01','SR.12.01','SR.17.01','SR.22.02','SR.22.03','SR.25.01','SR.25.02','SR.25.03','SR.26.01','SR.26.02','SR.26.03','SR.26.04','SR.26.05','SR.26.06','SR.26.07','SR.27.01','T.99.01')" aspectModel="dimensional" implicitFiltering="true" />
    <variable:factVariable xlink:type="resource" xlink:label="fc.fv_arb" id="fc.fv_arb" bindAsSequence="false" />
    <variable:variableArc xlink:type="arc" xlink:arcrole="http://xbrl.org/arcrole/2008/variable-set" xlink:from="fc_arb" xlink:to="fc.fv_arb" name="filingIndicator" />
    <cf:conceptName xlink:type="resource" xlink:label="fc.fv.cn_arb" id="fc.fv.cn_arb">
      <cf:concept>
        <cf:qname>find:filingIndicator</cf:qname>
      </cf:concept>
    </cf:conceptName>
    <variable:variableFilterArc xlink:type="arc" xlink:arcrole="http://xbrl.org/arcrole/2008/variable-filter" xlink:from="fc.fv_arb" xlink:to="fc.fv.cn_arb" cover="true" complement="false" />
    <va:valueAssertion xlink:type="resource" xlink:label="fc_arb_f1" id="fc_arb_f1" test="not(empty($f1))" aspectModel="dimensional" implicitFiltering="true" />
    <variable:factVariable xlink:type="resource" xlink:label="fc.fv_arb_f1" id="fc.fv_arb_f1" bindAsSequence="false" fallbackValue="()" />
    <variable:variableArc xlink:type="arc" xlink:arcrole="http://xbrl.org/arcrole/2008/variable-set" xlink:from="fc_arb_f1" xlink:to="fc.fv_arb_f1" name="f1" order="1" />
    <cf:conceptName xlink:type="resource" xlink:label="fc.fv.cn_arb_f1" id="fc.fv.cn_arb_f1">
      <cf:concept>
        <cf:qname>find:filingIndicator</cf:qname>
      </cf:concept>
    </cf:conceptName>
    <variable:variableFilterArc xlink:type="arc" xlink:arcrole="http://xbrl.org/arcrole/2008/variable-filter" xlink:from="fc.fv_arb_f1" xlink:to="fc.fv.cn_arb_f1" cover="true" complement="false" order="1" />
    <gf:general xlink:type="resource" xlink:label="fc_arb_f1g" test=". = 'S.01.02'" />
    <variable:variableFilterArc xlink:type="arc" xlink:arcrole="http://xbrl.org/arcrole/2008/variable-filter" xlink:from="fc.fv_arb_f1" xlink:to="fc_arb_f1g" order="2" cover="true" complement="false" />
    <link:loc xlink:type="locator" xlink:href="http://www.eurofiling.info/eu/fr/xbrl/ext/pivot-variable.xml#pivot-var" xlink:label="loc_pv" />
    <variable:variableArc xlink:type="arc" xlink:arcrole="http://xbrl.org/arcrole/2008/variable-set" xlink:from="fc_arb_f1" xlink:to="loc_pv" name="pv" order="2" />
    <va:valueAssertion xlink:type="resource" xlink:label="fc_arb_f2" id="fc_arb_f2" test="not(empty($f2))" aspectModel="dimensional" implicitFiltering="true" />
    <variable:factVariable xlink:type="resource" xlink:label="fc.fv_arb_f2" id="fc.fv_arb_f2" bindAsSequence="false" fallbackValue="()" />
    <variable:variableArc xlink:type="arc" xlink:arcrole="http://xbrl.org/arcrole/2008/variable-set" xlink:from="fc_arb_f2" xlink:to="fc.fv_arb_f2" name="f2" order="1" />
    <cf:conceptName xlink:type="resource" xlink:label="fc.fv.cn_arb_f2" id="fc.fv.cn_arb_f2">
      <cf:concept>
        <cf:qname>find:filingIndicator</cf:qname>
      </cf:concept>
    </cf:conceptName>
    <variable:variableFilterArc xlink:type="arc" xlink:arcrole="http://xbrl.org/arcrole/2008/variable-filter" xlink:from="fc.fv_arb_f2" xlink:to="fc.fv.cn_arb_f2" cover="true" complement="false" order="1" />
    <gf:general xlink:type="resource" xlink:label="fc_arb_f2g" test=". = 'S.01.01'" />
    <variable:variableFilterArc xlink:type="arc" xlink:arcrole="http://xbrl.org/arcrole/2008/variable-filter" xlink:from="fc.fv_arb_f2" xlink:to="fc_arb_f2g" order="2" cover="true" complement="false" />
    <variable:variableArc xlink:type="arc" xlink:arcrole="http://xbrl.org/arcrole/2008/variable-set" xlink:from="fc_arb_f2" xlink:to="loc_pv" name="pv" order="2" />
  </gen:link>
</link:linkbase>