<?xml version="1.0" encoding="UTF-8"?>
<!--(C) EIOPA - XBRL Taxonomy-->
<?officialURI http://eiopa.europa.eu/eu/xbrl/s2md/fws/solvency/solvency2/2019-07-15/mod/arg-find-check-lab-en.xml?>
<?taxonomy-version 2.4.0?>
<?taxonomy-date 2019-07-15?>
<link:linkbase xmlns:xsi="http://www.w3.org/2001/XMLSchema-instance" xmlns:xlink="http://www.w3.org/1999/xlink" xmlns:link="http://www.xbrl.org/2003/linkbase" xmlns:gen="http://xbrl.org/2008/generic" xmlns:label="http://xbrl.org/2008/label" xsi:schemaLocation="http://www.xbrl.org/2003/linkbase http://www.xbrl.org/2003/xbrl-linkbase-2003-12-31.xsd http://xbrl.org/2008/generic http://www.xbrl.org/2008/generic-link.xsd http://xbrl.org/2008/label http://www.xbrl.org/2008/generic-label.xsd">
  <link:arcroleRef arcroleURI="http://xbrl.org/arcrole/2008/element-label" xlink:type="simple" xlink:href="http://www.xbrl.org/2008/generic-label.xsd#element-label" />
  <link:roleRef roleURI="http://www.xbrl.org/2008/role/label" xlink:type="simple" xlink:href="http://www.xbrl.org/2008/generic-label.xsd#standard-label" />
  <link:roleRef roleURI="http://www.xbrl.org/2008/role/verboseLabel" xlink:type="simple" xlink:href="http://www.xbrl.org/2008/generic-label.xsd#verbose-label" />
  <gen:link xlink:type="extended" xlink:role="http://www.xbrl.org/2003/role/link">
    <link:loc xlink:type="locator" xlink:href="arg-find-check.xml#fc_arg" xlink:label="fc_arg" />
    <label:label xlink:type="resource" xlink:label="label_arg" xml:lang="en" xlink:role="http://www.xbrl.org/2008/role/label" id="label_arg">Filing indicator value is incorrect for a module.</label:label>
    <gen:arc xlink:type="arc" xlink:arcrole="http://xbrl.org/arcrole/2008/element-label" xlink:from="fc_arg" xlink:to="label_arg" />
    <link:loc xlink:type="locator" xlink:href="arg-find-check.xml#fc_arg_f1" xlink:label="fc_arg_f1" />
    <label:label xlink:type="resource" xlink:label="label_fc_arg_f1" xml:lang="en" xlink:role="http://www.xbrl.org/2008/role/label" id="label_fc_arg_f1">Mandatory filing indicator missing</label:label>
    <gen:arc xlink:type="arc" xlink:arcrole="http://xbrl.org/arcrole/2008/element-label" xlink:from="fc_arg_f1" xlink:to="label_fc_arg_f1" />
    <link:loc xlink:type="locator" xlink:href="arg-find-check.xml#fc_arg_f2" xlink:label="fc_arg_f2" />
    <label:label xlink:type="resource" xlink:label="label_fc_arg_f2" xml:lang="en" xlink:role="http://www.xbrl.org/2008/role/label" id="label_fc_arg_f2">Mandatory filing indicator missing</label:label>
    <gen:arc xlink:type="arc" xlink:arcrole="http://xbrl.org/arcrole/2008/element-label" xlink:from="fc_arg_f2" xlink:to="label_fc_arg_f2" />
  </gen:link>
</link:linkbase>