<?xml version="1.0" encoding="UTF-8"?>
<!--(C) EIOPA - XBRL Taxonomy-->
<?officialURI http://eiopa.europa.eu/eu/xbrl/s2md/fws/solvency/solvency2/2019-07-15/mod/qfb-find-prec.xml?>
<?taxonomy-version 2.4.0?>
<?taxonomy-date 2019-07-15?>
<link:linkbase xmlns:xsi="http://www.w3.org/2001/XMLSchema-instance" xmlns:xbrli="http://www.xbrl.org/2003/instance" xmlns:xlink="http://www.w3.org/1999/xlink" xmlns:link="http://www.xbrl.org/2003/linkbase" xmlns:gen="http://xbrl.org/2008/generic" xmlns:label="http://xbrl.org/2008/label" xmlns:find="http://www.eurofiling.info/xbrl/ext/filing-indicators" xmlns:variable="http://xbrl.org/2008/variable" xsi:schemaLocation="http://www.xbrl.org/2003/linkbase http://www.xbrl.org/2003/xbrl-linkbase-2003-12-31.xsd http://xbrl.org/2008/generic http://www.xbrl.org/2008/generic-link.xsd http://xbrl.org/2008/label http://www.xbrl.org/2008/generic-label.xsd http://www.eurofiling.info/xbrl/ext/filing-indicators http://www.eurofiling.info/eu/fr/xbrl/ext/filing-indicators.xsd http://xbrl.org/2008/variable http://www.xbrl.org/2008/variable.xsd">
  <link:arcroleRef arcroleURI="http://xbrl.org/arcrole/2008/variable-set-precondition" xlink:type="simple" xlink:href="http://www.xbrl.org/2008/variable.xsd#variable-set-precondition" />
  <gen:link xlink:type="extended" xlink:role="http://www.xbrl.org/2003/role/link">
    <variable:precondition xlink:type="resource" xlink:label="findPrec" test="$find:tT.99.01" />
    <link:loc xlink:type="locator" xlink:href="../val/vr-tv58-1.xml#s2md_TV58-1" xlink:label="loc_s2md_TV58-1" />
    <gen:arc xlink:type="arc" xlink:arcrole="http://xbrl.org/arcrole/2008/variable-set-precondition" xlink:from="loc_s2md_TV58-1" xlink:to="findPrec" />
    <link:loc xlink:type="locator" xlink:href="../val/vr-tv59-1.xml#s2md_TV59-1" xlink:label="loc_s2md_TV59-1" />
    <gen:arc xlink:type="arc" xlink:arcrole="http://xbrl.org/arcrole/2008/variable-set-precondition" xlink:from="loc_s2md_TV59-1" xlink:to="findPrec" />
    <link:loc xlink:type="locator" xlink:href="../val/vr-tv60-1.xml#s2md_TV60-1" xlink:label="loc_s2md_TV60-1" />
    <gen:arc xlink:type="arc" xlink:arcrole="http://xbrl.org/arcrole/2008/variable-set-precondition" xlink:from="loc_s2md_TV60-1" xlink:to="findPrec" />
    <link:loc xlink:type="locator" xlink:href="../val/vr-tv61-1.xml#s2md_TV61-1" xlink:label="loc_s2md_TV61-1" />
    <gen:arc xlink:type="arc" xlink:arcrole="http://xbrl.org/arcrole/2008/variable-set-precondition" xlink:from="loc_s2md_TV61-1" xlink:to="findPrec" />
    <link:loc xlink:type="locator" xlink:href="../val/vr-tv62-1.xml#s2md_TV62-1" xlink:label="loc_s2md_TV62-1" />
    <gen:arc xlink:type="arc" xlink:arcrole="http://xbrl.org/arcrole/2008/variable-set-precondition" xlink:from="loc_s2md_TV62-1" xlink:to="findPrec" />
    <link:loc xlink:type="locator" xlink:href="../val/vr-tv63-1.xml#s2md_TV63-1" xlink:label="loc_s2md_TV63-1" />
    <gen:arc xlink:type="arc" xlink:arcrole="http://xbrl.org/arcrole/2008/variable-set-precondition" xlink:from="loc_s2md_TV63-1" xlink:to="findPrec" />
    <link:loc xlink:type="locator" xlink:href="../val/vr-tv64-1.xml#s2md_TV64-1" xlink:label="loc_s2md_TV64-1" />
    <gen:arc xlink:type="arc" xlink:arcrole="http://xbrl.org/arcrole/2008/variable-set-precondition" xlink:from="loc_s2md_TV64-1" xlink:to="findPrec" />
    <link:loc xlink:type="locator" xlink:href="../val/vr-tv65-1.xml#s2md_TV65-1" xlink:label="loc_s2md_TV65-1" />
    <gen:arc xlink:type="arc" xlink:arcrole="http://xbrl.org/arcrole/2008/variable-set-precondition" xlink:from="loc_s2md_TV65-1" xlink:to="findPrec" />
    <variable:precondition xlink:type="resource" xlink:label="findPrec_1" test="$find:tS.01.02" />
    <link:loc xlink:type="locator" xlink:href="../val/vr-tv57-1.xml#s2md_TV57-1" xlink:label="loc_s2md_TV57-1" />
    <gen:arc xlink:type="arc" xlink:arcrole="http://xbrl.org/arcrole/2008/variable-set-precondition" xlink:from="loc_s2md_TV57-1" xlink:to="findPrec_1" />
    <link:loc xlink:type="locator" xlink:href="../val/vr-tv68-1.xml#s2md_TV68-1" xlink:label="loc_s2md_TV68-1" />
    <gen:arc xlink:type="arc" xlink:arcrole="http://xbrl.org/arcrole/2008/variable-set-precondition" xlink:from="loc_s2md_TV68-1" xlink:to="findPrec_1" />
    <link:loc xlink:type="locator" xlink:href="../val/vr-tv69-1.xml#s2md_TV69-1" xlink:label="loc_s2md_TV69-1" />
    <gen:arc xlink:type="arc" xlink:arcrole="http://xbrl.org/arcrole/2008/variable-set-precondition" xlink:from="loc_s2md_TV69-1" xlink:to="findPrec_1" />
    <link:loc xlink:type="locator" xlink:href="../val/vr-tv70-1.xml#s2md_TV70-1" xlink:label="loc_s2md_TV70-1" />
    <gen:arc xlink:type="arc" xlink:arcrole="http://xbrl.org/arcrole/2008/variable-set-precondition" xlink:from="loc_s2md_TV70-1" xlink:to="findPrec_1" />
    <link:loc xlink:type="locator" xlink:href="../val/vr-bv217-10-2.xml#s2md_BV217-10-2" xlink:label="loc_s2md_BV217-10-2" />
    <gen:arc xlink:type="arc" xlink:arcrole="http://xbrl.org/arcrole/2008/variable-set-precondition" xlink:from="loc_s2md_BV217-10-2" xlink:to="findPrec_1" />
    <gen:arc xlink:type="arc" xlink:arcrole="http://xbrl.org/arcrole/2008/variable-set-precondition" xlink:from="loc_s2md_BV217-10-2_W" xlink:to="findPrec_1" />
    <link:loc xlink:type="locator" xlink:href="../val/vr-bv217-11-2.xml#s2md_BV217-11-2" xlink:label="loc_s2md_BV217-11-2" />
    <gen:arc xlink:type="arc" xlink:arcrole="http://xbrl.org/arcrole/2008/variable-set-precondition" xlink:from="loc_s2md_BV217-11-2" xlink:to="findPrec_1" />
    <gen:arc xlink:type="arc" xlink:arcrole="http://xbrl.org/arcrole/2008/variable-set-precondition" xlink:from="loc_s2md_BV217-11-2_W" xlink:to="findPrec_1" />
    <link:loc xlink:type="locator" xlink:href="../val/vr-bv217-12-2.xml#s2md_BV217-12-2" xlink:label="loc_s2md_BV217-12-2" />
    <gen:arc xlink:type="arc" xlink:arcrole="http://xbrl.org/arcrole/2008/variable-set-precondition" xlink:from="loc_s2md_BV217-12-2" xlink:to="findPrec_1" />
    <gen:arc xlink:type="arc" xlink:arcrole="http://xbrl.org/arcrole/2008/variable-set-precondition" xlink:from="loc_s2md_BV217-12-2_W" xlink:to="findPrec_1" />
    <link:loc xlink:type="locator" xlink:href="../val/vr-bv217-1-3.xml#s2md_BV217-1-3" xlink:label="loc_s2md_BV217-1-3" />
    <gen:arc xlink:type="arc" xlink:arcrole="http://xbrl.org/arcrole/2008/variable-set-precondition" xlink:from="loc_s2md_BV217-1-3" xlink:to="findPrec_1" />
    <gen:arc xlink:type="arc" xlink:arcrole="http://xbrl.org/arcrole/2008/variable-set-precondition" xlink:from="loc_s2md_BV217-1-3_W" xlink:to="findPrec_1" />
    <link:loc xlink:type="locator" xlink:href="../val/vr-bv217-13-2.xml#s2md_BV217-13-2" xlink:label="loc_s2md_BV217-13-2" />
    <gen:arc xlink:type="arc" xlink:arcrole="http://xbrl.org/arcrole/2008/variable-set-precondition" xlink:from="loc_s2md_BV217-13-2" xlink:to="findPrec_1" />
    <gen:arc xlink:type="arc" xlink:arcrole="http://xbrl.org/arcrole/2008/variable-set-precondition" xlink:from="loc_s2md_BV217-13-2_W" xlink:to="findPrec_1" />
    <link:loc xlink:type="locator" xlink:href="../val/vr-bv217-14-2.xml#s2md_BV217-14-2" xlink:label="loc_s2md_BV217-14-2" />
    <gen:arc xlink:type="arc" xlink:arcrole="http://xbrl.org/arcrole/2008/variable-set-precondition" xlink:from="loc_s2md_BV217-14-2" xlink:to="findPrec_1" />
    <gen:arc xlink:type="arc" xlink:arcrole="http://xbrl.org/arcrole/2008/variable-set-precondition" xlink:from="loc_s2md_BV217-14-2_W" xlink:to="findPrec_1" />
    <link:loc xlink:type="locator" xlink:href="../val/vr-bv217-15-2.xml#s2md_BV217-15-2" xlink:label="loc_s2md_BV217-15-2" />
    <gen:arc xlink:type="arc" xlink:arcrole="http://xbrl.org/arcrole/2008/variable-set-precondition" xlink:from="loc_s2md_BV217-15-2" xlink:to="findPrec_1" />
    <gen:arc xlink:type="arc" xlink:arcrole="http://xbrl.org/arcrole/2008/variable-set-precondition" xlink:from="loc_s2md_BV217-15-2_W" xlink:to="findPrec_1" />
    <link:loc xlink:type="locator" xlink:href="../val/vr-bv217-16-2.xml#s2md_BV217-16-2" xlink:label="loc_s2md_BV217-16-2" />
    <gen:arc xlink:type="arc" xlink:arcrole="http://xbrl.org/arcrole/2008/variable-set-precondition" xlink:from="loc_s2md_BV217-16-2" xlink:to="findPrec_1" />
    <gen:arc xlink:type="arc" xlink:arcrole="http://xbrl.org/arcrole/2008/variable-set-precondition" xlink:from="loc_s2md_BV217-16-2_W" xlink:to="findPrec_1" />
    <link:loc xlink:type="locator" xlink:href="../val/vr-bv217-17-2.xml#s2md_BV217-17-2" xlink:label="loc_s2md_BV217-17-2" />
    <gen:arc xlink:type="arc" xlink:arcrole="http://xbrl.org/arcrole/2008/variable-set-precondition" xlink:from="loc_s2md_BV217-17-2" xlink:to="findPrec_1" />
    <gen:arc xlink:type="arc" xlink:arcrole="http://xbrl.org/arcrole/2008/variable-set-precondition" xlink:from="loc_s2md_BV217-17-2_W" xlink:to="findPrec_1" />
    <link:loc xlink:type="locator" xlink:href="../val/vr-bv217-18-2.xml#s2md_BV217-18-2" xlink:label="loc_s2md_BV217-18-2" />
    <gen:arc xlink:type="arc" xlink:arcrole="http://xbrl.org/arcrole/2008/variable-set-precondition" xlink:from="loc_s2md_BV217-18-2" xlink:to="findPrec_1" />
    <gen:arc xlink:type="arc" xlink:arcrole="http://xbrl.org/arcrole/2008/variable-set-precondition" xlink:from="loc_s2md_BV217-18-2_W" xlink:to="findPrec_1" />
    <link:loc xlink:type="locator" xlink:href="../val/vr-bv217-19-2.xml#s2md_BV217-19-2" xlink:label="loc_s2md_BV217-19-2" />
    <gen:arc xlink:type="arc" xlink:arcrole="http://xbrl.org/arcrole/2008/variable-set-precondition" xlink:from="loc_s2md_BV217-19-2" xlink:to="findPrec_1" />
    <gen:arc xlink:type="arc" xlink:arcrole="http://xbrl.org/arcrole/2008/variable-set-precondition" xlink:from="loc_s2md_BV217-19-2_W" xlink:to="findPrec_1" />
    <link:loc xlink:type="locator" xlink:href="../val/vr-bv217-20-1.xml#s2md_BV217-20-1" xlink:label="loc_s2md_BV217-20-1" />
    <gen:arc xlink:type="arc" xlink:arcrole="http://xbrl.org/arcrole/2008/variable-set-precondition" xlink:from="loc_s2md_BV217-20-1" xlink:to="findPrec_1" />
    <gen:arc xlink:type="arc" xlink:arcrole="http://xbrl.org/arcrole/2008/variable-set-precondition" xlink:from="loc_s2md_BV217-20-1_W" xlink:to="findPrec_1" />
    <link:loc xlink:type="locator" xlink:href="../val/vr-bv217-2-1.xml#s2md_BV217-2-1" xlink:label="loc_s2md_BV217-2-1" />
    <gen:arc xlink:type="arc" xlink:arcrole="http://xbrl.org/arcrole/2008/variable-set-precondition" xlink:from="loc_s2md_BV217-2-1" xlink:to="findPrec_1" />
    <gen:arc xlink:type="arc" xlink:arcrole="http://xbrl.org/arcrole/2008/variable-set-precondition" xlink:from="loc_s2md_BV217-2-1_W" xlink:to="findPrec_1" />
    <link:loc xlink:type="locator" xlink:href="../val/vr-bv217-21-1.xml#s2md_BV217-21-1" xlink:label="loc_s2md_BV217-21-1" />
    <gen:arc xlink:type="arc" xlink:arcrole="http://xbrl.org/arcrole/2008/variable-set-precondition" xlink:from="loc_s2md_BV217-21-1" xlink:to="findPrec_1" />
    <gen:arc xlink:type="arc" xlink:arcrole="http://xbrl.org/arcrole/2008/variable-set-precondition" xlink:from="loc_s2md_BV217-21-1_W" xlink:to="findPrec_1" />
    <link:loc xlink:type="locator" xlink:href="../val/vr-bv217-22-1.xml#s2md_BV217-22-1" xlink:label="loc_s2md_BV217-22-1" />
    <gen:arc xlink:type="arc" xlink:arcrole="http://xbrl.org/arcrole/2008/variable-set-precondition" xlink:from="loc_s2md_BV217-22-1" xlink:to="findPrec_1" />
    <gen:arc xlink:type="arc" xlink:arcrole="http://xbrl.org/arcrole/2008/variable-set-precondition" xlink:from="loc_s2md_BV217-22-1_W" xlink:to="findPrec_1" />
    <link:loc xlink:type="locator" xlink:href="../val/vr-bv217-3-1.xml#s2md_BV217-3-1" xlink:label="loc_s2md_BV217-3-1" />
    <gen:arc xlink:type="arc" xlink:arcrole="http://xbrl.org/arcrole/2008/variable-set-precondition" xlink:from="loc_s2md_BV217-3-1" xlink:to="findPrec_1" />
    <gen:arc xlink:type="arc" xlink:arcrole="http://xbrl.org/arcrole/2008/variable-set-precondition" xlink:from="loc_s2md_BV217-3-1_W" xlink:to="findPrec_1" />
    <link:loc xlink:type="locator" xlink:href="../val/vr-bv217-4-1.xml#s2md_BV217-4-1" xlink:label="loc_s2md_BV217-4-1" />
    <gen:arc xlink:type="arc" xlink:arcrole="http://xbrl.org/arcrole/2008/variable-set-precondition" xlink:from="loc_s2md_BV217-4-1" xlink:to="findPrec_1" />
    <gen:arc xlink:type="arc" xlink:arcrole="http://xbrl.org/arcrole/2008/variable-set-precondition" xlink:from="loc_s2md_BV217-4-1_W" xlink:to="findPrec_1" />
    <link:loc xlink:type="locator" xlink:href="../val/vr-bv217-5-1.xml#s2md_BV217-5-1" xlink:label="loc_s2md_BV217-5-1" />
    <gen:arc xlink:type="arc" xlink:arcrole="http://xbrl.org/arcrole/2008/variable-set-precondition" xlink:from="loc_s2md_BV217-5-1" xlink:to="findPrec_1" />
    <gen:arc xlink:type="arc" xlink:arcrole="http://xbrl.org/arcrole/2008/variable-set-precondition" xlink:from="loc_s2md_BV217-5-1_W" xlink:to="findPrec_1" />
    <link:loc xlink:type="locator" xlink:href="../val/vr-bv217-6-1.xml#s2md_BV217-6-1" xlink:label="loc_s2md_BV217-6-1" />
    <gen:arc xlink:type="arc" xlink:arcrole="http://xbrl.org/arcrole/2008/variable-set-precondition" xlink:from="loc_s2md_BV217-6-1" xlink:to="findPrec_1" />
    <gen:arc xlink:type="arc" xlink:arcrole="http://xbrl.org/arcrole/2008/variable-set-precondition" xlink:from="loc_s2md_BV217-6-1_W" xlink:to="findPrec_1" />
    <link:loc xlink:type="locator" xlink:href="../val/vr-bv217-7-1.xml#s2md_BV217-7-1" xlink:label="loc_s2md_BV217-7-1" />
    <gen:arc xlink:type="arc" xlink:arcrole="http://xbrl.org/arcrole/2008/variable-set-precondition" xlink:from="loc_s2md_BV217-7-1" xlink:to="findPrec_1" />
    <gen:arc xlink:type="arc" xlink:arcrole="http://xbrl.org/arcrole/2008/variable-set-precondition" xlink:from="loc_s2md_BV217-7-1_W" xlink:to="findPrec_1" />
    <link:loc xlink:type="locator" xlink:href="../val/vr-bv217-8-1.xml#s2md_BV217-8-1" xlink:label="loc_s2md_BV217-8-1" />
    <gen:arc xlink:type="arc" xlink:arcrole="http://xbrl.org/arcrole/2008/variable-set-precondition" xlink:from="loc_s2md_BV217-8-1" xlink:to="findPrec_1" />
    <gen:arc xlink:type="arc" xlink:arcrole="http://xbrl.org/arcrole/2008/variable-set-precondition" xlink:from="loc_s2md_BV217-8-1_W" xlink:to="findPrec_1" />
    <link:loc xlink:type="locator" xlink:href="../val/vr-bv217-9-1.xml#s2md_BV217-9-1" xlink:label="loc_s2md_BV217-9-1" />
    <gen:arc xlink:type="arc" xlink:arcrole="http://xbrl.org/arcrole/2008/variable-set-precondition" xlink:from="loc_s2md_BV217-9-1" xlink:to="findPrec_1" />
    <gen:arc xlink:type="arc" xlink:arcrole="http://xbrl.org/arcrole/2008/variable-set-precondition" xlink:from="loc_s2md_BV217-9-1_W" xlink:to="findPrec_1" />
    <variable:precondition xlink:type="resource" xlink:label="findPrec_2" test="$find:tS.01.01" />
    <link:loc xlink:type="locator" xlink:href="../val/vr-tv23-15-1-1.xml#s2md_TV23-15-1-1" xlink:label="loc_s2md_TV23-15-1-1" />
    <gen:arc xlink:type="arc" xlink:arcrole="http://xbrl.org/arcrole/2008/variable-set-precondition" xlink:from="loc_s2md_TV23-15-1-1" xlink:to="findPrec_2" />
    <link:loc xlink:type="locator" xlink:href="../val/vr-tv23-15-2-1.xml#s2md_TV23-15-2-1" xlink:label="loc_s2md_TV23-15-2-1" />
    <gen:arc xlink:type="arc" xlink:arcrole="http://xbrl.org/arcrole/2008/variable-set-precondition" xlink:from="loc_s2md_TV23-15-2-1" xlink:to="findPrec_2" />
    <link:loc xlink:type="locator" xlink:href="../val/vr-tv23-15-3-1.xml#s2md_TV23-15-3-1" xlink:label="loc_s2md_TV23-15-3-1" />
    <gen:arc xlink:type="arc" xlink:arcrole="http://xbrl.org/arcrole/2008/variable-set-precondition" xlink:from="loc_s2md_TV23-15-3-1" xlink:to="findPrec_2" />
    <link:loc xlink:type="locator" xlink:href="../val/vr-tv23-15-4-1.xml#s2md_TV23-15-4-1" xlink:label="loc_s2md_TV23-15-4-1" />
    <gen:arc xlink:type="arc" xlink:arcrole="http://xbrl.org/arcrole/2008/variable-set-precondition" xlink:from="loc_s2md_TV23-15-4-1" xlink:to="findPrec_2" />
    <variable:precondition xlink:type="resource" xlink:label="findPrec_3" test="( $find:tS.01.01 and $find:tS.01.02 )" />
    <link:loc xlink:type="locator" xlink:href="../val/vr-bv1008-1.xml#s2md_BV1008-1" xlink:label="loc_s2md_BV1008-1" />
    <gen:arc xlink:type="arc" xlink:arcrole="http://xbrl.org/arcrole/2008/variable-set-precondition" xlink:from="loc_s2md_BV1008-1" xlink:to="findPrec_3" />
    <gen:arc xlink:type="arc" xlink:arcrole="http://xbrl.org/arcrole/2008/variable-set-precondition" xlink:from="loc_s2md_BV1008-1_W" xlink:to="findPrec_3" />
    <variable:precondition xlink:type="resource" xlink:label="rp" test="$regularReporting" />
    <variable:precondition xlink:type="resource" xlink:label="nrp" test="$nonRegularReporting" />
    <link:loc xlink:type="locator" xlink:href="../val/vr-bv217-10-2_w.xml#s2md_BV217-10-2_W" xlink:label="loc_s2md_BV217-10-2_W" />
    <link:loc xlink:type="locator" xlink:href="../val/vr-bv217-11-2_w.xml#s2md_BV217-11-2_W" xlink:label="loc_s2md_BV217-11-2_W" />
    <link:loc xlink:type="locator" xlink:href="../val/vr-bv217-12-2_w.xml#s2md_BV217-12-2_W" xlink:label="loc_s2md_BV217-12-2_W" />
    <link:loc xlink:type="locator" xlink:href="../val/vr-bv217-1-3_w.xml#s2md_BV217-1-3_W" xlink:label="loc_s2md_BV217-1-3_W" />
    <link:loc xlink:type="locator" xlink:href="../val/vr-bv217-13-2_w.xml#s2md_BV217-13-2_W" xlink:label="loc_s2md_BV217-13-2_W" />
    <link:loc xlink:type="locator" xlink:href="../val/vr-bv217-14-2_w.xml#s2md_BV217-14-2_W" xlink:label="loc_s2md_BV217-14-2_W" />
    <link:loc xlink:type="locator" xlink:href="../val/vr-bv217-15-2_w.xml#s2md_BV217-15-2_W" xlink:label="loc_s2md_BV217-15-2_W" />
    <link:loc xlink:type="locator" xlink:href="../val/vr-bv217-16-2_w.xml#s2md_BV217-16-2_W" xlink:label="loc_s2md_BV217-16-2_W" />
    <link:loc xlink:type="locator" xlink:href="../val/vr-bv217-17-2_w.xml#s2md_BV217-17-2_W" xlink:label="loc_s2md_BV217-17-2_W" />
    <link:loc xlink:type="locator" xlink:href="../val/vr-bv217-18-2_w.xml#s2md_BV217-18-2_W" xlink:label="loc_s2md_BV217-18-2_W" />
    <link:loc xlink:type="locator" xlink:href="../val/vr-bv217-19-2_w.xml#s2md_BV217-19-2_W" xlink:label="loc_s2md_BV217-19-2_W" />
    <link:loc xlink:type="locator" xlink:href="../val/vr-bv217-20-1_w.xml#s2md_BV217-20-1_W" xlink:label="loc_s2md_BV217-20-1_W" />
    <link:loc xlink:type="locator" xlink:href="../val/vr-bv217-2-1_w.xml#s2md_BV217-2-1_W" xlink:label="loc_s2md_BV217-2-1_W" />
    <link:loc xlink:type="locator" xlink:href="../val/vr-bv217-21-1_w.xml#s2md_BV217-21-1_W" xlink:label="loc_s2md_BV217-21-1_W" />
    <link:loc xlink:type="locator" xlink:href="../val/vr-bv217-22-1_w.xml#s2md_BV217-22-1_W" xlink:label="loc_s2md_BV217-22-1_W" />
    <link:loc xlink:type="locator" xlink:href="../val/vr-bv217-3-1_w.xml#s2md_BV217-3-1_W" xlink:label="loc_s2md_BV217-3-1_W" />
    <link:loc xlink:type="locator" xlink:href="../val/vr-bv217-4-1_w.xml#s2md_BV217-4-1_W" xlink:label="loc_s2md_BV217-4-1_W" />
    <link:loc xlink:type="locator" xlink:href="../val/vr-bv217-5-1_w.xml#s2md_BV217-5-1_W" xlink:label="loc_s2md_BV217-5-1_W" />
    <link:loc xlink:type="locator" xlink:href="../val/vr-bv217-6-1_w.xml#s2md_BV217-6-1_W" xlink:label="loc_s2md_BV217-6-1_W" />
    <link:loc xlink:type="locator" xlink:href="../val/vr-bv217-7-1_w.xml#s2md_BV217-7-1_W" xlink:label="loc_s2md_BV217-7-1_W" />
    <link:loc xlink:type="locator" xlink:href="../val/vr-bv217-8-1_w.xml#s2md_BV217-8-1_W" xlink:label="loc_s2md_BV217-8-1_W" />
    <link:loc xlink:type="locator" xlink:href="../val/vr-bv217-9-1_w.xml#s2md_BV217-9-1_W" xlink:label="loc_s2md_BV217-9-1_W" />
    <link:loc xlink:type="locator" xlink:href="../val/vr-bv1008-1_w.xml#s2md_BV1008-1_W" xlink:label="loc_s2md_BV1008-1_W" />
    <gen:arc xlink:type="arc" xlink:arcrole="http://xbrl.org/arcrole/2008/variable-set-precondition" xlink:from="loc_s2md_BV1008-1" xlink:to="rp" />
    <gen:arc xlink:type="arc" xlink:arcrole="http://xbrl.org/arcrole/2008/variable-set-precondition" xlink:from="loc_s2md_BV217-1-3" xlink:to="rp" />
    <gen:arc xlink:type="arc" xlink:arcrole="http://xbrl.org/arcrole/2008/variable-set-precondition" xlink:from="loc_s2md_BV217-10-2" xlink:to="rp" />
    <gen:arc xlink:type="arc" xlink:arcrole="http://xbrl.org/arcrole/2008/variable-set-precondition" xlink:from="loc_s2md_BV217-11-2" xlink:to="rp" />
    <gen:arc xlink:type="arc" xlink:arcrole="http://xbrl.org/arcrole/2008/variable-set-precondition" xlink:from="loc_s2md_BV217-12-2" xlink:to="rp" />
    <gen:arc xlink:type="arc" xlink:arcrole="http://xbrl.org/arcrole/2008/variable-set-precondition" xlink:from="loc_s2md_BV217-13-2" xlink:to="rp" />
    <gen:arc xlink:type="arc" xlink:arcrole="http://xbrl.org/arcrole/2008/variable-set-precondition" xlink:from="loc_s2md_BV217-14-2" xlink:to="rp" />
    <gen:arc xlink:type="arc" xlink:arcrole="http://xbrl.org/arcrole/2008/variable-set-precondition" xlink:from="loc_s2md_BV217-15-2" xlink:to="rp" />
    <gen:arc xlink:type="arc" xlink:arcrole="http://xbrl.org/arcrole/2008/variable-set-precondition" xlink:from="loc_s2md_BV217-16-2" xlink:to="rp" />
    <gen:arc xlink:type="arc" xlink:arcrole="http://xbrl.org/arcrole/2008/variable-set-precondition" xlink:from="loc_s2md_BV217-17-2" xlink:to="rp" />
    <gen:arc xlink:type="arc" xlink:arcrole="http://xbrl.org/arcrole/2008/variable-set-precondition" xlink:from="loc_s2md_BV217-18-2" xlink:to="rp" />
    <gen:arc xlink:type="arc" xlink:arcrole="http://xbrl.org/arcrole/2008/variable-set-precondition" xlink:from="loc_s2md_BV217-19-2" xlink:to="rp" />
    <gen:arc xlink:type="arc" xlink:arcrole="http://xbrl.org/arcrole/2008/variable-set-precondition" xlink:from="loc_s2md_BV217-2-1" xlink:to="rp" />
    <gen:arc xlink:type="arc" xlink:arcrole="http://xbrl.org/arcrole/2008/variable-set-precondition" xlink:from="loc_s2md_BV217-20-1" xlink:to="rp" />
    <gen:arc xlink:type="arc" xlink:arcrole="http://xbrl.org/arcrole/2008/variable-set-precondition" xlink:from="loc_s2md_BV217-21-1" xlink:to="rp" />
    <gen:arc xlink:type="arc" xlink:arcrole="http://xbrl.org/arcrole/2008/variable-set-precondition" xlink:from="loc_s2md_BV217-22-1" xlink:to="rp" />
    <gen:arc xlink:type="arc" xlink:arcrole="http://xbrl.org/arcrole/2008/variable-set-precondition" xlink:from="loc_s2md_BV217-3-1" xlink:to="rp" />
    <gen:arc xlink:type="arc" xlink:arcrole="http://xbrl.org/arcrole/2008/variable-set-precondition" xlink:from="loc_s2md_BV217-4-1" xlink:to="rp" />
    <gen:arc xlink:type="arc" xlink:arcrole="http://xbrl.org/arcrole/2008/variable-set-precondition" xlink:from="loc_s2md_BV217-5-1" xlink:to="rp" />
    <gen:arc xlink:type="arc" xlink:arcrole="http://xbrl.org/arcrole/2008/variable-set-precondition" xlink:from="loc_s2md_BV217-6-1" xlink:to="rp" />
    <gen:arc xlink:type="arc" xlink:arcrole="http://xbrl.org/arcrole/2008/variable-set-precondition" xlink:from="loc_s2md_BV217-7-1" xlink:to="rp" />
    <gen:arc xlink:type="arc" xlink:arcrole="http://xbrl.org/arcrole/2008/variable-set-precondition" xlink:from="loc_s2md_BV217-8-1" xlink:to="rp" />
    <gen:arc xlink:type="arc" xlink:arcrole="http://xbrl.org/arcrole/2008/variable-set-precondition" xlink:from="loc_s2md_BV217-9-1" xlink:to="rp" />
    <gen:arc xlink:type="arc" xlink:arcrole="http://xbrl.org/arcrole/2008/variable-set-precondition" xlink:from="loc_s2md_BV1008-1_W" xlink:to="nrp" />
    <gen:arc xlink:type="arc" xlink:arcrole="http://xbrl.org/arcrole/2008/variable-set-precondition" xlink:from="loc_s2md_BV217-1-3_W" xlink:to="nrp" />
    <gen:arc xlink:type="arc" xlink:arcrole="http://xbrl.org/arcrole/2008/variable-set-precondition" xlink:from="loc_s2md_BV217-10-2_W" xlink:to="nrp" />
    <gen:arc xlink:type="arc" xlink:arcrole="http://xbrl.org/arcrole/2008/variable-set-precondition" xlink:from="loc_s2md_BV217-11-2_W" xlink:to="nrp" />
    <gen:arc xlink:type="arc" xlink:arcrole="http://xbrl.org/arcrole/2008/variable-set-precondition" xlink:from="loc_s2md_BV217-12-2_W" xlink:to="nrp" />
    <gen:arc xlink:type="arc" xlink:arcrole="http://xbrl.org/arcrole/2008/variable-set-precondition" xlink:from="loc_s2md_BV217-13-2_W" xlink:to="nrp" />
    <gen:arc xlink:type="arc" xlink:arcrole="http://xbrl.org/arcrole/2008/variable-set-precondition" xlink:from="loc_s2md_BV217-14-2_W" xlink:to="nrp" />
    <gen:arc xlink:type="arc" xlink:arcrole="http://xbrl.org/arcrole/2008/variable-set-precondition" xlink:from="loc_s2md_BV217-15-2_W" xlink:to="nrp" />
    <gen:arc xlink:type="arc" xlink:arcrole="http://xbrl.org/arcrole/2008/variable-set-precondition" xlink:from="loc_s2md_BV217-16-2_W" xlink:to="nrp" />
    <gen:arc xlink:type="arc" xlink:arcrole="http://xbrl.org/arcrole/2008/variable-set-precondition" xlink:from="loc_s2md_BV217-17-2_W" xlink:to="nrp" />
    <gen:arc xlink:type="arc" xlink:arcrole="http://xbrl.org/arcrole/2008/variable-set-precondition" xlink:from="loc_s2md_BV217-18-2_W" xlink:to="nrp" />
    <gen:arc xlink:type="arc" xlink:arcrole="http://xbrl.org/arcrole/2008/variable-set-precondition" xlink:from="loc_s2md_BV217-19-2_W" xlink:to="nrp" />
    <gen:arc xlink:type="arc" xlink:arcrole="http://xbrl.org/arcrole/2008/variable-set-precondition" xlink:from="loc_s2md_BV217-2-1_W" xlink:to="nrp" />
    <gen:arc xlink:type="arc" xlink:arcrole="http://xbrl.org/arcrole/2008/variable-set-precondition" xlink:from="loc_s2md_BV217-20-1_W" xlink:to="nrp" />
    <gen:arc xlink:type="arc" xlink:arcrole="http://xbrl.org/arcrole/2008/variable-set-precondition" xlink:from="loc_s2md_BV217-21-1_W" xlink:to="nrp" />
    <gen:arc xlink:type="arc" xlink:arcrole="http://xbrl.org/arcrole/2008/variable-set-precondition" xlink:from="loc_s2md_BV217-22-1_W" xlink:to="nrp" />
    <gen:arc xlink:type="arc" xlink:arcrole="http://xbrl.org/arcrole/2008/variable-set-precondition" xlink:from="loc_s2md_BV217-3-1_W" xlink:to="nrp" />
    <gen:arc xlink:type="arc" xlink:arcrole="http://xbrl.org/arcrole/2008/variable-set-precondition" xlink:from="loc_s2md_BV217-4-1_W" xlink:to="nrp" />
    <gen:arc xlink:type="arc" xlink:arcrole="http://xbrl.org/arcrole/2008/variable-set-precondition" xlink:from="loc_s2md_BV217-5-1_W" xlink:to="nrp" />
    <gen:arc xlink:type="arc" xlink:arcrole="http://xbrl.org/arcrole/2008/variable-set-precondition" xlink:from="loc_s2md_BV217-6-1_W" xlink:to="nrp" />
    <gen:arc xlink:type="arc" xlink:arcrole="http://xbrl.org/arcrole/2008/variable-set-precondition" xlink:from="loc_s2md_BV217-7-1_W" xlink:to="nrp" />
    <gen:arc xlink:type="arc" xlink:arcrole="http://xbrl.org/arcrole/2008/variable-set-precondition" xlink:from="loc_s2md_BV217-8-1_W" xlink:to="nrp" />
    <gen:arc xlink:type="arc" xlink:arcrole="http://xbrl.org/arcrole/2008/variable-set-precondition" xlink:from="loc_s2md_BV217-9-1_W" xlink:to="nrp" />
  </gen:link>
</link:linkbase>