<?xml version="1.0" encoding="UTF-8"?>
<!--(C) EIOPA - XBRL Taxonomy-->
<?officialURI http://eiopa.europa.eu/eu/xbrl/s2md/fws/solvency/solvency2/2019-07-15/mod/qfg-find-prec.xml?>
<?taxonomy-version 2.4.0?>
<?taxonomy-date 2019-07-15?>
<link:linkbase xmlns:xsi="http://www.w3.org/2001/XMLSchema-instance" xmlns:xbrli="http://www.xbrl.org/2003/instance" xmlns:xlink="http://www.w3.org/1999/xlink" xmlns:link="http://www.xbrl.org/2003/linkbase" xmlns:gen="http://xbrl.org/2008/generic" xmlns:label="http://xbrl.org/2008/label" xmlns:find="http://www.eurofiling.info/xbrl/ext/filing-indicators" xmlns:variable="http://xbrl.org/2008/variable" xsi:schemaLocation="http://www.xbrl.org/2003/linkbase http://www.xbrl.org/2003/xbrl-linkbase-2003-12-31.xsd http://xbrl.org/2008/generic http://www.xbrl.org/2008/generic-link.xsd http://xbrl.org/2008/label http://www.xbrl.org/2008/generic-label.xsd http://www.eurofiling.info/xbrl/ext/filing-indicators http://www.eurofiling.info/eu/fr/xbrl/ext/filing-indicators.xsd http://xbrl.org/2008/variable http://www.xbrl.org/2008/variable.xsd">
  <link:arcroleRef arcroleURI="http://xbrl.org/arcrole/2008/variable-set-precondition" xlink:type="simple" xlink:href="http://www.xbrl.org/2008/variable.xsd#variable-set-precondition" />
  <gen:link xlink:type="extended" xlink:role="http://www.xbrl.org/2003/role/link">
    <variable:precondition xlink:type="resource" xlink:label="findPrec" test="$find:tT.99.01" />
    <link:loc xlink:type="locator" xlink:href="../val/vr-tv58-1.xml#s2md_TV58-1" xlink:label="loc_s2md_TV58-1" />
    <gen:arc xlink:type="arc" xlink:arcrole="http://xbrl.org/arcrole/2008/variable-set-precondition" xlink:from="loc_s2md_TV58-1" xlink:to="findPrec" />
    <link:loc xlink:type="locator" xlink:href="../val/vr-tv59-1.xml#s2md_TV59-1" xlink:label="loc_s2md_TV59-1" />
    <gen:arc xlink:type="arc" xlink:arcrole="http://xbrl.org/arcrole/2008/variable-set-precondition" xlink:from="loc_s2md_TV59-1" xlink:to="findPrec" />
    <link:loc xlink:type="locator" xlink:href="../val/vr-tv60-1.xml#s2md_TV60-1" xlink:label="loc_s2md_TV60-1" />
    <gen:arc xlink:type="arc" xlink:arcrole="http://xbrl.org/arcrole/2008/variable-set-precondition" xlink:from="loc_s2md_TV60-1" xlink:to="findPrec" />
    <link:loc xlink:type="locator" xlink:href="../val/vr-tv61-1.xml#s2md_TV61-1" xlink:label="loc_s2md_TV61-1" />
    <gen:arc xlink:type="arc" xlink:arcrole="http://xbrl.org/arcrole/2008/variable-set-precondition" xlink:from="loc_s2md_TV61-1" xlink:to="findPrec" />
    <link:loc xlink:type="locator" xlink:href="../val/vr-tv62-1.xml#s2md_TV62-1" xlink:label="loc_s2md_TV62-1" />
    <gen:arc xlink:type="arc" xlink:arcrole="http://xbrl.org/arcrole/2008/variable-set-precondition" xlink:from="loc_s2md_TV62-1" xlink:to="findPrec" />
    <link:loc xlink:type="locator" xlink:href="../val/vr-tv63-1.xml#s2md_TV63-1" xlink:label="loc_s2md_TV63-1" />
    <gen:arc xlink:type="arc" xlink:arcrole="http://xbrl.org/arcrole/2008/variable-set-precondition" xlink:from="loc_s2md_TV63-1" xlink:to="findPrec" />
    <link:loc xlink:type="locator" xlink:href="../val/vr-tv64-1.xml#s2md_TV64-1" xlink:label="loc_s2md_TV64-1" />
    <gen:arc xlink:type="arc" xlink:arcrole="http://xbrl.org/arcrole/2008/variable-set-precondition" xlink:from="loc_s2md_TV64-1" xlink:to="findPrec" />
    <link:loc xlink:type="locator" xlink:href="../val/vr-tv65-1.xml#s2md_TV65-1" xlink:label="loc_s2md_TV65-1" />
    <gen:arc xlink:type="arc" xlink:arcrole="http://xbrl.org/arcrole/2008/variable-set-precondition" xlink:from="loc_s2md_TV65-1" xlink:to="findPrec" />
    <variable:precondition xlink:type="resource" xlink:label="findPrec_1" test="$find:tS.02.01" />
    <link:loc xlink:type="locator" xlink:href="../val/vr-bv313_1-3.xml#s2md_BV313_1-3" xlink:label="loc_s2md_BV313_1-3" />
    <gen:arc xlink:type="arc" xlink:arcrole="http://xbrl.org/arcrole/2008/variable-set-precondition" xlink:from="loc_s2md_BV313_1-3" xlink:to="findPrec_1" />
    <gen:arc xlink:type="arc" xlink:arcrole="http://xbrl.org/arcrole/2008/variable-set-precondition" xlink:from="loc_s2md_BV313_1-3_W" xlink:to="findPrec_1" />
    <link:loc xlink:type="locator" xlink:href="../val/vr-bv314_1-3.xml#s2md_BV314_1-3" xlink:label="loc_s2md_BV314_1-3" />
    <gen:arc xlink:type="arc" xlink:arcrole="http://xbrl.org/arcrole/2008/variable-set-precondition" xlink:from="loc_s2md_BV314_1-3" xlink:to="findPrec_1" />
    <gen:arc xlink:type="arc" xlink:arcrole="http://xbrl.org/arcrole/2008/variable-set-precondition" xlink:from="loc_s2md_BV314_1-3_W" xlink:to="findPrec_1" />
    <link:loc xlink:type="locator" xlink:href="../val/vr-bv315_1-3.xml#s2md_BV315_1-3" xlink:label="loc_s2md_BV315_1-3" />
    <gen:arc xlink:type="arc" xlink:arcrole="http://xbrl.org/arcrole/2008/variable-set-precondition" xlink:from="loc_s2md_BV315_1-3" xlink:to="findPrec_1" />
    <gen:arc xlink:type="arc" xlink:arcrole="http://xbrl.org/arcrole/2008/variable-set-precondition" xlink:from="loc_s2md_BV315_1-3_W" xlink:to="findPrec_1" />
    <link:loc xlink:type="locator" xlink:href="../val/vr-bv316_1-3.xml#s2md_BV316_1-3" xlink:label="loc_s2md_BV316_1-3" />
    <gen:arc xlink:type="arc" xlink:arcrole="http://xbrl.org/arcrole/2008/variable-set-precondition" xlink:from="loc_s2md_BV316_1-3" xlink:to="findPrec_1" />
    <gen:arc xlink:type="arc" xlink:arcrole="http://xbrl.org/arcrole/2008/variable-set-precondition" xlink:from="loc_s2md_BV316_1-3_W" xlink:to="findPrec_1" />
    <link:loc xlink:type="locator" xlink:href="../val/vr-bv317_1-3.xml#s2md_BV317_1-3" xlink:label="loc_s2md_BV317_1-3" />
    <gen:arc xlink:type="arc" xlink:arcrole="http://xbrl.org/arcrole/2008/variable-set-precondition" xlink:from="loc_s2md_BV317_1-3" xlink:to="findPrec_1" />
    <gen:arc xlink:type="arc" xlink:arcrole="http://xbrl.org/arcrole/2008/variable-set-precondition" xlink:from="loc_s2md_BV317_1-3_W" xlink:to="findPrec_1" />
    <link:loc xlink:type="locator" xlink:href="../val/vr-bv318_1-3.xml#s2md_BV318_1-3" xlink:label="loc_s2md_BV318_1-3" />
    <gen:arc xlink:type="arc" xlink:arcrole="http://xbrl.org/arcrole/2008/variable-set-precondition" xlink:from="loc_s2md_BV318_1-3" xlink:to="findPrec_1" />
    <gen:arc xlink:type="arc" xlink:arcrole="http://xbrl.org/arcrole/2008/variable-set-precondition" xlink:from="loc_s2md_BV318_1-3_W" xlink:to="findPrec_1" />
    <link:loc xlink:type="locator" xlink:href="../val/vr-bv319_1-3.xml#s2md_BV319_1-3" xlink:label="loc_s2md_BV319_1-3" />
    <gen:arc xlink:type="arc" xlink:arcrole="http://xbrl.org/arcrole/2008/variable-set-precondition" xlink:from="loc_s2md_BV319_1-3" xlink:to="findPrec_1" />
    <gen:arc xlink:type="arc" xlink:arcrole="http://xbrl.org/arcrole/2008/variable-set-precondition" xlink:from="loc_s2md_BV319_1-3_W" xlink:to="findPrec_1" />
    <link:loc xlink:type="locator" xlink:href="../val/vr-bv320_1-3.xml#s2md_BV320_1-3" xlink:label="loc_s2md_BV320_1-3" />
    <gen:arc xlink:type="arc" xlink:arcrole="http://xbrl.org/arcrole/2008/variable-set-precondition" xlink:from="loc_s2md_BV320_1-3" xlink:to="findPrec_1" />
    <gen:arc xlink:type="arc" xlink:arcrole="http://xbrl.org/arcrole/2008/variable-set-precondition" xlink:from="loc_s2md_BV320_1-3_W" xlink:to="findPrec_1" />
    <link:loc xlink:type="locator" xlink:href="../val/vr-bv321_1-3.xml#s2md_BV321_1-3" xlink:label="loc_s2md_BV321_1-3" />
    <gen:arc xlink:type="arc" xlink:arcrole="http://xbrl.org/arcrole/2008/variable-set-precondition" xlink:from="loc_s2md_BV321_1-3" xlink:to="findPrec_1" />
    <gen:arc xlink:type="arc" xlink:arcrole="http://xbrl.org/arcrole/2008/variable-set-precondition" xlink:from="loc_s2md_BV321_1-3_W" xlink:to="findPrec_1" />
    <link:loc xlink:type="locator" xlink:href="../val/vr-bv322_1-3.xml#s2md_BV322_1-3" xlink:label="loc_s2md_BV322_1-3" />
    <gen:arc xlink:type="arc" xlink:arcrole="http://xbrl.org/arcrole/2008/variable-set-precondition" xlink:from="loc_s2md_BV322_1-3" xlink:to="findPrec_1" />
    <gen:arc xlink:type="arc" xlink:arcrole="http://xbrl.org/arcrole/2008/variable-set-precondition" xlink:from="loc_s2md_BV322_1-3_W" xlink:to="findPrec_1" />
    <link:loc xlink:type="locator" xlink:href="../val/vr-bv323_1-3.xml#s2md_BV323_1-3" xlink:label="loc_s2md_BV323_1-3" />
    <gen:arc xlink:type="arc" xlink:arcrole="http://xbrl.org/arcrole/2008/variable-set-precondition" xlink:from="loc_s2md_BV323_1-3" xlink:to="findPrec_1" />
    <gen:arc xlink:type="arc" xlink:arcrole="http://xbrl.org/arcrole/2008/variable-set-precondition" xlink:from="loc_s2md_BV323_1-3_W" xlink:to="findPrec_1" />
    <link:loc xlink:type="locator" xlink:href="../val/vr-bv324_1-3.xml#s2md_BV324_1-3" xlink:label="loc_s2md_BV324_1-3" />
    <gen:arc xlink:type="arc" xlink:arcrole="http://xbrl.org/arcrole/2008/variable-set-precondition" xlink:from="loc_s2md_BV324_1-3" xlink:to="findPrec_1" />
    <gen:arc xlink:type="arc" xlink:arcrole="http://xbrl.org/arcrole/2008/variable-set-precondition" xlink:from="loc_s2md_BV324_1-3_W" xlink:to="findPrec_1" />
    <link:loc xlink:type="locator" xlink:href="../val/vr-bv325_1-3.xml#s2md_BV325_1-3" xlink:label="loc_s2md_BV325_1-3" />
    <gen:arc xlink:type="arc" xlink:arcrole="http://xbrl.org/arcrole/2008/variable-set-precondition" xlink:from="loc_s2md_BV325_1-3" xlink:to="findPrec_1" />
    <gen:arc xlink:type="arc" xlink:arcrole="http://xbrl.org/arcrole/2008/variable-set-precondition" xlink:from="loc_s2md_BV325_1-3_W" xlink:to="findPrec_1" />
    <link:loc xlink:type="locator" xlink:href="../val/vr-bv326_1-3.xml#s2md_BV326_1-3" xlink:label="loc_s2md_BV326_1-3" />
    <gen:arc xlink:type="arc" xlink:arcrole="http://xbrl.org/arcrole/2008/variable-set-precondition" xlink:from="loc_s2md_BV326_1-3" xlink:to="findPrec_1" />
    <gen:arc xlink:type="arc" xlink:arcrole="http://xbrl.org/arcrole/2008/variable-set-precondition" xlink:from="loc_s2md_BV326_1-3_W" xlink:to="findPrec_1" />
    <link:loc xlink:type="locator" xlink:href="../val/vr-bv327_1-3.xml#s2md_BV327_1-3" xlink:label="loc_s2md_BV327_1-3" />
    <gen:arc xlink:type="arc" xlink:arcrole="http://xbrl.org/arcrole/2008/variable-set-precondition" xlink:from="loc_s2md_BV327_1-3" xlink:to="findPrec_1" />
    <gen:arc xlink:type="arc" xlink:arcrole="http://xbrl.org/arcrole/2008/variable-set-precondition" xlink:from="loc_s2md_BV327_1-3_W" xlink:to="findPrec_1" />
    <link:loc xlink:type="locator" xlink:href="../val/vr-bv328_1-3.xml#s2md_BV328_1-3" xlink:label="loc_s2md_BV328_1-3" />
    <gen:arc xlink:type="arc" xlink:arcrole="http://xbrl.org/arcrole/2008/variable-set-precondition" xlink:from="loc_s2md_BV328_1-3" xlink:to="findPrec_1" />
    <gen:arc xlink:type="arc" xlink:arcrole="http://xbrl.org/arcrole/2008/variable-set-precondition" xlink:from="loc_s2md_BV328_1-3_W" xlink:to="findPrec_1" />
    <link:loc xlink:type="locator" xlink:href="../val/vr-bv329_1-3.xml#s2md_BV329_1-3" xlink:label="loc_s2md_BV329_1-3" />
    <gen:arc xlink:type="arc" xlink:arcrole="http://xbrl.org/arcrole/2008/variable-set-precondition" xlink:from="loc_s2md_BV329_1-3" xlink:to="findPrec_1" />
    <gen:arc xlink:type="arc" xlink:arcrole="http://xbrl.org/arcrole/2008/variable-set-precondition" xlink:from="loc_s2md_BV329_1-3_W" xlink:to="findPrec_1" />
    <link:loc xlink:type="locator" xlink:href="../val/vr-bv330_1-3.xml#s2md_BV330_1-3" xlink:label="loc_s2md_BV330_1-3" />
    <gen:arc xlink:type="arc" xlink:arcrole="http://xbrl.org/arcrole/2008/variable-set-precondition" xlink:from="loc_s2md_BV330_1-3" xlink:to="findPrec_1" />
    <gen:arc xlink:type="arc" xlink:arcrole="http://xbrl.org/arcrole/2008/variable-set-precondition" xlink:from="loc_s2md_BV330_1-3_W" xlink:to="findPrec_1" />
    <link:loc xlink:type="locator" xlink:href="../val/vr-bv708-6.xml#s2md_BV708-6" xlink:label="loc_s2md_BV708-6" />
    <gen:arc xlink:type="arc" xlink:arcrole="http://xbrl.org/arcrole/2008/variable-set-precondition" xlink:from="loc_s2md_BV708-6" xlink:to="findPrec_1" />
    <link:loc xlink:type="locator" xlink:href="../val/vr-bv709-6.xml#s2md_BV709-6" xlink:label="loc_s2md_BV709-6" />
    <gen:arc xlink:type="arc" xlink:arcrole="http://xbrl.org/arcrole/2008/variable-set-precondition" xlink:from="loc_s2md_BV709-6" xlink:to="findPrec_1" />
    <link:loc xlink:type="locator" xlink:href="../val/vr-bv710-6.xml#s2md_BV710-6" xlink:label="loc_s2md_BV710-6" />
    <gen:arc xlink:type="arc" xlink:arcrole="http://xbrl.org/arcrole/2008/variable-set-precondition" xlink:from="loc_s2md_BV710-6" xlink:to="findPrec_1" />
    <link:loc xlink:type="locator" xlink:href="../val/vr-bv711-6.xml#s2md_BV711-6" xlink:label="loc_s2md_BV711-6" />
    <gen:arc xlink:type="arc" xlink:arcrole="http://xbrl.org/arcrole/2008/variable-set-precondition" xlink:from="loc_s2md_BV711-6" xlink:to="findPrec_1" />
    <link:loc xlink:type="locator" xlink:href="../val/vr-bv712-6.xml#s2md_BV712-6" xlink:label="loc_s2md_BV712-6" />
    <gen:arc xlink:type="arc" xlink:arcrole="http://xbrl.org/arcrole/2008/variable-set-precondition" xlink:from="loc_s2md_BV712-6" xlink:to="findPrec_1" />
    <link:loc xlink:type="locator" xlink:href="../val/vr-bv714-6.xml#s2md_BV714-6" xlink:label="loc_s2md_BV714-6" />
    <gen:arc xlink:type="arc" xlink:arcrole="http://xbrl.org/arcrole/2008/variable-set-precondition" xlink:from="loc_s2md_BV714-6" xlink:to="findPrec_1" />
    <link:loc xlink:type="locator" xlink:href="../val/vr-bv715-6.xml#s2md_BV715-6" xlink:label="loc_s2md_BV715-6" />
    <gen:arc xlink:type="arc" xlink:arcrole="http://xbrl.org/arcrole/2008/variable-set-precondition" xlink:from="loc_s2md_BV715-6" xlink:to="findPrec_1" />
    <link:loc xlink:type="locator" xlink:href="../val/vr-bv716-6.xml#s2md_BV716-6" xlink:label="loc_s2md_BV716-6" />
    <gen:arc xlink:type="arc" xlink:arcrole="http://xbrl.org/arcrole/2008/variable-set-precondition" xlink:from="loc_s2md_BV716-6" xlink:to="findPrec_1" />
    <variable:precondition xlink:type="resource" xlink:label="findPrec_2" test="$find:tS.06.02" />
    <link:loc xlink:type="locator" xlink:href="../val/vr-bv6-3.xml#s2md_BV6-3" xlink:label="loc_s2md_BV6-3" />
    <gen:arc xlink:type="arc" xlink:arcrole="http://xbrl.org/arcrole/2008/variable-set-precondition" xlink:from="loc_s2md_BV6-3" xlink:to="findPrec_2" />
    <gen:arc xlink:type="arc" xlink:arcrole="http://xbrl.org/arcrole/2008/variable-set-precondition" xlink:from="loc_s2md_BV6-3_W" xlink:to="findPrec_2" />
    <link:loc xlink:type="locator" xlink:href="../val/vr-bv237-3.xml#s2md_BV237-3" xlink:label="loc_s2md_BV237-3" />
    <gen:arc xlink:type="arc" xlink:arcrole="http://xbrl.org/arcrole/2008/variable-set-precondition" xlink:from="loc_s2md_BV237-3" xlink:to="findPrec_2" />
    <gen:arc xlink:type="arc" xlink:arcrole="http://xbrl.org/arcrole/2008/variable-set-precondition" xlink:from="loc_s2md_BV237-3_W" xlink:to="findPrec_2" />
    <link:loc xlink:type="locator" xlink:href="../val/vr-bv776-3.xml#s2md_BV776-3" xlink:label="loc_s2md_BV776-3" />
    <gen:arc xlink:type="arc" xlink:arcrole="http://xbrl.org/arcrole/2008/variable-set-precondition" xlink:from="loc_s2md_BV776-3" xlink:to="findPrec_2" />
    <link:loc xlink:type="locator" xlink:href="../val/vr-bv778-3.xml#s2md_BV778-3" xlink:label="loc_s2md_BV778-3" />
    <gen:arc xlink:type="arc" xlink:arcrole="http://xbrl.org/arcrole/2008/variable-set-precondition" xlink:from="loc_s2md_BV778-3" xlink:to="findPrec_2" />
    <link:loc xlink:type="locator" xlink:href="../val/vr-bv780-3.xml#s2md_BV780-3" xlink:label="loc_s2md_BV780-3" />
    <gen:arc xlink:type="arc" xlink:arcrole="http://xbrl.org/arcrole/2008/variable-set-precondition" xlink:from="loc_s2md_BV780-3" xlink:to="findPrec_2" />
    <link:loc xlink:type="locator" xlink:href="../val/vr-bv786-3.xml#s2md_BV786-3" xlink:label="loc_s2md_BV786-3" />
    <gen:arc xlink:type="arc" xlink:arcrole="http://xbrl.org/arcrole/2008/variable-set-precondition" xlink:from="loc_s2md_BV786-3" xlink:to="findPrec_2" />
    <link:loc xlink:type="locator" xlink:href="../val/vr-bv787-3.xml#s2md_BV787-3" xlink:label="loc_s2md_BV787-3" />
    <gen:arc xlink:type="arc" xlink:arcrole="http://xbrl.org/arcrole/2008/variable-set-precondition" xlink:from="loc_s2md_BV787-3" xlink:to="findPrec_2" />
    <gen:arc xlink:type="arc" xlink:arcrole="http://xbrl.org/arcrole/2008/variable-set-precondition" xlink:from="loc_s2md_BV787-3_W" xlink:to="findPrec_2" />
    <link:loc xlink:type="locator" xlink:href="../val/vr-bv788-3.xml#s2md_BV788-3" xlink:label="loc_s2md_BV788-3" />
    <gen:arc xlink:type="arc" xlink:arcrole="http://xbrl.org/arcrole/2008/variable-set-precondition" xlink:from="loc_s2md_BV788-3" xlink:to="findPrec_2" />
    <gen:arc xlink:type="arc" xlink:arcrole="http://xbrl.org/arcrole/2008/variable-set-precondition" xlink:from="loc_s2md_BV788-3_W" xlink:to="findPrec_2" />
    <link:loc xlink:type="locator" xlink:href="../val/vr-bv789-3.xml#s2md_BV789-3" xlink:label="loc_s2md_BV789-3" />
    <gen:arc xlink:type="arc" xlink:arcrole="http://xbrl.org/arcrole/2008/variable-set-precondition" xlink:from="loc_s2md_BV789-3" xlink:to="findPrec_2" />
    <link:loc xlink:type="locator" xlink:href="../val/vr-bv791-3.xml#s2md_BV791-3" xlink:label="loc_s2md_BV791-3" />
    <gen:arc xlink:type="arc" xlink:arcrole="http://xbrl.org/arcrole/2008/variable-set-precondition" xlink:from="loc_s2md_BV791-3" xlink:to="findPrec_2" />
    <gen:arc xlink:type="arc" xlink:arcrole="http://xbrl.org/arcrole/2008/variable-set-precondition" xlink:from="loc_s2md_BV791-3_W" xlink:to="findPrec_2" />
    <link:loc xlink:type="locator" xlink:href="../val/vr-bv792-3.xml#s2md_BV792-3" xlink:label="loc_s2md_BV792-3" />
    <gen:arc xlink:type="arc" xlink:arcrole="http://xbrl.org/arcrole/2008/variable-set-precondition" xlink:from="loc_s2md_BV792-3" xlink:to="findPrec_2" />
    <link:loc xlink:type="locator" xlink:href="../val/vr-bv955-3.xml#s2md_BV955-3" xlink:label="loc_s2md_BV955-3" />
    <gen:arc xlink:type="arc" xlink:arcrole="http://xbrl.org/arcrole/2008/variable-set-precondition" xlink:from="loc_s2md_BV955-3" xlink:to="findPrec_2" />
    <gen:arc xlink:type="arc" xlink:arcrole="http://xbrl.org/arcrole/2008/variable-set-precondition" xlink:from="loc_s2md_BV955-3_W" xlink:to="findPrec_2" />
    <link:loc xlink:type="locator" xlink:href="../val/vr-bv956-3.xml#s2md_BV956-3" xlink:label="loc_s2md_BV956-3" />
    <gen:arc xlink:type="arc" xlink:arcrole="http://xbrl.org/arcrole/2008/variable-set-precondition" xlink:from="loc_s2md_BV956-3" xlink:to="findPrec_2" />
    <link:loc xlink:type="locator" xlink:href="../val/vr-bv981-3.xml#s2md_BV981-3" xlink:label="loc_s2md_BV981-3" />
    <gen:arc xlink:type="arc" xlink:arcrole="http://xbrl.org/arcrole/2008/variable-set-precondition" xlink:from="loc_s2md_BV981-3" xlink:to="findPrec_2" />
    <link:loc xlink:type="locator" xlink:href="../val/vr-bv982-3.xml#s2md_BV982-3" xlink:label="loc_s2md_BV982-3" />
    <gen:arc xlink:type="arc" xlink:arcrole="http://xbrl.org/arcrole/2008/variable-set-precondition" xlink:from="loc_s2md_BV982-3" xlink:to="findPrec_2" />
    <link:loc xlink:type="locator" xlink:href="../val/vr-bv983-3.xml#s2md_BV983-3" xlink:label="loc_s2md_BV983-3" />
    <gen:arc xlink:type="arc" xlink:arcrole="http://xbrl.org/arcrole/2008/variable-set-precondition" xlink:from="loc_s2md_BV983-3" xlink:to="findPrec_2" />
    <link:loc xlink:type="locator" xlink:href="../val/vr-bv984-3.xml#s2md_BV984-3" xlink:label="loc_s2md_BV984-3" />
    <gen:arc xlink:type="arc" xlink:arcrole="http://xbrl.org/arcrole/2008/variable-set-precondition" xlink:from="loc_s2md_BV984-3" xlink:to="findPrec_2" />
    <link:loc xlink:type="locator" xlink:href="../val/vr-bv985-3.xml#s2md_BV985-3" xlink:label="loc_s2md_BV985-3" />
    <gen:arc xlink:type="arc" xlink:arcrole="http://xbrl.org/arcrole/2008/variable-set-precondition" xlink:from="loc_s2md_BV985-3" xlink:to="findPrec_2" />
    <link:loc xlink:type="locator" xlink:href="../val/vr-bv1015-3.xml#s2md_BV1015-3" xlink:label="loc_s2md_BV1015-3" />
    <gen:arc xlink:type="arc" xlink:arcrole="http://xbrl.org/arcrole/2008/variable-set-precondition" xlink:from="loc_s2md_BV1015-3" xlink:to="findPrec_2" />
    <variable:precondition xlink:type="resource" xlink:label="findPrec_3" test="$find:tS.01.02" />
    <link:loc xlink:type="locator" xlink:href="../val/vr-tv57-2.xml#s2md_TV57-2" xlink:label="loc_s2md_TV57-2" />
    <gen:arc xlink:type="arc" xlink:arcrole="http://xbrl.org/arcrole/2008/variable-set-precondition" xlink:from="loc_s2md_TV57-2" xlink:to="findPrec_3" />
    <link:loc xlink:type="locator" xlink:href="../val/vr-tv68-2.xml#s2md_TV68-2" xlink:label="loc_s2md_TV68-2" />
    <gen:arc xlink:type="arc" xlink:arcrole="http://xbrl.org/arcrole/2008/variable-set-precondition" xlink:from="loc_s2md_TV68-2" xlink:to="findPrec_3" />
    <link:loc xlink:type="locator" xlink:href="../val/vr-tv69-2.xml#s2md_TV69-2" xlink:label="loc_s2md_TV69-2" />
    <gen:arc xlink:type="arc" xlink:arcrole="http://xbrl.org/arcrole/2008/variable-set-precondition" xlink:from="loc_s2md_TV69-2" xlink:to="findPrec_3" />
    <link:loc xlink:type="locator" xlink:href="../val/vr-tv70-2.xml#s2md_TV70-2" xlink:label="loc_s2md_TV70-2" />
    <gen:arc xlink:type="arc" xlink:arcrole="http://xbrl.org/arcrole/2008/variable-set-precondition" xlink:from="loc_s2md_TV70-2" xlink:to="findPrec_3" />
    <link:loc xlink:type="locator" xlink:href="../val/vr-bv206-10-2.xml#s2md_BV206-10-2" xlink:label="loc_s2md_BV206-10-2" />
    <gen:arc xlink:type="arc" xlink:arcrole="http://xbrl.org/arcrole/2008/variable-set-precondition" xlink:from="loc_s2md_BV206-10-2" xlink:to="findPrec_3" />
    <gen:arc xlink:type="arc" xlink:arcrole="http://xbrl.org/arcrole/2008/variable-set-precondition" xlink:from="loc_s2md_BV206-10-2_W" xlink:to="findPrec_3" />
    <link:loc xlink:type="locator" xlink:href="../val/vr-bv206-11-2.xml#s2md_BV206-11-2" xlink:label="loc_s2md_BV206-11-2" />
    <gen:arc xlink:type="arc" xlink:arcrole="http://xbrl.org/arcrole/2008/variable-set-precondition" xlink:from="loc_s2md_BV206-11-2" xlink:to="findPrec_3" />
    <gen:arc xlink:type="arc" xlink:arcrole="http://xbrl.org/arcrole/2008/variable-set-precondition" xlink:from="loc_s2md_BV206-11-2_W" xlink:to="findPrec_3" />
    <link:loc xlink:type="locator" xlink:href="../val/vr-bv206-12-2.xml#s2md_BV206-12-2" xlink:label="loc_s2md_BV206-12-2" />
    <gen:arc xlink:type="arc" xlink:arcrole="http://xbrl.org/arcrole/2008/variable-set-precondition" xlink:from="loc_s2md_BV206-12-2" xlink:to="findPrec_3" />
    <gen:arc xlink:type="arc" xlink:arcrole="http://xbrl.org/arcrole/2008/variable-set-precondition" xlink:from="loc_s2md_BV206-12-2_W" xlink:to="findPrec_3" />
    <link:loc xlink:type="locator" xlink:href="../val/vr-bv206-1-3.xml#s2md_BV206-1-3" xlink:label="loc_s2md_BV206-1-3" />
    <gen:arc xlink:type="arc" xlink:arcrole="http://xbrl.org/arcrole/2008/variable-set-precondition" xlink:from="loc_s2md_BV206-1-3" xlink:to="findPrec_3" />
    <gen:arc xlink:type="arc" xlink:arcrole="http://xbrl.org/arcrole/2008/variable-set-precondition" xlink:from="loc_s2md_BV206-1-3_W" xlink:to="findPrec_3" />
    <link:loc xlink:type="locator" xlink:href="../val/vr-bv206-13-2.xml#s2md_BV206-13-2" xlink:label="loc_s2md_BV206-13-2" />
    <gen:arc xlink:type="arc" xlink:arcrole="http://xbrl.org/arcrole/2008/variable-set-precondition" xlink:from="loc_s2md_BV206-13-2" xlink:to="findPrec_3" />
    <gen:arc xlink:type="arc" xlink:arcrole="http://xbrl.org/arcrole/2008/variable-set-precondition" xlink:from="loc_s2md_BV206-13-2_W" xlink:to="findPrec_3" />
    <link:loc xlink:type="locator" xlink:href="../val/vr-bv206-14-2.xml#s2md_BV206-14-2" xlink:label="loc_s2md_BV206-14-2" />
    <gen:arc xlink:type="arc" xlink:arcrole="http://xbrl.org/arcrole/2008/variable-set-precondition" xlink:from="loc_s2md_BV206-14-2" xlink:to="findPrec_3" />
    <gen:arc xlink:type="arc" xlink:arcrole="http://xbrl.org/arcrole/2008/variable-set-precondition" xlink:from="loc_s2md_BV206-14-2_W" xlink:to="findPrec_3" />
    <link:loc xlink:type="locator" xlink:href="../val/vr-bv206-15-2.xml#s2md_BV206-15-2" xlink:label="loc_s2md_BV206-15-2" />
    <gen:arc xlink:type="arc" xlink:arcrole="http://xbrl.org/arcrole/2008/variable-set-precondition" xlink:from="loc_s2md_BV206-15-2" xlink:to="findPrec_3" />
    <gen:arc xlink:type="arc" xlink:arcrole="http://xbrl.org/arcrole/2008/variable-set-precondition" xlink:from="loc_s2md_BV206-15-2_W" xlink:to="findPrec_3" />
    <link:loc xlink:type="locator" xlink:href="../val/vr-bv206-16-2.xml#s2md_BV206-16-2" xlink:label="loc_s2md_BV206-16-2" />
    <gen:arc xlink:type="arc" xlink:arcrole="http://xbrl.org/arcrole/2008/variable-set-precondition" xlink:from="loc_s2md_BV206-16-2" xlink:to="findPrec_3" />
    <gen:arc xlink:type="arc" xlink:arcrole="http://xbrl.org/arcrole/2008/variable-set-precondition" xlink:from="loc_s2md_BV206-16-2_W" xlink:to="findPrec_3" />
    <link:loc xlink:type="locator" xlink:href="../val/vr-bv206-17-2.xml#s2md_BV206-17-2" xlink:label="loc_s2md_BV206-17-2" />
    <gen:arc xlink:type="arc" xlink:arcrole="http://xbrl.org/arcrole/2008/variable-set-precondition" xlink:from="loc_s2md_BV206-17-2" xlink:to="findPrec_3" />
    <gen:arc xlink:type="arc" xlink:arcrole="http://xbrl.org/arcrole/2008/variable-set-precondition" xlink:from="loc_s2md_BV206-17-2_W" xlink:to="findPrec_3" />
    <link:loc xlink:type="locator" xlink:href="../val/vr-bv206-18-2.xml#s2md_BV206-18-2" xlink:label="loc_s2md_BV206-18-2" />
    <gen:arc xlink:type="arc" xlink:arcrole="http://xbrl.org/arcrole/2008/variable-set-precondition" xlink:from="loc_s2md_BV206-18-2" xlink:to="findPrec_3" />
    <gen:arc xlink:type="arc" xlink:arcrole="http://xbrl.org/arcrole/2008/variable-set-precondition" xlink:from="loc_s2md_BV206-18-2_W" xlink:to="findPrec_3" />
    <link:loc xlink:type="locator" xlink:href="../val/vr-bv206-19-2.xml#s2md_BV206-19-2" xlink:label="loc_s2md_BV206-19-2" />
    <gen:arc xlink:type="arc" xlink:arcrole="http://xbrl.org/arcrole/2008/variable-set-precondition" xlink:from="loc_s2md_BV206-19-2" xlink:to="findPrec_3" />
    <gen:arc xlink:type="arc" xlink:arcrole="http://xbrl.org/arcrole/2008/variable-set-precondition" xlink:from="loc_s2md_BV206-19-2_W" xlink:to="findPrec_3" />
    <link:loc xlink:type="locator" xlink:href="../val/vr-bv206-20-1.xml#s2md_BV206-20-1" xlink:label="loc_s2md_BV206-20-1" />
    <gen:arc xlink:type="arc" xlink:arcrole="http://xbrl.org/arcrole/2008/variable-set-precondition" xlink:from="loc_s2md_BV206-20-1" xlink:to="findPrec_3" />
    <gen:arc xlink:type="arc" xlink:arcrole="http://xbrl.org/arcrole/2008/variable-set-precondition" xlink:from="loc_s2md_BV206-20-1_W" xlink:to="findPrec_3" />
    <link:loc xlink:type="locator" xlink:href="../val/vr-bv206-2-1.xml#s2md_BV206-2-1" xlink:label="loc_s2md_BV206-2-1" />
    <gen:arc xlink:type="arc" xlink:arcrole="http://xbrl.org/arcrole/2008/variable-set-precondition" xlink:from="loc_s2md_BV206-2-1" xlink:to="findPrec_3" />
    <gen:arc xlink:type="arc" xlink:arcrole="http://xbrl.org/arcrole/2008/variable-set-precondition" xlink:from="loc_s2md_BV206-2-1_W" xlink:to="findPrec_3" />
    <link:loc xlink:type="locator" xlink:href="../val/vr-bv206-21-1.xml#s2md_BV206-21-1" xlink:label="loc_s2md_BV206-21-1" />
    <gen:arc xlink:type="arc" xlink:arcrole="http://xbrl.org/arcrole/2008/variable-set-precondition" xlink:from="loc_s2md_BV206-21-1" xlink:to="findPrec_3" />
    <gen:arc xlink:type="arc" xlink:arcrole="http://xbrl.org/arcrole/2008/variable-set-precondition" xlink:from="loc_s2md_BV206-21-1_W" xlink:to="findPrec_3" />
    <link:loc xlink:type="locator" xlink:href="../val/vr-bv206-3-1.xml#s2md_BV206-3-1" xlink:label="loc_s2md_BV206-3-1" />
    <gen:arc xlink:type="arc" xlink:arcrole="http://xbrl.org/arcrole/2008/variable-set-precondition" xlink:from="loc_s2md_BV206-3-1" xlink:to="findPrec_3" />
    <gen:arc xlink:type="arc" xlink:arcrole="http://xbrl.org/arcrole/2008/variable-set-precondition" xlink:from="loc_s2md_BV206-3-1_W" xlink:to="findPrec_3" />
    <link:loc xlink:type="locator" xlink:href="../val/vr-bv206-4-1.xml#s2md_BV206-4-1" xlink:label="loc_s2md_BV206-4-1" />
    <gen:arc xlink:type="arc" xlink:arcrole="http://xbrl.org/arcrole/2008/variable-set-precondition" xlink:from="loc_s2md_BV206-4-1" xlink:to="findPrec_3" />
    <gen:arc xlink:type="arc" xlink:arcrole="http://xbrl.org/arcrole/2008/variable-set-precondition" xlink:from="loc_s2md_BV206-4-1_W" xlink:to="findPrec_3" />
    <link:loc xlink:type="locator" xlink:href="../val/vr-bv206-5-1.xml#s2md_BV206-5-1" xlink:label="loc_s2md_BV206-5-1" />
    <gen:arc xlink:type="arc" xlink:arcrole="http://xbrl.org/arcrole/2008/variable-set-precondition" xlink:from="loc_s2md_BV206-5-1" xlink:to="findPrec_3" />
    <gen:arc xlink:type="arc" xlink:arcrole="http://xbrl.org/arcrole/2008/variable-set-precondition" xlink:from="loc_s2md_BV206-5-1_W" xlink:to="findPrec_3" />
    <link:loc xlink:type="locator" xlink:href="../val/vr-bv206-6-1.xml#s2md_BV206-6-1" xlink:label="loc_s2md_BV206-6-1" />
    <gen:arc xlink:type="arc" xlink:arcrole="http://xbrl.org/arcrole/2008/variable-set-precondition" xlink:from="loc_s2md_BV206-6-1" xlink:to="findPrec_3" />
    <gen:arc xlink:type="arc" xlink:arcrole="http://xbrl.org/arcrole/2008/variable-set-precondition" xlink:from="loc_s2md_BV206-6-1_W" xlink:to="findPrec_3" />
    <link:loc xlink:type="locator" xlink:href="../val/vr-bv206-7-1.xml#s2md_BV206-7-1" xlink:label="loc_s2md_BV206-7-1" />
    <gen:arc xlink:type="arc" xlink:arcrole="http://xbrl.org/arcrole/2008/variable-set-precondition" xlink:from="loc_s2md_BV206-7-1" xlink:to="findPrec_3" />
    <gen:arc xlink:type="arc" xlink:arcrole="http://xbrl.org/arcrole/2008/variable-set-precondition" xlink:from="loc_s2md_BV206-7-1_W" xlink:to="findPrec_3" />
    <link:loc xlink:type="locator" xlink:href="../val/vr-bv206-8-1.xml#s2md_BV206-8-1" xlink:label="loc_s2md_BV206-8-1" />
    <gen:arc xlink:type="arc" xlink:arcrole="http://xbrl.org/arcrole/2008/variable-set-precondition" xlink:from="loc_s2md_BV206-8-1" xlink:to="findPrec_3" />
    <link:loc xlink:type="locator" xlink:href="../val/vr-bv206-9-1.xml#s2md_BV206-9-1" xlink:label="loc_s2md_BV206-9-1" />
    <gen:arc xlink:type="arc" xlink:arcrole="http://xbrl.org/arcrole/2008/variable-set-precondition" xlink:from="loc_s2md_BV206-9-1" xlink:to="findPrec_3" />
    <gen:arc xlink:type="arc" xlink:arcrole="http://xbrl.org/arcrole/2008/variable-set-precondition" xlink:from="loc_s2md_BV206-9-1_W" xlink:to="findPrec_3" />
    <variable:precondition xlink:type="resource" xlink:label="findPrec_4" test="( $find:tS.01.02 and $find:tS.06.02 )" />
    <link:loc xlink:type="locator" xlink:href="../val/vr-bv707-3.xml#s2md_BV707-3" xlink:label="loc_s2md_BV707-3" />
    <gen:arc xlink:type="arc" xlink:arcrole="http://xbrl.org/arcrole/2008/variable-set-precondition" xlink:from="loc_s2md_BV707-3" xlink:to="findPrec_4" />
    <link:loc xlink:type="locator" xlink:href="../val/vr-bv991-1.xml#s2md_BV991-1" xlink:label="loc_s2md_BV991-1" />
    <gen:arc xlink:type="arc" xlink:arcrole="http://xbrl.org/arcrole/2008/variable-set-precondition" xlink:from="loc_s2md_BV991-1" xlink:to="findPrec_4" />
    <variable:precondition xlink:type="resource" xlink:label="findPrec_5" test="$find:tS.06.02" />
    <link:loc xlink:type="locator" xlink:href="../val/vr-bv779-3.xml#s2md_BV779-3" xlink:label="loc_s2md_BV779-3" />
    <gen:arc xlink:type="arc" xlink:arcrole="http://xbrl.org/arcrole/2008/variable-set-precondition" xlink:from="loc_s2md_BV779-3" xlink:to="findPrec_5" />
    <link:loc xlink:type="locator" xlink:href="../val/vr-bv781-3.xml#s2md_BV781-3" xlink:label="loc_s2md_BV781-3" />
    <gen:arc xlink:type="arc" xlink:arcrole="http://xbrl.org/arcrole/2008/variable-set-precondition" xlink:from="loc_s2md_BV781-3" xlink:to="findPrec_5" />
    <gen:arc xlink:type="arc" xlink:arcrole="http://xbrl.org/arcrole/2008/variable-set-precondition" xlink:from="loc_s2md_BV781-3_W" xlink:to="findPrec_5" />
    <link:loc xlink:type="locator" xlink:href="../val/vr-bv782-3.xml#s2md_BV782-3" xlink:label="loc_s2md_BV782-3" />
    <gen:arc xlink:type="arc" xlink:arcrole="http://xbrl.org/arcrole/2008/variable-set-precondition" xlink:from="loc_s2md_BV782-3" xlink:to="findPrec_5" />
    <link:loc xlink:type="locator" xlink:href="../val/vr-bv783-3.xml#s2md_BV783-3" xlink:label="loc_s2md_BV783-3" />
    <gen:arc xlink:type="arc" xlink:arcrole="http://xbrl.org/arcrole/2008/variable-set-precondition" xlink:from="loc_s2md_BV783-3" xlink:to="findPrec_5" />
    <link:loc xlink:type="locator" xlink:href="../val/vr-bv784-3.xml#s2md_BV784-3" xlink:label="loc_s2md_BV784-3" />
    <gen:arc xlink:type="arc" xlink:arcrole="http://xbrl.org/arcrole/2008/variable-set-precondition" xlink:from="loc_s2md_BV784-3" xlink:to="findPrec_5" />
    <link:loc xlink:type="locator" xlink:href="../val/vr-bv785-3.xml#s2md_BV785-3" xlink:label="loc_s2md_BV785-3" />
    <gen:arc xlink:type="arc" xlink:arcrole="http://xbrl.org/arcrole/2008/variable-set-precondition" xlink:from="loc_s2md_BV785-3" xlink:to="findPrec_5" />
    <gen:arc xlink:type="arc" xlink:arcrole="http://xbrl.org/arcrole/2008/variable-set-precondition" xlink:from="loc_s2md_BV785-3_W" xlink:to="findPrec_5" />
    <link:loc xlink:type="locator" xlink:href="../val/vr-bv790-3.xml#s2md_BV790-3" xlink:label="loc_s2md_BV790-3" />
    <gen:arc xlink:type="arc" xlink:arcrole="http://xbrl.org/arcrole/2008/variable-set-precondition" xlink:from="loc_s2md_BV790-3" xlink:to="findPrec_5" />
    <gen:arc xlink:type="arc" xlink:arcrole="http://xbrl.org/arcrole/2008/variable-set-precondition" xlink:from="loc_s2md_BV790-3_W" xlink:to="findPrec_5" />
    <link:loc xlink:type="locator" xlink:href="../val/vr-bv951-3.xml#s2md_BV951-3" xlink:label="loc_s2md_BV951-3" />
    <gen:arc xlink:type="arc" xlink:arcrole="http://xbrl.org/arcrole/2008/variable-set-precondition" xlink:from="loc_s2md_BV951-3" xlink:to="findPrec_5" />
    <gen:arc xlink:type="arc" xlink:arcrole="http://xbrl.org/arcrole/2008/variable-set-precondition" xlink:from="loc_s2md_BV951-3_W" xlink:to="findPrec_5" />
    <link:loc xlink:type="locator" xlink:href="../val/vr-bv952-3.xml#s2md_BV952-3" xlink:label="loc_s2md_BV952-3" />
    <gen:arc xlink:type="arc" xlink:arcrole="http://xbrl.org/arcrole/2008/variable-set-precondition" xlink:from="loc_s2md_BV952-3" xlink:to="findPrec_5" />
    <gen:arc xlink:type="arc" xlink:arcrole="http://xbrl.org/arcrole/2008/variable-set-precondition" xlink:from="loc_s2md_BV952-3_W" xlink:to="findPrec_5" />
    <link:loc xlink:type="locator" xlink:href="../val/vr-bv953-3.xml#s2md_BV953-3" xlink:label="loc_s2md_BV953-3" />
    <gen:arc xlink:type="arc" xlink:arcrole="http://xbrl.org/arcrole/2008/variable-set-precondition" xlink:from="loc_s2md_BV953-3" xlink:to="findPrec_5" />
    <gen:arc xlink:type="arc" xlink:arcrole="http://xbrl.org/arcrole/2008/variable-set-precondition" xlink:from="loc_s2md_BV953-3_W" xlink:to="findPrec_5" />
    <link:loc xlink:type="locator" xlink:href="../val/vr-bv954-3.xml#s2md_BV954-3" xlink:label="loc_s2md_BV954-3" />
    <gen:arc xlink:type="arc" xlink:arcrole="http://xbrl.org/arcrole/2008/variable-set-precondition" xlink:from="loc_s2md_BV954-3" xlink:to="findPrec_5" />
    <link:loc xlink:type="locator" xlink:href="../val/vr-bv989-3.xml#s2md_BV989-3" xlink:label="loc_s2md_BV989-3" />
    <gen:arc xlink:type="arc" xlink:arcrole="http://xbrl.org/arcrole/2008/variable-set-precondition" xlink:from="loc_s2md_BV989-3" xlink:to="findPrec_5" />
    <variable:precondition xlink:type="resource" xlink:label="findPrec_6" test="$find:tS.06.02" />
    <link:loc xlink:type="locator" xlink:href="../val/vr-bv987-3.xml#s2md_BV987-3" xlink:label="loc_s2md_BV987-3" />
    <gen:arc xlink:type="arc" xlink:arcrole="http://xbrl.org/arcrole/2008/variable-set-precondition" xlink:from="loc_s2md_BV987-3" xlink:to="findPrec_6" />
    <variable:precondition xlink:type="resource" xlink:label="findPrec_7" test="$find:tS.01.01" />
    <link:loc xlink:type="locator" xlink:href="../val/vr-tv23-13-1-1.xml#s2md_TV23-13-1-1" xlink:label="loc_s2md_TV23-13-1-1" />
    <gen:arc xlink:type="arc" xlink:arcrole="http://xbrl.org/arcrole/2008/variable-set-precondition" xlink:from="loc_s2md_TV23-13-1-1" xlink:to="findPrec_7" />
    <link:loc xlink:type="locator" xlink:href="../val/vr-tv23-13-2-1.xml#s2md_TV23-13-2-1" xlink:label="loc_s2md_TV23-13-2-1" />
    <gen:arc xlink:type="arc" xlink:arcrole="http://xbrl.org/arcrole/2008/variable-set-precondition" xlink:from="loc_s2md_TV23-13-2-1" xlink:to="findPrec_7" />
    <link:loc xlink:type="locator" xlink:href="../val/vr-tv23-13-3-1.xml#s2md_TV23-13-3-1" xlink:label="loc_s2md_TV23-13-3-1" />
    <gen:arc xlink:type="arc" xlink:arcrole="http://xbrl.org/arcrole/2008/variable-set-precondition" xlink:from="loc_s2md_TV23-13-3-1" xlink:to="findPrec_7" />
    <link:loc xlink:type="locator" xlink:href="../val/vr-tv23-13-4-1.xml#s2md_TV23-13-4-1" xlink:label="loc_s2md_TV23-13-4-1" />
    <gen:arc xlink:type="arc" xlink:arcrole="http://xbrl.org/arcrole/2008/variable-set-precondition" xlink:from="loc_s2md_TV23-13-4-1" xlink:to="findPrec_7" />
    <link:loc xlink:type="locator" xlink:href="../val/vr-tv23-13-5-1.xml#s2md_TV23-13-5-1" xlink:label="loc_s2md_TV23-13-5-1" />
    <gen:arc xlink:type="arc" xlink:arcrole="http://xbrl.org/arcrole/2008/variable-set-precondition" xlink:from="loc_s2md_TV23-13-5-1" xlink:to="findPrec_7" />
    <link:loc xlink:type="locator" xlink:href="../val/vr-tv23-13-6-1.xml#s2md_TV23-13-6-1" xlink:label="loc_s2md_TV23-13-6-1" />
    <gen:arc xlink:type="arc" xlink:arcrole="http://xbrl.org/arcrole/2008/variable-set-precondition" xlink:from="loc_s2md_TV23-13-6-1" xlink:to="findPrec_7" />
    <link:loc xlink:type="locator" xlink:href="../val/vr-tv23-13-7-1.xml#s2md_TV23-13-7-1" xlink:label="loc_s2md_TV23-13-7-1" />
    <gen:arc xlink:type="arc" xlink:arcrole="http://xbrl.org/arcrole/2008/variable-set-precondition" xlink:from="loc_s2md_TV23-13-7-1" xlink:to="findPrec_7" />
    <link:loc xlink:type="locator" xlink:href="../val/vr-tv23-13-8-1.xml#s2md_TV23-13-8-1" xlink:label="loc_s2md_TV23-13-8-1" />
    <gen:arc xlink:type="arc" xlink:arcrole="http://xbrl.org/arcrole/2008/variable-set-precondition" xlink:from="loc_s2md_TV23-13-8-1" xlink:to="findPrec_7" />
    <variable:precondition xlink:type="resource" xlink:label="findPrec_8" test="( $find:tS.02.01 and $find:tS.23.01 )" />
    <link:loc xlink:type="locator" xlink:href="../val/vr-bv139-7.xml#s2md_BV139-7" xlink:label="loc_s2md_BV139-7" />
    <gen:arc xlink:type="arc" xlink:arcrole="http://xbrl.org/arcrole/2008/variable-set-precondition" xlink:from="loc_s2md_BV139-7" xlink:to="findPrec_8" />
    <gen:arc xlink:type="arc" xlink:arcrole="http://xbrl.org/arcrole/2008/variable-set-precondition" xlink:from="loc_s2md_BV139-7_W" xlink:to="findPrec_8" />
    <link:loc xlink:type="locator" xlink:href="../val/vr-bv659-1.xml#s2md_BV659-1" xlink:label="loc_s2md_BV659-1" />
    <gen:arc xlink:type="arc" xlink:arcrole="http://xbrl.org/arcrole/2008/variable-set-precondition" xlink:from="loc_s2md_BV659-1" xlink:to="findPrec_8" />
    <gen:arc xlink:type="arc" xlink:arcrole="http://xbrl.org/arcrole/2008/variable-set-precondition" xlink:from="loc_s2md_BV659-1_W" xlink:to="findPrec_8" />
    <variable:precondition xlink:type="resource" xlink:label="findPrec_9" test="$find:tS.05.01" />
    <link:loc xlink:type="locator" xlink:href="../val/vr-bv214-3.xml#s2md_BV214-3" xlink:label="loc_s2md_BV214-3" />
    <gen:arc xlink:type="arc" xlink:arcrole="http://xbrl.org/arcrole/2008/variable-set-precondition" xlink:from="loc_s2md_BV214-3" xlink:to="findPrec_9" />
    <gen:arc xlink:type="arc" xlink:arcrole="http://xbrl.org/arcrole/2008/variable-set-precondition" xlink:from="loc_s2md_BV214-3_W" xlink:to="findPrec_9" />
    <link:loc xlink:type="locator" xlink:href="../val/vr-bv655-1.xml#s2md_BV655-1" xlink:label="loc_s2md_BV655-1" />
    <gen:arc xlink:type="arc" xlink:arcrole="http://xbrl.org/arcrole/2008/variable-set-precondition" xlink:from="loc_s2md_BV655-1" xlink:to="findPrec_9" />
    <link:loc xlink:type="locator" xlink:href="../val/vr-bv656-1.xml#s2md_BV656-1" xlink:label="loc_s2md_BV656-1" />
    <gen:arc xlink:type="arc" xlink:arcrole="http://xbrl.org/arcrole/2008/variable-set-precondition" xlink:from="loc_s2md_BV656-1" xlink:to="findPrec_9" />
    <gen:arc xlink:type="arc" xlink:arcrole="http://xbrl.org/arcrole/2008/variable-set-precondition" xlink:from="loc_s2md_BV656-1_W" xlink:to="findPrec_9" />
    <link:loc xlink:type="locator" xlink:href="../val/vr-bv773-1.xml#s2md_BV773-1" xlink:label="loc_s2md_BV773-1" />
    <gen:arc xlink:type="arc" xlink:arcrole="http://xbrl.org/arcrole/2008/variable-set-precondition" xlink:from="loc_s2md_BV773-1" xlink:to="findPrec_9" />
    <variable:precondition xlink:type="resource" xlink:label="findPrec_10" test="$find:tS.05.01" />
    <link:loc xlink:type="locator" xlink:href="../val/vr-bv225-3.xml#s2md_BV225-3" xlink:label="loc_s2md_BV225-3" />
    <gen:arc xlink:type="arc" xlink:arcrole="http://xbrl.org/arcrole/2008/variable-set-precondition" xlink:from="loc_s2md_BV225-3" xlink:to="findPrec_10" />
    <gen:arc xlink:type="arc" xlink:arcrole="http://xbrl.org/arcrole/2008/variable-set-precondition" xlink:from="loc_s2md_BV225-3_W" xlink:to="findPrec_10" />
    <link:loc xlink:type="locator" xlink:href="../val/vr-bv657-1.xml#s2md_BV657-1" xlink:label="loc_s2md_BV657-1" />
    <gen:arc xlink:type="arc" xlink:arcrole="http://xbrl.org/arcrole/2008/variable-set-precondition" xlink:from="loc_s2md_BV657-1" xlink:to="findPrec_10" />
    <link:loc xlink:type="locator" xlink:href="../val/vr-bv658-1.xml#s2md_BV658-1" xlink:label="loc_s2md_BV658-1" />
    <gen:arc xlink:type="arc" xlink:arcrole="http://xbrl.org/arcrole/2008/variable-set-precondition" xlink:from="loc_s2md_BV658-1" xlink:to="findPrec_10" />
    <gen:arc xlink:type="arc" xlink:arcrole="http://xbrl.org/arcrole/2008/variable-set-precondition" xlink:from="loc_s2md_BV658-1_W" xlink:to="findPrec_10" />
    <link:loc xlink:type="locator" xlink:href="../val/vr-bv775-1.xml#s2md_BV775-1" xlink:label="loc_s2md_BV775-1" />
    <gen:arc xlink:type="arc" xlink:arcrole="http://xbrl.org/arcrole/2008/variable-set-precondition" xlink:from="loc_s2md_BV775-1" xlink:to="findPrec_10" />
    <variable:precondition xlink:type="resource" xlink:label="findPrec_11" test="( $find:tS.01.01 and $find:tS.01.02 )" />
    <link:loc xlink:type="locator" xlink:href="../val/vr-bv354-4.xml#s2md_BV354-4" xlink:label="loc_s2md_BV354-4" />
    <gen:arc xlink:type="arc" xlink:arcrole="http://xbrl.org/arcrole/2008/variable-set-precondition" xlink:from="loc_s2md_BV354-4" xlink:to="findPrec_11" />
    <gen:arc xlink:type="arc" xlink:arcrole="http://xbrl.org/arcrole/2008/variable-set-precondition" xlink:from="loc_s2md_BV354-4_W" xlink:to="findPrec_11" />
    <link:loc xlink:type="locator" xlink:href="../val/vr-bv1006-1.xml#s2md_BV1006-1" xlink:label="loc_s2md_BV1006-1" />
    <gen:arc xlink:type="arc" xlink:arcrole="http://xbrl.org/arcrole/2008/variable-set-precondition" xlink:from="loc_s2md_BV1006-1" xlink:to="findPrec_11" />
    <gen:arc xlink:type="arc" xlink:arcrole="http://xbrl.org/arcrole/2008/variable-set-precondition" xlink:from="loc_s2md_BV1006-1_W" xlink:to="findPrec_11" />
    <variable:precondition xlink:type="resource" xlink:label="findPrec_12" test="$find:tS.23.01" />
    <link:loc xlink:type="locator" xlink:href="../val/vr-bv537-2.xml#s2md_BV537-2" xlink:label="loc_s2md_BV537-2" />
    <gen:arc xlink:type="arc" xlink:arcrole="http://xbrl.org/arcrole/2008/variable-set-precondition" xlink:from="loc_s2md_BV537-2" xlink:to="findPrec_12" />
    <gen:arc xlink:type="arc" xlink:arcrole="http://xbrl.org/arcrole/2008/variable-set-precondition" xlink:from="loc_s2md_BV537-2_W" xlink:to="findPrec_12" />
    <link:loc xlink:type="locator" xlink:href="../val/vr-bv661-1.xml#s2md_BV661-1" xlink:label="loc_s2md_BV661-1" />
    <gen:arc xlink:type="arc" xlink:arcrole="http://xbrl.org/arcrole/2008/variable-set-precondition" xlink:from="loc_s2md_BV661-1" xlink:to="findPrec_12" />
    <gen:arc xlink:type="arc" xlink:arcrole="http://xbrl.org/arcrole/2008/variable-set-precondition" xlink:from="loc_s2md_BV661-1_W" xlink:to="findPrec_12" />
    <variable:precondition xlink:type="resource" xlink:label="rp" test="$regularReporting" />
    <variable:precondition xlink:type="resource" xlink:label="nrp" test="$nonRegularReporting" />
    <link:loc xlink:type="locator" xlink:href="../val/vr-bv313_1-3_w.xml#s2md_BV313_1-3_W" xlink:label="loc_s2md_BV313_1-3_W" />
    <link:loc xlink:type="locator" xlink:href="../val/vr-bv314_1-3_w.xml#s2md_BV314_1-3_W" xlink:label="loc_s2md_BV314_1-3_W" />
    <link:loc xlink:type="locator" xlink:href="../val/vr-bv315_1-3_w.xml#s2md_BV315_1-3_W" xlink:label="loc_s2md_BV315_1-3_W" />
    <link:loc xlink:type="locator" xlink:href="../val/vr-bv316_1-3_w.xml#s2md_BV316_1-3_W" xlink:label="loc_s2md_BV316_1-3_W" />
    <link:loc xlink:type="locator" xlink:href="../val/vr-bv317_1-3_w.xml#s2md_BV317_1-3_W" xlink:label="loc_s2md_BV317_1-3_W" />
    <link:loc xlink:type="locator" xlink:href="../val/vr-bv318_1-3_w.xml#s2md_BV318_1-3_W" xlink:label="loc_s2md_BV318_1-3_W" />
    <link:loc xlink:type="locator" xlink:href="../val/vr-bv319_1-3_w.xml#s2md_BV319_1-3_W" xlink:label="loc_s2md_BV319_1-3_W" />
    <link:loc xlink:type="locator" xlink:href="../val/vr-bv320_1-3_w.xml#s2md_BV320_1-3_W" xlink:label="loc_s2md_BV320_1-3_W" />
    <link:loc xlink:type="locator" xlink:href="../val/vr-bv321_1-3_w.xml#s2md_BV321_1-3_W" xlink:label="loc_s2md_BV321_1-3_W" />
    <link:loc xlink:type="locator" xlink:href="../val/vr-bv322_1-3_w.xml#s2md_BV322_1-3_W" xlink:label="loc_s2md_BV322_1-3_W" />
    <link:loc xlink:type="locator" xlink:href="../val/vr-bv323_1-3_w.xml#s2md_BV323_1-3_W" xlink:label="loc_s2md_BV323_1-3_W" />
    <link:loc xlink:type="locator" xlink:href="../val/vr-bv324_1-3_w.xml#s2md_BV324_1-3_W" xlink:label="loc_s2md_BV324_1-3_W" />
    <link:loc xlink:type="locator" xlink:href="../val/vr-bv325_1-3_w.xml#s2md_BV325_1-3_W" xlink:label="loc_s2md_BV325_1-3_W" />
    <link:loc xlink:type="locator" xlink:href="../val/vr-bv326_1-3_w.xml#s2md_BV326_1-3_W" xlink:label="loc_s2md_BV326_1-3_W" />
    <link:loc xlink:type="locator" xlink:href="../val/vr-bv327_1-3_w.xml#s2md_BV327_1-3_W" xlink:label="loc_s2md_BV327_1-3_W" />
    <link:loc xlink:type="locator" xlink:href="../val/vr-bv328_1-3_w.xml#s2md_BV328_1-3_W" xlink:label="loc_s2md_BV328_1-3_W" />
    <link:loc xlink:type="locator" xlink:href="../val/vr-bv329_1-3_w.xml#s2md_BV329_1-3_W" xlink:label="loc_s2md_BV329_1-3_W" />
    <link:loc xlink:type="locator" xlink:href="../val/vr-bv330_1-3_w.xml#s2md_BV330_1-3_W" xlink:label="loc_s2md_BV330_1-3_W" />
    <link:loc xlink:type="locator" xlink:href="../val/vr-bv6-3_w.xml#s2md_BV6-3_W" xlink:label="loc_s2md_BV6-3_W" />
    <link:loc xlink:type="locator" xlink:href="../val/vr-bv237-3_w.xml#s2md_BV237-3_W" xlink:label="loc_s2md_BV237-3_W" />
    <link:loc xlink:type="locator" xlink:href="../val/vr-bv787-3_w.xml#s2md_BV787-3_W" xlink:label="loc_s2md_BV787-3_W" />
    <link:loc xlink:type="locator" xlink:href="../val/vr-bv788-3_w.xml#s2md_BV788-3_W" xlink:label="loc_s2md_BV788-3_W" />
    <link:loc xlink:type="locator" xlink:href="../val/vr-bv791-3_w.xml#s2md_BV791-3_W" xlink:label="loc_s2md_BV791-3_W" />
    <link:loc xlink:type="locator" xlink:href="../val/vr-bv955-3_w.xml#s2md_BV955-3_W" xlink:label="loc_s2md_BV955-3_W" />
    <link:loc xlink:type="locator" xlink:href="../val/vr-bv206-10-2_w.xml#s2md_BV206-10-2_W" xlink:label="loc_s2md_BV206-10-2_W" />
    <link:loc xlink:type="locator" xlink:href="../val/vr-bv206-11-2_w.xml#s2md_BV206-11-2_W" xlink:label="loc_s2md_BV206-11-2_W" />
    <link:loc xlink:type="locator" xlink:href="../val/vr-bv206-12-2_w.xml#s2md_BV206-12-2_W" xlink:label="loc_s2md_BV206-12-2_W" />
    <link:loc xlink:type="locator" xlink:href="../val/vr-bv206-1-3_w.xml#s2md_BV206-1-3_W" xlink:label="loc_s2md_BV206-1-3_W" />
    <link:loc xlink:type="locator" xlink:href="../val/vr-bv206-13-2_w.xml#s2md_BV206-13-2_W" xlink:label="loc_s2md_BV206-13-2_W" />
    <link:loc xlink:type="locator" xlink:href="../val/vr-bv206-14-2_w.xml#s2md_BV206-14-2_W" xlink:label="loc_s2md_BV206-14-2_W" />
    <link:loc xlink:type="locator" xlink:href="../val/vr-bv206-15-2_w.xml#s2md_BV206-15-2_W" xlink:label="loc_s2md_BV206-15-2_W" />
    <link:loc xlink:type="locator" xlink:href="../val/vr-bv206-16-2_w.xml#s2md_BV206-16-2_W" xlink:label="loc_s2md_BV206-16-2_W" />
    <link:loc xlink:type="locator" xlink:href="../val/vr-bv206-17-2_w.xml#s2md_BV206-17-2_W" xlink:label="loc_s2md_BV206-17-2_W" />
    <link:loc xlink:type="locator" xlink:href="../val/vr-bv206-18-2_w.xml#s2md_BV206-18-2_W" xlink:label="loc_s2md_BV206-18-2_W" />
    <link:loc xlink:type="locator" xlink:href="../val/vr-bv206-19-2_w.xml#s2md_BV206-19-2_W" xlink:label="loc_s2md_BV206-19-2_W" />
    <link:loc xlink:type="locator" xlink:href="../val/vr-bv206-20-1_w.xml#s2md_BV206-20-1_W" xlink:label="loc_s2md_BV206-20-1_W" />
    <link:loc xlink:type="locator" xlink:href="../val/vr-bv206-2-1_w.xml#s2md_BV206-2-1_W" xlink:label="loc_s2md_BV206-2-1_W" />
    <link:loc xlink:type="locator" xlink:href="../val/vr-bv206-21-1_w.xml#s2md_BV206-21-1_W" xlink:label="loc_s2md_BV206-21-1_W" />
    <link:loc xlink:type="locator" xlink:href="../val/vr-bv206-3-1_w.xml#s2md_BV206-3-1_W" xlink:label="loc_s2md_BV206-3-1_W" />
    <link:loc xlink:type="locator" xlink:href="../val/vr-bv206-4-1_w.xml#s2md_BV206-4-1_W" xlink:label="loc_s2md_BV206-4-1_W" />
    <link:loc xlink:type="locator" xlink:href="../val/vr-bv206-5-1_w.xml#s2md_BV206-5-1_W" xlink:label="loc_s2md_BV206-5-1_W" />
    <link:loc xlink:type="locator" xlink:href="../val/vr-bv206-6-1_w.xml#s2md_BV206-6-1_W" xlink:label="loc_s2md_BV206-6-1_W" />
    <link:loc xlink:type="locator" xlink:href="../val/vr-bv206-7-1_w.xml#s2md_BV206-7-1_W" xlink:label="loc_s2md_BV206-7-1_W" />
    <link:loc xlink:type="locator" xlink:href="../val/vr-bv206-9-1_w.xml#s2md_BV206-9-1_W" xlink:label="loc_s2md_BV206-9-1_W" />
    <link:loc xlink:type="locator" xlink:href="../val/vr-bv781-3_w.xml#s2md_BV781-3_W" xlink:label="loc_s2md_BV781-3_W" />
    <link:loc xlink:type="locator" xlink:href="../val/vr-bv785-3_w.xml#s2md_BV785-3_W" xlink:label="loc_s2md_BV785-3_W" />
    <link:loc xlink:type="locator" xlink:href="../val/vr-bv790-3_w.xml#s2md_BV790-3_W" xlink:label="loc_s2md_BV790-3_W" />
    <link:loc xlink:type="locator" xlink:href="../val/vr-bv951-3_w.xml#s2md_BV951-3_W" xlink:label="loc_s2md_BV951-3_W" />
    <link:loc xlink:type="locator" xlink:href="../val/vr-bv952-3_w.xml#s2md_BV952-3_W" xlink:label="loc_s2md_BV952-3_W" />
    <link:loc xlink:type="locator" xlink:href="../val/vr-bv953-3_w.xml#s2md_BV953-3_W" xlink:label="loc_s2md_BV953-3_W" />
    <link:loc xlink:type="locator" xlink:href="../val/vr-bv139-7_w.xml#s2md_BV139-7_W" xlink:label="loc_s2md_BV139-7_W" />
    <link:loc xlink:type="locator" xlink:href="../val/vr-bv659-1_w.xml#s2md_BV659-1_W" xlink:label="loc_s2md_BV659-1_W" />
    <link:loc xlink:type="locator" xlink:href="../val/vr-bv214-3_w.xml#s2md_BV214-3_W" xlink:label="loc_s2md_BV214-3_W" />
    <link:loc xlink:type="locator" xlink:href="../val/vr-bv656-1_w.xml#s2md_BV656-1_W" xlink:label="loc_s2md_BV656-1_W" />
    <link:loc xlink:type="locator" xlink:href="../val/vr-bv225-3_w.xml#s2md_BV225-3_W" xlink:label="loc_s2md_BV225-3_W" />
    <link:loc xlink:type="locator" xlink:href="../val/vr-bv658-1_w.xml#s2md_BV658-1_W" xlink:label="loc_s2md_BV658-1_W" />
    <link:loc xlink:type="locator" xlink:href="../val/vr-bv354-4_w.xml#s2md_BV354-4_W" xlink:label="loc_s2md_BV354-4_W" />
    <link:loc xlink:type="locator" xlink:href="../val/vr-bv1006-1_w.xml#s2md_BV1006-1_W" xlink:label="loc_s2md_BV1006-1_W" />
    <link:loc xlink:type="locator" xlink:href="../val/vr-bv537-2_w.xml#s2md_BV537-2_W" xlink:label="loc_s2md_BV537-2_W" />
    <link:loc xlink:type="locator" xlink:href="../val/vr-bv661-1_w.xml#s2md_BV661-1_W" xlink:label="loc_s2md_BV661-1_W" />
    <gen:arc xlink:type="arc" xlink:arcrole="http://xbrl.org/arcrole/2008/variable-set-precondition" xlink:from="loc_s2md_BV1006-1" xlink:to="rp" />
    <gen:arc xlink:type="arc" xlink:arcrole="http://xbrl.org/arcrole/2008/variable-set-precondition" xlink:from="loc_s2md_BV139-7" xlink:to="rp" />
    <gen:arc xlink:type="arc" xlink:arcrole="http://xbrl.org/arcrole/2008/variable-set-precondition" xlink:from="loc_s2md_BV206-1-3" xlink:to="rp" />
    <gen:arc xlink:type="arc" xlink:arcrole="http://xbrl.org/arcrole/2008/variable-set-precondition" xlink:from="loc_s2md_BV206-10-2" xlink:to="rp" />
    <gen:arc xlink:type="arc" xlink:arcrole="http://xbrl.org/arcrole/2008/variable-set-precondition" xlink:from="loc_s2md_BV206-11-2" xlink:to="rp" />
    <gen:arc xlink:type="arc" xlink:arcrole="http://xbrl.org/arcrole/2008/variable-set-precondition" xlink:from="loc_s2md_BV206-12-2" xlink:to="rp" />
    <gen:arc xlink:type="arc" xlink:arcrole="http://xbrl.org/arcrole/2008/variable-set-precondition" xlink:from="loc_s2md_BV206-13-2" xlink:to="rp" />
    <gen:arc xlink:type="arc" xlink:arcrole="http://xbrl.org/arcrole/2008/variable-set-precondition" xlink:from="loc_s2md_BV206-14-2" xlink:to="rp" />
    <gen:arc xlink:type="arc" xlink:arcrole="http://xbrl.org/arcrole/2008/variable-set-precondition" xlink:from="loc_s2md_BV206-15-2" xlink:to="rp" />
    <gen:arc xlink:type="arc" xlink:arcrole="http://xbrl.org/arcrole/2008/variable-set-precondition" xlink:from="loc_s2md_BV206-16-2" xlink:to="rp" />
    <gen:arc xlink:type="arc" xlink:arcrole="http://xbrl.org/arcrole/2008/variable-set-precondition" xlink:from="loc_s2md_BV206-17-2" xlink:to="rp" />
    <gen:arc xlink:type="arc" xlink:arcrole="http://xbrl.org/arcrole/2008/variable-set-precondition" xlink:from="loc_s2md_BV206-18-2" xlink:to="rp" />
    <gen:arc xlink:type="arc" xlink:arcrole="http://xbrl.org/arcrole/2008/variable-set-precondition" xlink:from="loc_s2md_BV206-19-2" xlink:to="rp" />
    <gen:arc xlink:type="arc" xlink:arcrole="http://xbrl.org/arcrole/2008/variable-set-precondition" xlink:from="loc_s2md_BV206-2-1" xlink:to="rp" />
    <gen:arc xlink:type="arc" xlink:arcrole="http://xbrl.org/arcrole/2008/variable-set-precondition" xlink:from="loc_s2md_BV206-20-1" xlink:to="rp" />
    <gen:arc xlink:type="arc" xlink:arcrole="http://xbrl.org/arcrole/2008/variable-set-precondition" xlink:from="loc_s2md_BV206-21-1" xlink:to="rp" />
    <gen:arc xlink:type="arc" xlink:arcrole="http://xbrl.org/arcrole/2008/variable-set-precondition" xlink:from="loc_s2md_BV206-3-1" xlink:to="rp" />
    <gen:arc xlink:type="arc" xlink:arcrole="http://xbrl.org/arcrole/2008/variable-set-precondition" xlink:from="loc_s2md_BV206-4-1" xlink:to="rp" />
    <gen:arc xlink:type="arc" xlink:arcrole="http://xbrl.org/arcrole/2008/variable-set-precondition" xlink:from="loc_s2md_BV206-5-1" xlink:to="rp" />
    <gen:arc xlink:type="arc" xlink:arcrole="http://xbrl.org/arcrole/2008/variable-set-precondition" xlink:from="loc_s2md_BV206-6-1" xlink:to="rp" />
    <gen:arc xlink:type="arc" xlink:arcrole="http://xbrl.org/arcrole/2008/variable-set-precondition" xlink:from="loc_s2md_BV206-7-1" xlink:to="rp" />
    <gen:arc xlink:type="arc" xlink:arcrole="http://xbrl.org/arcrole/2008/variable-set-precondition" xlink:from="loc_s2md_BV206-9-1" xlink:to="rp" />
    <gen:arc xlink:type="arc" xlink:arcrole="http://xbrl.org/arcrole/2008/variable-set-precondition" xlink:from="loc_s2md_BV214-3" xlink:to="rp" />
    <gen:arc xlink:type="arc" xlink:arcrole="http://xbrl.org/arcrole/2008/variable-set-precondition" xlink:from="loc_s2md_BV225-3" xlink:to="rp" />
    <gen:arc xlink:type="arc" xlink:arcrole="http://xbrl.org/arcrole/2008/variable-set-precondition" xlink:from="loc_s2md_BV237-3" xlink:to="rp" />
    <gen:arc xlink:type="arc" xlink:arcrole="http://xbrl.org/arcrole/2008/variable-set-precondition" xlink:from="loc_s2md_BV313_1-3" xlink:to="rp" />
    <gen:arc xlink:type="arc" xlink:arcrole="http://xbrl.org/arcrole/2008/variable-set-precondition" xlink:from="loc_s2md_BV314_1-3" xlink:to="rp" />
    <gen:arc xlink:type="arc" xlink:arcrole="http://xbrl.org/arcrole/2008/variable-set-precondition" xlink:from="loc_s2md_BV315_1-3" xlink:to="rp" />
    <gen:arc xlink:type="arc" xlink:arcrole="http://xbrl.org/arcrole/2008/variable-set-precondition" xlink:from="loc_s2md_BV316_1-3" xlink:to="rp" />
    <gen:arc xlink:type="arc" xlink:arcrole="http://xbrl.org/arcrole/2008/variable-set-precondition" xlink:from="loc_s2md_BV317_1-3" xlink:to="rp" />
    <gen:arc xlink:type="arc" xlink:arcrole="http://xbrl.org/arcrole/2008/variable-set-precondition" xlink:from="loc_s2md_BV318_1-3" xlink:to="rp" />
    <gen:arc xlink:type="arc" xlink:arcrole="http://xbrl.org/arcrole/2008/variable-set-precondition" xlink:from="loc_s2md_BV319_1-3" xlink:to="rp" />
    <gen:arc xlink:type="arc" xlink:arcrole="http://xbrl.org/arcrole/2008/variable-set-precondition" xlink:from="loc_s2md_BV320_1-3" xlink:to="rp" />
    <gen:arc xlink:type="arc" xlink:arcrole="http://xbrl.org/arcrole/2008/variable-set-precondition" xlink:from="loc_s2md_BV321_1-3" xlink:to="rp" />
    <gen:arc xlink:type="arc" xlink:arcrole="http://xbrl.org/arcrole/2008/variable-set-precondition" xlink:from="loc_s2md_BV322_1-3" xlink:to="rp" />
    <gen:arc xlink:type="arc" xlink:arcrole="http://xbrl.org/arcrole/2008/variable-set-precondition" xlink:from="loc_s2md_BV323_1-3" xlink:to="rp" />
    <gen:arc xlink:type="arc" xlink:arcrole="http://xbrl.org/arcrole/2008/variable-set-precondition" xlink:from="loc_s2md_BV324_1-3" xlink:to="rp" />
    <gen:arc xlink:type="arc" xlink:arcrole="http://xbrl.org/arcrole/2008/variable-set-precondition" xlink:from="loc_s2md_BV325_1-3" xlink:to="rp" />
    <gen:arc xlink:type="arc" xlink:arcrole="http://xbrl.org/arcrole/2008/variable-set-precondition" xlink:from="loc_s2md_BV326_1-3" xlink:to="rp" />
    <gen:arc xlink:type="arc" xlink:arcrole="http://xbrl.org/arcrole/2008/variable-set-precondition" xlink:from="loc_s2md_BV327_1-3" xlink:to="rp" />
    <gen:arc xlink:type="arc" xlink:arcrole="http://xbrl.org/arcrole/2008/variable-set-precondition" xlink:from="loc_s2md_BV328_1-3" xlink:to="rp" />
    <gen:arc xlink:type="arc" xlink:arcrole="http://xbrl.org/arcrole/2008/variable-set-precondition" xlink:from="loc_s2md_BV329_1-3" xlink:to="rp" />
    <gen:arc xlink:type="arc" xlink:arcrole="http://xbrl.org/arcrole/2008/variable-set-precondition" xlink:from="loc_s2md_BV330_1-3" xlink:to="rp" />
    <gen:arc xlink:type="arc" xlink:arcrole="http://xbrl.org/arcrole/2008/variable-set-precondition" xlink:from="loc_s2md_BV354-4" xlink:to="rp" />
    <gen:arc xlink:type="arc" xlink:arcrole="http://xbrl.org/arcrole/2008/variable-set-precondition" xlink:from="loc_s2md_BV537-2" xlink:to="rp" />
    <gen:arc xlink:type="arc" xlink:arcrole="http://xbrl.org/arcrole/2008/variable-set-precondition" xlink:from="loc_s2md_BV6-3" xlink:to="rp" />
    <gen:arc xlink:type="arc" xlink:arcrole="http://xbrl.org/arcrole/2008/variable-set-precondition" xlink:from="loc_s2md_BV656-1" xlink:to="rp" />
    <gen:arc xlink:type="arc" xlink:arcrole="http://xbrl.org/arcrole/2008/variable-set-precondition" xlink:from="loc_s2md_BV658-1" xlink:to="rp" />
    <gen:arc xlink:type="arc" xlink:arcrole="http://xbrl.org/arcrole/2008/variable-set-precondition" xlink:from="loc_s2md_BV659-1" xlink:to="rp" />
    <gen:arc xlink:type="arc" xlink:arcrole="http://xbrl.org/arcrole/2008/variable-set-precondition" xlink:from="loc_s2md_BV661-1" xlink:to="rp" />
    <gen:arc xlink:type="arc" xlink:arcrole="http://xbrl.org/arcrole/2008/variable-set-precondition" xlink:from="loc_s2md_BV781-3" xlink:to="rp" />
    <gen:arc xlink:type="arc" xlink:arcrole="http://xbrl.org/arcrole/2008/variable-set-precondition" xlink:from="loc_s2md_BV785-3" xlink:to="rp" />
    <gen:arc xlink:type="arc" xlink:arcrole="http://xbrl.org/arcrole/2008/variable-set-precondition" xlink:from="loc_s2md_BV787-3" xlink:to="rp" />
    <gen:arc xlink:type="arc" xlink:arcrole="http://xbrl.org/arcrole/2008/variable-set-precondition" xlink:from="loc_s2md_BV788-3" xlink:to="rp" />
    <gen:arc xlink:type="arc" xlink:arcrole="http://xbrl.org/arcrole/2008/variable-set-precondition" xlink:from="loc_s2md_BV790-3" xlink:to="rp" />
    <gen:arc xlink:type="arc" xlink:arcrole="http://xbrl.org/arcrole/2008/variable-set-precondition" xlink:from="loc_s2md_BV791-3" xlink:to="rp" />
    <gen:arc xlink:type="arc" xlink:arcrole="http://xbrl.org/arcrole/2008/variable-set-precondition" xlink:from="loc_s2md_BV951-3" xlink:to="rp" />
    <gen:arc xlink:type="arc" xlink:arcrole="http://xbrl.org/arcrole/2008/variable-set-precondition" xlink:from="loc_s2md_BV952-3" xlink:to="rp" />
    <gen:arc xlink:type="arc" xlink:arcrole="http://xbrl.org/arcrole/2008/variable-set-precondition" xlink:from="loc_s2md_BV953-3" xlink:to="rp" />
    <gen:arc xlink:type="arc" xlink:arcrole="http://xbrl.org/arcrole/2008/variable-set-precondition" xlink:from="loc_s2md_BV955-3" xlink:to="rp" />
    <gen:arc xlink:type="arc" xlink:arcrole="http://xbrl.org/arcrole/2008/variable-set-precondition" xlink:from="loc_s2md_BV1006-1_W" xlink:to="nrp" />
    <gen:arc xlink:type="arc" xlink:arcrole="http://xbrl.org/arcrole/2008/variable-set-precondition" xlink:from="loc_s2md_BV139-7_W" xlink:to="nrp" />
    <gen:arc xlink:type="arc" xlink:arcrole="http://xbrl.org/arcrole/2008/variable-set-precondition" xlink:from="loc_s2md_BV206-1-3_W" xlink:to="nrp" />
    <gen:arc xlink:type="arc" xlink:arcrole="http://xbrl.org/arcrole/2008/variable-set-precondition" xlink:from="loc_s2md_BV206-10-2_W" xlink:to="nrp" />
    <gen:arc xlink:type="arc" xlink:arcrole="http://xbrl.org/arcrole/2008/variable-set-precondition" xlink:from="loc_s2md_BV206-11-2_W" xlink:to="nrp" />
    <gen:arc xlink:type="arc" xlink:arcrole="http://xbrl.org/arcrole/2008/variable-set-precondition" xlink:from="loc_s2md_BV206-12-2_W" xlink:to="nrp" />
    <gen:arc xlink:type="arc" xlink:arcrole="http://xbrl.org/arcrole/2008/variable-set-precondition" xlink:from="loc_s2md_BV206-13-2_W" xlink:to="nrp" />
    <gen:arc xlink:type="arc" xlink:arcrole="http://xbrl.org/arcrole/2008/variable-set-precondition" xlink:from="loc_s2md_BV206-14-2_W" xlink:to="nrp" />
    <gen:arc xlink:type="arc" xlink:arcrole="http://xbrl.org/arcrole/2008/variable-set-precondition" xlink:from="loc_s2md_BV206-15-2_W" xlink:to="nrp" />
    <gen:arc xlink:type="arc" xlink:arcrole="http://xbrl.org/arcrole/2008/variable-set-precondition" xlink:from="loc_s2md_BV206-16-2_W" xlink:to="nrp" />
    <gen:arc xlink:type="arc" xlink:arcrole="http://xbrl.org/arcrole/2008/variable-set-precondition" xlink:from="loc_s2md_BV206-17-2_W" xlink:to="nrp" />
    <gen:arc xlink:type="arc" xlink:arcrole="http://xbrl.org/arcrole/2008/variable-set-precondition" xlink:from="loc_s2md_BV206-18-2_W" xlink:to="nrp" />
    <gen:arc xlink:type="arc" xlink:arcrole="http://xbrl.org/arcrole/2008/variable-set-precondition" xlink:from="loc_s2md_BV206-19-2_W" xlink:to="nrp" />
    <gen:arc xlink:type="arc" xlink:arcrole="http://xbrl.org/arcrole/2008/variable-set-precondition" xlink:from="loc_s2md_BV206-2-1_W" xlink:to="nrp" />
    <gen:arc xlink:type="arc" xlink:arcrole="http://xbrl.org/arcrole/2008/variable-set-precondition" xlink:from="loc_s2md_BV206-20-1_W" xlink:to="nrp" />
    <gen:arc xlink:type="arc" xlink:arcrole="http://xbrl.org/arcrole/2008/variable-set-precondition" xlink:from="loc_s2md_BV206-21-1_W" xlink:to="nrp" />
    <gen:arc xlink:type="arc" xlink:arcrole="http://xbrl.org/arcrole/2008/variable-set-precondition" xlink:from="loc_s2md_BV206-3-1_W" xlink:to="nrp" />
    <gen:arc xlink:type="arc" xlink:arcrole="http://xbrl.org/arcrole/2008/variable-set-precondition" xlink:from="loc_s2md_BV206-4-1_W" xlink:to="nrp" />
    <gen:arc xlink:type="arc" xlink:arcrole="http://xbrl.org/arcrole/2008/variable-set-precondition" xlink:from="loc_s2md_BV206-5-1_W" xlink:to="nrp" />
    <gen:arc xlink:type="arc" xlink:arcrole="http://xbrl.org/arcrole/2008/variable-set-precondition" xlink:from="loc_s2md_BV206-6-1_W" xlink:to="nrp" />
    <gen:arc xlink:type="arc" xlink:arcrole="http://xbrl.org/arcrole/2008/variable-set-precondition" xlink:from="loc_s2md_BV206-7-1_W" xlink:to="nrp" />
    <gen:arc xlink:type="arc" xlink:arcrole="http://xbrl.org/arcrole/2008/variable-set-precondition" xlink:from="loc_s2md_BV206-9-1_W" xlink:to="nrp" />
    <gen:arc xlink:type="arc" xlink:arcrole="http://xbrl.org/arcrole/2008/variable-set-precondition" xlink:from="loc_s2md_BV214-3_W" xlink:to="nrp" />
    <gen:arc xlink:type="arc" xlink:arcrole="http://xbrl.org/arcrole/2008/variable-set-precondition" xlink:from="loc_s2md_BV225-3_W" xlink:to="nrp" />
    <gen:arc xlink:type="arc" xlink:arcrole="http://xbrl.org/arcrole/2008/variable-set-precondition" xlink:from="loc_s2md_BV237-3_W" xlink:to="nrp" />
    <gen:arc xlink:type="arc" xlink:arcrole="http://xbrl.org/arcrole/2008/variable-set-precondition" xlink:from="loc_s2md_BV313_1-3_W" xlink:to="nrp" />
    <gen:arc xlink:type="arc" xlink:arcrole="http://xbrl.org/arcrole/2008/variable-set-precondition" xlink:from="loc_s2md_BV314_1-3_W" xlink:to="nrp" />
    <gen:arc xlink:type="arc" xlink:arcrole="http://xbrl.org/arcrole/2008/variable-set-precondition" xlink:from="loc_s2md_BV315_1-3_W" xlink:to="nrp" />
    <gen:arc xlink:type="arc" xlink:arcrole="http://xbrl.org/arcrole/2008/variable-set-precondition" xlink:from="loc_s2md_BV316_1-3_W" xlink:to="nrp" />
    <gen:arc xlink:type="arc" xlink:arcrole="http://xbrl.org/arcrole/2008/variable-set-precondition" xlink:from="loc_s2md_BV317_1-3_W" xlink:to="nrp" />
    <gen:arc xlink:type="arc" xlink:arcrole="http://xbrl.org/arcrole/2008/variable-set-precondition" xlink:from="loc_s2md_BV318_1-3_W" xlink:to="nrp" />
    <gen:arc xlink:type="arc" xlink:arcrole="http://xbrl.org/arcrole/2008/variable-set-precondition" xlink:from="loc_s2md_BV319_1-3_W" xlink:to="nrp" />
    <gen:arc xlink:type="arc" xlink:arcrole="http://xbrl.org/arcrole/2008/variable-set-precondition" xlink:from="loc_s2md_BV320_1-3_W" xlink:to="nrp" />
    <gen:arc xlink:type="arc" xlink:arcrole="http://xbrl.org/arcrole/2008/variable-set-precondition" xlink:from="loc_s2md_BV321_1-3_W" xlink:to="nrp" />
    <gen:arc xlink:type="arc" xlink:arcrole="http://xbrl.org/arcrole/2008/variable-set-precondition" xlink:from="loc_s2md_BV322_1-3_W" xlink:to="nrp" />
    <gen:arc xlink:type="arc" xlink:arcrole="http://xbrl.org/arcrole/2008/variable-set-precondition" xlink:from="loc_s2md_BV323_1-3_W" xlink:to="nrp" />
    <gen:arc xlink:type="arc" xlink:arcrole="http://xbrl.org/arcrole/2008/variable-set-precondition" xlink:from="loc_s2md_BV324_1-3_W" xlink:to="nrp" />
    <gen:arc xlink:type="arc" xlink:arcrole="http://xbrl.org/arcrole/2008/variable-set-precondition" xlink:from="loc_s2md_BV325_1-3_W" xlink:to="nrp" />
    <gen:arc xlink:type="arc" xlink:arcrole="http://xbrl.org/arcrole/2008/variable-set-precondition" xlink:from="loc_s2md_BV326_1-3_W" xlink:to="nrp" />
    <gen:arc xlink:type="arc" xlink:arcrole="http://xbrl.org/arcrole/2008/variable-set-precondition" xlink:from="loc_s2md_BV327_1-3_W" xlink:to="nrp" />
    <gen:arc xlink:type="arc" xlink:arcrole="http://xbrl.org/arcrole/2008/variable-set-precondition" xlink:from="loc_s2md_BV328_1-3_W" xlink:to="nrp" />
    <gen:arc xlink:type="arc" xlink:arcrole="http://xbrl.org/arcrole/2008/variable-set-precondition" xlink:from="loc_s2md_BV329_1-3_W" xlink:to="nrp" />
    <gen:arc xlink:type="arc" xlink:arcrole="http://xbrl.org/arcrole/2008/variable-set-precondition" xlink:from="loc_s2md_BV330_1-3_W" xlink:to="nrp" />
    <gen:arc xlink:type="arc" xlink:arcrole="http://xbrl.org/arcrole/2008/variable-set-precondition" xlink:from="loc_s2md_BV354-4_W" xlink:to="nrp" />
    <gen:arc xlink:type="arc" xlink:arcrole="http://xbrl.org/arcrole/2008/variable-set-precondition" xlink:from="loc_s2md_BV537-2_W" xlink:to="nrp" />
    <gen:arc xlink:type="arc" xlink:arcrole="http://xbrl.org/arcrole/2008/variable-set-precondition" xlink:from="loc_s2md_BV6-3_W" xlink:to="nrp" />
    <gen:arc xlink:type="arc" xlink:arcrole="http://xbrl.org/arcrole/2008/variable-set-precondition" xlink:from="loc_s2md_BV656-1_W" xlink:to="nrp" />
    <gen:arc xlink:type="arc" xlink:arcrole="http://xbrl.org/arcrole/2008/variable-set-precondition" xlink:from="loc_s2md_BV658-1_W" xlink:to="nrp" />
    <gen:arc xlink:type="arc" xlink:arcrole="http://xbrl.org/arcrole/2008/variable-set-precondition" xlink:from="loc_s2md_BV659-1_W" xlink:to="nrp" />
    <gen:arc xlink:type="arc" xlink:arcrole="http://xbrl.org/arcrole/2008/variable-set-precondition" xlink:from="loc_s2md_BV661-1_W" xlink:to="nrp" />
    <gen:arc xlink:type="arc" xlink:arcrole="http://xbrl.org/arcrole/2008/variable-set-precondition" xlink:from="loc_s2md_BV781-3_W" xlink:to="nrp" />
    <gen:arc xlink:type="arc" xlink:arcrole="http://xbrl.org/arcrole/2008/variable-set-precondition" xlink:from="loc_s2md_BV785-3_W" xlink:to="nrp" />
    <gen:arc xlink:type="arc" xlink:arcrole="http://xbrl.org/arcrole/2008/variable-set-precondition" xlink:from="loc_s2md_BV787-3_W" xlink:to="nrp" />
    <gen:arc xlink:type="arc" xlink:arcrole="http://xbrl.org/arcrole/2008/variable-set-precondition" xlink:from="loc_s2md_BV788-3_W" xlink:to="nrp" />
    <gen:arc xlink:type="arc" xlink:arcrole="http://xbrl.org/arcrole/2008/variable-set-precondition" xlink:from="loc_s2md_BV790-3_W" xlink:to="nrp" />
    <gen:arc xlink:type="arc" xlink:arcrole="http://xbrl.org/arcrole/2008/variable-set-precondition" xlink:from="loc_s2md_BV791-3_W" xlink:to="nrp" />
    <gen:arc xlink:type="arc" xlink:arcrole="http://xbrl.org/arcrole/2008/variable-set-precondition" xlink:from="loc_s2md_BV951-3_W" xlink:to="nrp" />
    <gen:arc xlink:type="arc" xlink:arcrole="http://xbrl.org/arcrole/2008/variable-set-precondition" xlink:from="loc_s2md_BV952-3_W" xlink:to="nrp" />
    <gen:arc xlink:type="arc" xlink:arcrole="http://xbrl.org/arcrole/2008/variable-set-precondition" xlink:from="loc_s2md_BV953-3_W" xlink:to="nrp" />
    <gen:arc xlink:type="arc" xlink:arcrole="http://xbrl.org/arcrole/2008/variable-set-precondition" xlink:from="loc_s2md_BV955-3_W" xlink:to="nrp" />
  </gen:link>
</link:linkbase>