<?xml version="1.0" encoding="UTF-8"?>
<!--(C) EIOPA - XBRL Taxonomy-->
<?officialURI http://eiopa.europa.eu/eu/xbrl/s2c/dict/dom/cn/mem-lab-en.xml?>
<?taxonomy-version 2.4.0?>
<?taxonomy-date 2019-07-15?>
<link:linkbase xmlns:xsi="http://www.w3.org/2001/XMLSchema-instance" xmlns:xlink="http://www.w3.org/1999/xlink" xmlns:link="http://www.xbrl.org/2003/linkbase" xsi:schemaLocation="http://www.xbrl.org/2003/linkbase http://www.xbrl.org/2003/xbrl-linkbase-2003-12-31.xsd">
  <link:labelLink xlink:type="extended" xlink:role="http://www.xbrl.org/2003/role/link">
    <link:loc xlink:type="locator" xlink:href="mem.xsd#s2c_x0" xlink:label="loc_s2c_x0" />
    <link:label xlink:type="resource" xlink:label="label_s2c_x0" xml:lang="en" xlink:role="http://www.xbrl.org/2003/role/label">Not reported</link:label>
    <link:labelArc xlink:type="arc" xlink:arcrole="http://www.xbrl.org/2003/arcrole/concept-label" xlink:from="loc_s2c_x0" xlink:to="label_s2c_x0" />
    <link:loc xlink:type="locator" xlink:href="mem.xsd#s2c_x1" xlink:label="loc_s2c_x1" />
    <link:label xlink:type="resource" xlink:label="label_s2c_x1" xml:lang="en" xlink:role="http://www.xbrl.org/2003/role/label">Reported</link:label>
    <link:labelArc xlink:type="arc" xlink:arcrole="http://www.xbrl.org/2003/arcrole/concept-label" xlink:from="loc_s2c_x1" xlink:to="label_s2c_x1" />
    <link:loc xlink:type="locator" xlink:href="mem.xsd#s2c_x2" xlink:label="loc_s2c_x2" />
    <link:label xlink:type="resource" xlink:label="label_s2c_x2" xml:lang="en" xlink:role="http://www.xbrl.org/2003/role/label">Not reported other reason</link:label>
    <link:labelArc xlink:type="arc" xlink:arcrole="http://www.xbrl.org/2003/arcrole/concept-label" xlink:from="loc_s2c_x2" xlink:to="label_s2c_x2" />
    <link:loc xlink:type="locator" xlink:href="mem.xsd#s2c_x3" xlink:label="loc_s2c_x3" />
    <link:label xlink:type="resource" xlink:label="label_s2c_x3" xml:lang="en" xlink:role="http://www.xbrl.org/2003/role/label">Not reported o/a no derivative transactions</link:label>
    <link:labelArc xlink:type="arc" xlink:arcrole="http://www.xbrl.org/2003/arcrole/concept-label" xlink:from="loc_s2c_x3" xlink:to="label_s2c_x3" />
    <link:loc xlink:type="locator" xlink:href="mem.xsd#s2c_x4" xlink:label="loc_s2c_x4" />
    <link:label xlink:type="resource" xlink:label="label_s2c_x4" xml:lang="en" xlink:role="http://www.xbrl.org/2003/role/label">Not reported o/a no life and health SLT business</link:label>
    <link:labelArc xlink:type="arc" xlink:arcrole="http://www.xbrl.org/2003/arcrole/concept-label" xlink:from="loc_s2c_x4" xlink:to="label_s2c_x4" />
    <link:loc xlink:type="locator" xlink:href="mem.xsd#s2c_x5" xlink:label="loc_s2c_x5" />
    <link:label xlink:type="resource" xlink:label="label_s2c_x5" xml:lang="en" xlink:role="http://www.xbrl.org/2003/role/label">Not reported o/a materiality threshold</link:label>
    <link:labelArc xlink:type="arc" xlink:arcrole="http://www.xbrl.org/2003/arcrole/concept-label" xlink:from="loc_s2c_x5" xlink:to="label_s2c_x5" />
    <link:loc xlink:type="locator" xlink:href="mem.xsd#s2c_x6" xlink:label="loc_s2c_x6" />
    <link:label xlink:type="resource" xlink:label="label_s2c_x6" xml:lang="en" xlink:role="http://www.xbrl.org/2003/role/label">Not reported o/a no non-life business</link:label>
    <link:labelArc xlink:type="arc" xlink:arcrole="http://www.xbrl.org/2003/arcrole/concept-label" xlink:from="loc_s2c_x6" xlink:to="label_s2c_x6" />
    <link:loc xlink:type="locator" xlink:href="mem.xsd#s2c_x7" xlink:label="loc_s2c_x7" />
    <link:label xlink:type="resource" xlink:label="label_s2c_x7" xml:lang="en" xlink:role="http://www.xbrl.org/2003/role/label">Not reported o/a composite undertaking</link:label>
    <link:labelArc xlink:type="arc" xlink:arcrole="http://www.xbrl.org/2003/arcrole/concept-label" xlink:from="loc_s2c_x7" xlink:to="label_s2c_x7" />
    <link:loc xlink:type="locator" xlink:href="mem.xsd#s2c_x8" xlink:label="loc_s2c_x8" />
    <link:label xlink:type="resource" xlink:label="label_s2c_x8" xml:lang="en" xlink:role="http://www.xbrl.org/2003/role/label">Not reported o/a non-composite undertaking</link:label>
    <link:labelArc xlink:type="arc" xlink:arcrole="http://www.xbrl.org/2003/arcrole/concept-label" xlink:from="loc_s2c_x8" xlink:to="label_s2c_x8" />
    <link:loc xlink:type="locator" xlink:href="mem.xsd#s2c_x9" xlink:label="loc_s2c_x9" />
    <link:label xlink:type="resource" xlink:label="label_s2c_x9" xml:lang="en" xlink:role="http://www.xbrl.org/2003/role/label">Not reported o/a below threshold (of non-home currency total being &lt;10% of assets and liabilities)</link:label>
    <link:labelArc xlink:type="arc" xlink:arcrole="http://www.xbrl.org/2003/arcrole/concept-label" xlink:from="loc_s2c_x9" xlink:to="label_s2c_x9" />
    <link:loc xlink:type="locator" xlink:href="mem.xsd#s2c_x10" xlink:label="loc_s2c_x10" />
    <link:label xlink:type="resource" xlink:label="label_s2c_x10" xml:lang="en" xlink:role="http://www.xbrl.org/2003/role/label">Not reported o/a full use of Standard Formula</link:label>
    <link:labelArc xlink:type="arc" xlink:arcrole="http://www.xbrl.org/2003/arcrole/concept-label" xlink:from="loc_s2c_x10" xlink:to="label_s2c_x10" />
    <link:loc xlink:type="locator" xlink:href="mem.xsd#s2c_x11" xlink:label="loc_s2c_x11" />
    <link:label xlink:type="resource" xlink:label="label_s2c_x11" xml:lang="en" xlink:role="http://www.xbrl.org/2003/role/label">Not reported o/a use full internal model</link:label>
    <link:labelArc xlink:type="arc" xlink:arcrole="http://www.xbrl.org/2003/arcrole/concept-label" xlink:from="loc_s2c_x11" xlink:to="label_s2c_x11" />
    <link:loc xlink:type="locator" xlink:href="mem.xsd#s2c_x12" xlink:label="loc_s2c_x12" />
    <link:label xlink:type="resource" xlink:label="label_s2c_x12" xml:lang="en" xlink:role="http://www.xbrl.org/2003/role/label">Not reported o/a use partial internal model</link:label>
    <link:labelArc xlink:type="arc" xlink:arcrole="http://www.xbrl.org/2003/arcrole/concept-label" xlink:from="loc_s2c_x12" xlink:to="label_s2c_x12" />
    <link:loc xlink:type="locator" xlink:href="mem.xsd#s2c_x13" xlink:label="loc_s2c_x13" />
    <link:label xlink:type="resource" xlink:label="label_s2c_x13" xml:lang="en" xlink:role="http://www.xbrl.org/2003/role/label">Not reported as risk not existent</link:label>
    <link:labelArc xlink:type="arc" xlink:arcrole="http://www.xbrl.org/2003/arcrole/concept-label" xlink:from="loc_s2c_x13" xlink:to="label_s2c_x13" />
    <link:loc xlink:type="locator" xlink:href="mem.xsd#s2c_x14" xlink:label="loc_s2c_x14" />
    <link:label xlink:type="resource" xlink:label="label_s2c_x14" xml:lang="en" xlink:role="http://www.xbrl.org/2003/role/label">Not reported o/a no non-(re)insurance business in the scope of the group</link:label>
    <link:labelArc xlink:type="arc" xlink:arcrole="http://www.xbrl.org/2003/arcrole/concept-label" xlink:from="loc_s2c_x14" xlink:to="label_s2c_x14" />
    <link:loc xlink:type="locator" xlink:href="mem.xsd#s2c_x15" xlink:label="loc_s2c_x15" />
    <link:label xlink:type="resource" xlink:label="label_s2c_x15" xml:lang="en" xlink:role="http://www.xbrl.org/2003/role/label">Not reported as no RFF or MAP</link:label>
    <link:labelArc xlink:type="arc" xlink:arcrole="http://www.xbrl.org/2003/arcrole/concept-label" xlink:from="loc_s2c_x15" xlink:to="label_s2c_x15" />
    <link:loc xlink:type="locator" xlink:href="mem.xsd#s2c_x16" xlink:label="loc_s2c_x16" />
    <link:label xlink:type="resource" xlink:label="label_s2c_x16" xml:lang="en" xlink:role="http://www.xbrl.org/2003/role/label">Not reported as refers to MAP fund</link:label>
    <link:labelArc xlink:type="arc" xlink:arcrole="http://www.xbrl.org/2003/arcrole/concept-label" xlink:from="loc_s2c_x16" xlink:to="label_s2c_x16" />
    <link:loc xlink:type="locator" xlink:href="mem.xsd#s2c_x17" xlink:label="loc_s2c_x17" />
    <link:label xlink:type="resource" xlink:label="label_s2c_x17" xml:lang="en" xlink:role="http://www.xbrl.org/2003/role/label">Not reported as method 2 is used exclusively</link:label>
    <link:labelArc xlink:type="arc" xlink:arcrole="http://www.xbrl.org/2003/arcrole/concept-label" xlink:from="loc_s2c_x17" xlink:to="label_s2c_x17" />
    <link:loc xlink:type="locator" xlink:href="mem.xsd#s2c_x19" xlink:label="loc_s2c_x19" />
    <link:label xlink:type="resource" xlink:label="label_s2c_x19" xml:lang="en" xlink:role="http://www.xbrl.org/2003/role/label">Not due in accordance with instructions of the template</link:label>
    <link:labelArc xlink:type="arc" xlink:arcrole="http://www.xbrl.org/2003/arcrole/concept-label" xlink:from="loc_s2c_x19" xlink:to="label_s2c_x19" />
    <link:loc xlink:type="locator" xlink:href="mem.xsd#s2c_x20" xlink:label="loc_s2c_x20" />
    <link:label xlink:type="resource" xlink:label="label_s2c_x20" xml:lang="en" xlink:role="http://www.xbrl.org/2003/role/label">Not reported as no off-balance sheet items</link:label>
    <link:labelArc xlink:type="arc" xlink:arcrole="http://www.xbrl.org/2003/arcrole/concept-label" xlink:from="loc_s2c_x20" xlink:to="label_s2c_x20" />
    <link:loc xlink:type="locator" xlink:href="mem.xsd#s2c_x21" xlink:label="loc_s2c_x21" />
    <link:label xlink:type="resource" xlink:label="label_s2c_x21" xml:lang="en" xlink:role="http://www.xbrl.org/2003/role/label">Not reported as no Collective investment undertakings</link:label>
    <link:labelArc xlink:type="arc" xlink:arcrole="http://www.xbrl.org/2003/arcrole/concept-label" xlink:from="loc_s2c_x21" xlink:to="label_s2c_x21" />
    <link:loc xlink:type="locator" xlink:href="mem.xsd#s2c_x22" xlink:label="loc_s2c_x22" />
    <link:label xlink:type="resource" xlink:label="label_s2c_x22" xml:lang="en" xlink:role="http://www.xbrl.org/2003/role/label">Exempted under Article 35 (6) to (8)</link:label>
    <link:labelArc xlink:type="arc" xlink:arcrole="http://www.xbrl.org/2003/arcrole/concept-label" xlink:from="loc_s2c_x22" xlink:to="label_s2c_x22" />
    <link:loc xlink:type="locator" xlink:href="mem.xsd#s2c_x23" xlink:label="loc_s2c_x23" />
    <link:label xlink:type="resource" xlink:label="label_s2c_x23" xml:lang="en" xlink:role="http://www.xbrl.org/2003/role/label">Not due annually as reported for Quarter 4</link:label>
    <link:labelArc xlink:type="arc" xlink:arcrole="http://www.xbrl.org/2003/arcrole/concept-label" xlink:from="loc_s2c_x23" xlink:to="label_s2c_x23" />
    <link:loc xlink:type="locator" xlink:href="mem.xsd#s2c_x25" xlink:label="loc_s2c_x25" />
    <link:label xlink:type="resource" xlink:label="label_s2c_x25" xml:lang="en" xlink:role="http://www.xbrl.org/2003/role/label">Not due as S.06.02 and S.08.01 reported quarterly</link:label>
    <link:labelArc xlink:type="arc" xlink:arcrole="http://www.xbrl.org/2003/arcrole/concept-label" xlink:from="loc_s2c_x25" xlink:to="label_s2c_x25" />
    <link:loc xlink:type="locator" xlink:href="mem.xsd#s2c_x26" xlink:label="loc_s2c_x26" />
    <link:label xlink:type="resource" xlink:label="label_s2c_x26" xml:lang="en" xlink:role="http://www.xbrl.org/2003/role/label">Not due as S.06.02 and S.08.01 reported annually</link:label>
    <link:labelArc xlink:type="arc" xlink:arcrole="http://www.xbrl.org/2003/arcrole/concept-label" xlink:from="loc_s2c_x26" xlink:to="label_s2c_x26" />
    <link:loc xlink:type="locator" xlink:href="mem.xsd#s2c_x27" xlink:label="loc_s2c_x27" />
    <link:label xlink:type="resource" xlink:label="label_s2c_x27" xml:lang="en" xlink:role="http://www.xbrl.org/2003/role/label">Not reported as no unlimited guarantees received</link:label>
    <link:labelArc xlink:type="arc" xlink:arcrole="http://www.xbrl.org/2003/arcrole/concept-label" xlink:from="loc_s2c_x27" xlink:to="label_s2c_x27" />
    <link:loc xlink:type="locator" xlink:href="mem.xsd#s2c_x28" xlink:label="loc_s2c_x28" />
    <link:label xlink:type="resource" xlink:label="label_s2c_x28" xml:lang="en" xlink:role="http://www.xbrl.org/2003/role/label">Not reported as no unlimited guarantees provided</link:label>
    <link:labelArc xlink:type="arc" xlink:arcrole="http://www.xbrl.org/2003/arcrole/concept-label" xlink:from="loc_s2c_x28" xlink:to="label_s2c_x28" />
    <link:loc xlink:type="locator" xlink:href="mem.xsd#s2c_x29" xlink:label="loc_s2c_x29" />
    <link:label xlink:type="resource" xlink:label="label_s2c_x29" xml:lang="en" xlink:role="http://www.xbrl.org/2003/role/label">Not reported as no activity outside the home country</link:label>
    <link:labelArc xlink:type="arc" xlink:arcrole="http://www.xbrl.org/2003/arcrole/concept-label" xlink:from="loc_s2c_x29" xlink:to="label_s2c_x29" />
    <link:loc xlink:type="locator" xlink:href="mem.xsd#s2c_x30" xlink:label="loc_s2c_x30" />
    <link:label xlink:type="resource" xlink:label="label_s2c_x30" xml:lang="en" xlink:role="http://www.xbrl.org/2003/role/label">Not reported as no activity outside the home country in relation to specific class</link:label>
    <link:labelArc xlink:type="arc" xlink:arcrole="http://www.xbrl.org/2003/arcrole/concept-label" xlink:from="loc_s2c_x30" xlink:to="label_s2c_x30" />
    <link:loc xlink:type="locator" xlink:href="mem.xsd#s2c_x31" xlink:label="loc_s2c_x31" />
    <link:label xlink:type="resource" xlink:label="label_s2c_x31" xml:lang="en" xlink:role="http://www.xbrl.org/2003/role/label">Not reported as no structured products</link:label>
    <link:labelArc xlink:type="arc" xlink:arcrole="http://www.xbrl.org/2003/arcrole/concept-label" xlink:from="loc_s2c_x31" xlink:to="label_s2c_x31" />
    <link:loc xlink:type="locator" xlink:href="mem.xsd#s2c_x32" xlink:label="loc_s2c_x32" />
    <link:label xlink:type="resource" xlink:label="label_s2c_x32" xml:lang="en" xlink:role="http://www.xbrl.org/2003/role/label">Not reported as no Securities lending and repos</link:label>
    <link:labelArc xlink:type="arc" xlink:arcrole="http://www.xbrl.org/2003/arcrole/concept-label" xlink:from="loc_s2c_x32" xlink:to="label_s2c_x32" />
    <link:loc xlink:type="locator" xlink:href="mem.xsd#s2c_x33" xlink:label="loc_s2c_x33" />
    <link:label xlink:type="resource" xlink:label="label_s2c_x33" xml:lang="en" xlink:role="http://www.xbrl.org/2003/role/label">Not reported as no Assets held as collateral</link:label>
    <link:labelArc xlink:type="arc" xlink:arcrole="http://www.xbrl.org/2003/arcrole/concept-label" xlink:from="loc_s2c_x33" xlink:to="label_s2c_x33" />
    <link:loc xlink:type="locator" xlink:href="mem.xsd#s2c_x34" xlink:label="loc_s2c_x34" />
    <link:label xlink:type="resource" xlink:label="label_s2c_x34" xml:lang="en" xlink:role="http://www.xbrl.org/2003/role/label">Not reported as no variable annuities</link:label>
    <link:labelArc xlink:type="arc" xlink:arcrole="http://www.xbrl.org/2003/arcrole/concept-label" xlink:from="loc_s2c_x34" xlink:to="label_s2c_x34" />
    <link:loc xlink:type="locator" xlink:href="mem.xsd#s2c_x35" xlink:label="loc_s2c_x35" />
    <link:label xlink:type="resource" xlink:label="label_s2c_x35" xml:lang="en" xlink:role="http://www.xbrl.org/2003/role/label">Not reported as no annuities stemming from Non-Life Insurance obligations</link:label>
    <link:labelArc xlink:type="arc" xlink:arcrole="http://www.xbrl.org/2003/arcrole/concept-label" xlink:from="loc_s2c_x35" xlink:to="label_s2c_x35" />
    <link:loc xlink:type="locator" xlink:href="mem.xsd#s2c_x36" xlink:label="loc_s2c_x36" />
    <link:label xlink:type="resource" xlink:label="label_s2c_x36" xml:lang="en" xlink:role="http://www.xbrl.org/2003/role/label">Not reported as no LTG measures or transitional are applied</link:label>
    <link:labelArc xlink:type="arc" xlink:arcrole="http://www.xbrl.org/2003/arcrole/concept-label" xlink:from="loc_s2c_x36" xlink:to="label_s2c_x36" />
    <link:loc xlink:type="locator" xlink:href="mem.xsd#s2c_x37" xlink:label="loc_s2c_x37" />
    <link:label xlink:type="resource" xlink:label="label_s2c_x37" xml:lang="en" xlink:role="http://www.xbrl.org/2003/role/label">Not reported as no MA is applied</link:label>
    <link:labelArc xlink:type="arc" xlink:arcrole="http://www.xbrl.org/2003/arcrole/concept-label" xlink:from="loc_s2c_x37" xlink:to="label_s2c_x37" />
    <link:loc xlink:type="locator" xlink:href="mem.xsd#s2c_x38" xlink:label="loc_s2c_x38" />
    <link:label xlink:type="resource" xlink:label="label_s2c_x38" xml:lang="en" xlink:role="http://www.xbrl.org/2003/role/label">Not reported as refers to RFF or remaining part</link:label>
    <link:labelArc xlink:type="arc" xlink:arcrole="http://www.xbrl.org/2003/arcrole/concept-label" xlink:from="loc_s2c_x38" xlink:to="label_s2c_x38" />
    <link:loc xlink:type="locator" xlink:href="mem.xsd#s2c_x39" xlink:label="loc_s2c_x39" />
    <link:label xlink:type="resource" xlink:label="label_s2c_x39" xml:lang="en" xlink:role="http://www.xbrl.org/2003/role/label">Not reported as no such transitional measure is applied</link:label>
    <link:labelArc xlink:type="arc" xlink:arcrole="http://www.xbrl.org/2003/arcrole/concept-label" xlink:from="loc_s2c_x39" xlink:to="label_s2c_x39" />
    <link:loc xlink:type="locator" xlink:href="mem.xsd#s2c_x40" xlink:label="loc_s2c_x40" />
    <link:label xlink:type="resource" xlink:label="label_s2c_x40" xml:lang="en" xlink:role="http://www.xbrl.org/2003/role/label">Not reported as no participations held</link:label>
    <link:labelArc xlink:type="arc" xlink:arcrole="http://www.xbrl.org/2003/arcrole/concept-label" xlink:from="loc_s2c_x40" xlink:to="label_s2c_x40" />
    <link:loc xlink:type="locator" xlink:href="mem.xsd#s2c_x41" xlink:label="loc_s2c_x41" />
    <link:label xlink:type="resource" xlink:label="label_s2c_x41" xml:lang="en" xlink:role="http://www.xbrl.org/2003/role/label">Not reported as reported at RFF/MAP level</link:label>
    <link:labelArc xlink:type="arc" xlink:arcrole="http://www.xbrl.org/2003/arcrole/concept-label" xlink:from="loc_s2c_x41" xlink:to="label_s2c_x41" />
    <link:loc xlink:type="locator" xlink:href="mem.xsd#s2c_x42" xlink:label="loc_s2c_x42" />
    <link:label xlink:type="resource" xlink:label="label_s2c_x42" xml:lang="en" xlink:role="http://www.xbrl.org/2003/role/label">Not reported as no simplified calculations used</link:label>
    <link:labelArc xlink:type="arc" xlink:arcrole="http://www.xbrl.org/2003/arcrole/concept-label" xlink:from="loc_s2c_x42" xlink:to="label_s2c_x42" />
    <link:loc xlink:type="locator" xlink:href="mem.xsd#s2c_x43" xlink:label="loc_s2c_x43" />
    <link:label xlink:type="resource" xlink:label="label_s2c_x43" xml:lang="en" xlink:role="http://www.xbrl.org/2003/role/label">Not reported as no facultative covers</link:label>
    <link:labelArc xlink:type="arc" xlink:arcrole="http://www.xbrl.org/2003/arcrole/concept-label" xlink:from="loc_s2c_x43" xlink:to="label_s2c_x43" />
    <link:loc xlink:type="locator" xlink:href="mem.xsd#s2c_x44" xlink:label="loc_s2c_x44" />
    <link:label xlink:type="resource" xlink:label="label_s2c_x44" xml:lang="en" xlink:role="http://www.xbrl.org/2003/role/label">Not reported as no reinsurance</link:label>
    <link:labelArc xlink:type="arc" xlink:arcrole="http://www.xbrl.org/2003/arcrole/concept-label" xlink:from="loc_s2c_x44" xlink:to="label_s2c_x44" />
    <link:loc xlink:type="locator" xlink:href="mem.xsd#s2c_x45" xlink:label="loc_s2c_x45" />
    <link:label xlink:type="resource" xlink:label="label_s2c_x45" xml:lang="en" xlink:role="http://www.xbrl.org/2003/role/label">Not reported as no Special Purpose Insurance Vehicles</link:label>
    <link:labelArc xlink:type="arc" xlink:arcrole="http://www.xbrl.org/2003/arcrole/concept-label" xlink:from="loc_s2c_x45" xlink:to="label_s2c_x45" />
    <link:loc xlink:type="locator" xlink:href="mem.xsd#s2c_x46" xlink:label="loc_s2c_x46" />
    <link:label xlink:type="resource" xlink:label="label_s2c_x46" xml:lang="en" xlink:role="http://www.xbrl.org/2003/role/label">Not reported as no IGT on Equity-type transactions, debt and asset transfer</link:label>
    <link:labelArc xlink:type="arc" xlink:arcrole="http://www.xbrl.org/2003/arcrole/concept-label" xlink:from="loc_s2c_x46" xlink:to="label_s2c_x46" />
    <link:loc xlink:type="locator" xlink:href="mem.xsd#s2c_x47" xlink:label="loc_s2c_x47" />
    <link:label xlink:type="resource" xlink:label="label_s2c_x47" xml:lang="en" xlink:role="http://www.xbrl.org/2003/role/label">Not reported as no parent undertaking is a mixed-activity insurance holding company where they are not part of a group as defined under article 213 (2) (a), (b) and (c) of Solvency II</link:label>
    <link:labelArc xlink:type="arc" xlink:arcrole="http://www.xbrl.org/2003/arcrole/concept-label" xlink:from="loc_s2c_x47" xlink:to="label_s2c_x47" />
    <link:loc xlink:type="locator" xlink:href="mem.xsd#s2c_x48" xlink:label="loc_s2c_x48" />
    <link:label xlink:type="resource" xlink:label="label_s2c_x48" xml:lang="en" xlink:role="http://www.xbrl.org/2003/role/label">Not reported as no IGT on Derivatives</link:label>
    <link:labelArc xlink:type="arc" xlink:arcrole="http://www.xbrl.org/2003/arcrole/concept-label" xlink:from="loc_s2c_x48" xlink:to="label_s2c_x48" />
    <link:loc xlink:type="locator" xlink:href="mem.xsd#s2c_x49" xlink:label="loc_s2c_x49" />
    <link:label xlink:type="resource" xlink:label="label_s2c_x49" xml:lang="en" xlink:role="http://www.xbrl.org/2003/role/label">Not reported as no IGT on Internal reinsurance</link:label>
    <link:labelArc xlink:type="arc" xlink:arcrole="http://www.xbrl.org/2003/arcrole/concept-label" xlink:from="loc_s2c_x49" xlink:to="label_s2c_x49" />
    <link:loc xlink:type="locator" xlink:href="mem.xsd#s2c_x50" xlink:label="loc_s2c_x50" />
    <link:label xlink:type="resource" xlink:label="label_s2c_x50" xml:lang="en" xlink:role="http://www.xbrl.org/2003/role/label">Not reported as no IGT on Cost Sharing, contingent liabilities, off BS and other items</link:label>
    <link:labelArc xlink:type="arc" xlink:arcrole="http://www.xbrl.org/2003/arcrole/concept-label" xlink:from="loc_s2c_x50" xlink:to="label_s2c_x50" />
    <link:loc xlink:type="locator" xlink:href="mem.xsd#s2c_x51" xlink:label="loc_s2c_x51" />
    <link:label xlink:type="resource" xlink:label="label_s2c_x51" xml:lang="en" xlink:role="http://www.xbrl.org/2003/role/label">Not due in accordance with threshold decided by group supervisor</link:label>
    <link:labelArc xlink:type="arc" xlink:arcrole="http://www.xbrl.org/2003/arcrole/concept-label" xlink:from="loc_s2c_x51" xlink:to="label_s2c_x51" />
    <link:loc xlink:type="locator" xlink:href="mem.xsd#s2c_x52" xlink:label="loc_s2c_x52" />
    <link:label xlink:type="resource" xlink:label="label_s2c_x52" xml:lang="en" xlink:role="http://www.xbrl.org/2003/role/label">Full recalculation</link:label>
    <link:labelArc xlink:type="arc" xlink:arcrole="http://www.xbrl.org/2003/arcrole/concept-label" xlink:from="loc_s2c_x52" xlink:to="label_s2c_x52" />
    <link:loc xlink:type="locator" xlink:href="mem.xsd#s2c_x53" xlink:label="loc_s2c_x53" />
    <link:label xlink:type="resource" xlink:label="label_s2c_x53" xml:lang="en" xlink:role="http://www.xbrl.org/2003/role/label">Simplification at risk sub-module level</link:label>
    <link:labelArc xlink:type="arc" xlink:arcrole="http://www.xbrl.org/2003/arcrole/concept-label" xlink:from="loc_s2c_x53" xlink:to="label_s2c_x53" />
    <link:loc xlink:type="locator" xlink:href="mem.xsd#s2c_x54" xlink:label="loc_s2c_x54" />
    <link:label xlink:type="resource" xlink:label="label_s2c_x54" xml:lang="en" xlink:role="http://www.xbrl.org/2003/role/label">Simplification at risk module level</link:label>
    <link:labelArc xlink:type="arc" xlink:arcrole="http://www.xbrl.org/2003/arcrole/concept-label" xlink:from="loc_s2c_x54" xlink:to="label_s2c_x54" />
    <link:loc xlink:type="locator" xlink:href="mem.xsd#s2c_x55" xlink:label="loc_s2c_x55" />
    <link:label xlink:type="resource" xlink:label="label_s2c_x55" xml:lang="en" xlink:role="http://www.xbrl.org/2003/role/label">No adjustment</link:label>
    <link:labelArc xlink:type="arc" xlink:arcrole="http://www.xbrl.org/2003/arcrole/concept-label" xlink:from="loc_s2c_x55" xlink:to="label_s2c_x55" />
    <link:loc xlink:type="locator" xlink:href="mem.xsd#s2c_x56" xlink:label="loc_s2c_x56" />
    <link:label xlink:type="resource" xlink:label="label_s2c_x56" xml:lang="en" xlink:role="http://www.xbrl.org/2003/role/label">Life company without pension entitlements</link:label>
    <link:labelArc xlink:type="arc" xlink:arcrole="http://www.xbrl.org/2003/arcrole/concept-label" xlink:from="loc_s2c_x56" xlink:to="label_s2c_x56" />
    <link:loc xlink:type="locator" xlink:href="mem.xsd#s2c_x57" xlink:label="loc_s2c_x57" />
    <link:label xlink:type="resource" xlink:label="label_s2c_x57" xml:lang="en" xlink:role="http://www.xbrl.org/2003/role/label">Not reported in Q1 and Q3</link:label>
    <link:labelArc xlink:type="arc" xlink:arcrole="http://www.xbrl.org/2003/arcrole/concept-label" xlink:from="loc_s2c_x57" xlink:to="label_s2c_x57" />
    <link:loc xlink:type="locator" xlink:href="mem.xsd#s2c_x58" xlink:label="loc_s2c_x58" />
    <link:label xlink:type="resource" xlink:label="label_s2c_x58" xml:lang="en" xlink:role="http://www.xbrl.org/2003/role/label">Not reported as volatility adjustment not applied</link:label>
    <link:labelArc xlink:type="arc" xlink:arcrole="http://www.xbrl.org/2003/arcrole/concept-label" xlink:from="loc_s2c_x58" xlink:to="label_s2c_x58" />
    <link:loc xlink:type="locator" xlink:href="mem.xsd#s2c_x59" xlink:label="loc_s2c_x59" />
    <link:label xlink:type="resource" xlink:label="label_s2c_x59" xml:lang="en" xlink:role="http://www.xbrl.org/2003/role/label">Reported as standard formula is used</link:label>
    <link:labelArc xlink:type="arc" xlink:arcrole="http://www.xbrl.org/2003/arcrole/concept-label" xlink:from="loc_s2c_x59" xlink:to="label_s2c_x59" />
    <link:loc xlink:type="locator" xlink:href="mem.xsd#s2c_x60" xlink:label="loc_s2c_x60" />
    <link:label xlink:type="resource" xlink:label="label_s2c_x60" xml:lang="en" xlink:role="http://www.xbrl.org/2003/role/label">Reported due to article 112 request</link:label>
    <link:labelArc xlink:type="arc" xlink:arcrole="http://www.xbrl.org/2003/arcrole/concept-label" xlink:from="loc_s2c_x60" xlink:to="label_s2c_x60" />
    <link:loc xlink:type="locator" xlink:href="mem.xsd#s2c_x61" xlink:label="loc_s2c_x61" />
    <link:label xlink:type="resource" xlink:label="label_s2c_x61" xml:lang="en" xlink:role="http://www.xbrl.org/2003/role/label">Not reported as both life and non-life insurance or reinsurance activity</link:label>
    <link:labelArc xlink:type="arc" xlink:arcrole="http://www.xbrl.org/2003/arcrole/concept-label" xlink:from="loc_s2c_x61" xlink:to="label_s2c_x61" />
    <link:loc xlink:type="locator" xlink:href="mem.xsd#s2c_x62" xlink:label="loc_s2c_x62" />
    <link:label xlink:type="resource" xlink:label="label_s2c_x62" xml:lang="en" xlink:role="http://www.xbrl.org/2003/role/label">Not reported as only life or only non-life insurance or reinsurance activity or only reinsurance activity</link:label>
    <link:labelArc xlink:type="arc" xlink:arcrole="http://www.xbrl.org/2003/arcrole/concept-label" xlink:from="loc_s2c_x62" xlink:to="label_s2c_x62" />
    <link:loc xlink:type="locator" xlink:href="mem.xsd#s2c_x63" xlink:label="loc_s2c_x63" />
    <link:label xlink:type="resource" xlink:label="label_s2c_x63" xml:lang="en" xlink:role="http://www.xbrl.org/2003/role/label">Exempted under Article 254(2)</link:label>
    <link:labelArc xlink:type="arc" xlink:arcrole="http://www.xbrl.org/2003/arcrole/concept-label" xlink:from="loc_s2c_x63" xlink:to="label_s2c_x63" />
    <link:loc xlink:type="locator" xlink:href="mem.xsd#s2c_x64" xlink:label="loc_s2c_x64" />
    <link:label xlink:type="resource" xlink:label="label_s2c_x64" xml:lang="en" xlink:role="http://www.xbrl.org/2003/role/label">Not reported as no RFF/MAP or no life and health SLT business</link:label>
    <link:labelArc xlink:type="arc" xlink:arcrole="http://www.xbrl.org/2003/arcrole/concept-label" xlink:from="loc_s2c_x64" xlink:to="label_s2c_x64" />
    <link:loc xlink:type="locator" xlink:href="mem.xsd#s2c_x65" xlink:label="loc_s2c_x65" />
    <link:label xlink:type="resource" xlink:label="label_s2c_x65" xml:lang="en" xlink:role="http://www.xbrl.org/2003/role/label">Not reported as no RFF/MAP or no non-life business</link:label>
    <link:labelArc xlink:type="arc" xlink:arcrole="http://www.xbrl.org/2003/arcrole/concept-label" xlink:from="loc_s2c_x65" xlink:to="label_s2c_x65" />
    <link:loc xlink:type="locator" xlink:href="mem.xsd#s2c_x66" xlink:label="loc_s2c_x66" />
    <link:label xlink:type="resource" xlink:label="label_s2c_x66" xml:lang="en" xlink:role="http://www.xbrl.org/2003/role/label">Not reported as no pension entitlements</link:label>
    <link:labelArc xlink:type="arc" xlink:arcrole="http://www.xbrl.org/2003/arcrole/concept-label" xlink:from="loc_s2c_x66" xlink:to="label_s2c_x66" />
    <link:loc xlink:type="locator" xlink:href="mem.xsd#s2c_x67" xlink:label="loc_s2c_x67" />
    <link:label xlink:type="resource" xlink:label="label_s2c_x67" xml:lang="en" xlink:role="http://www.xbrl.org/2003/role/label">Exempted under Guideline 48</link:label>
    <link:labelArc xlink:type="arc" xlink:arcrole="http://www.xbrl.org/2003/arcrole/concept-label" xlink:from="loc_s2c_x67" xlink:to="label_s2c_x67" />
    <link:loc xlink:type="locator" xlink:href="mem.xsd#s2c_x68" xlink:label="loc_s2c_x68" />
    <link:label xlink:type="resource" xlink:label="label_s2c_x68" xml:lang="en" xlink:role="http://www.xbrl.org/2003/role/label">Not due in accordance with article 9 of this Regulation</link:label>
    <link:labelArc xlink:type="arc" xlink:arcrole="http://www.xbrl.org/2003/arcrole/concept-label" xlink:from="loc_s2c_x68" xlink:to="label_s2c_x68" />
    <link:loc xlink:type="locator" xlink:href="mem.xsd#s2c_x69" xlink:label="loc_s2c_x69" />
    <link:label xlink:type="resource" xlink:label="label_s2c_x69" xml:lang="en" xlink:role="http://www.xbrl.org/2003/role/label">Exempted under Article 35 (6) to (8) or Guideline 48</link:label>
    <link:labelArc xlink:type="arc" xlink:arcrole="http://www.xbrl.org/2003/arcrole/concept-label" xlink:from="loc_s2c_x69" xlink:to="label_s2c_x69" />
    <link:loc xlink:type="locator" xlink:href="mem.xsd#s2c_x70" xlink:label="loc_s2c_x70" />
    <link:label xlink:type="resource" xlink:label="label_s2c_x70" xml:lang="en" xlink:role="http://www.xbrl.org/2003/role/label">Not reported as no direct insurance business</link:label>
    <link:labelArc xlink:type="arc" xlink:arcrole="http://www.xbrl.org/2003/arcrole/concept-label" xlink:from="loc_s2c_x70" xlink:to="label_s2c_x70" />
    <link:loc xlink:type="locator" xlink:href="mem.xsd#s2c_x71" xlink:label="loc_s2c_x71" />
    <link:label xlink:type="resource" xlink:label="label_s2c_x71" xml:lang="en" xlink:role="http://www.xbrl.org/2003/role/label">Reported twice due to use of PIM</link:label>
    <link:labelArc xlink:type="arc" xlink:arcrole="http://www.xbrl.org/2003/arcrole/concept-label" xlink:from="loc_s2c_x71" xlink:to="label_s2c_x71" />
    <link:loc xlink:type="locator" xlink:href="mem.xsd#s2c_x72" xlink:label="loc_s2c_x72" />
    <link:label xlink:type="resource" xlink:label="label_s2c_x72" xml:lang="en" xlink:role="http://www.xbrl.org/2003/role/label">Exempted for assets (based on article 35(6) and (7))</link:label>
    <link:labelArc xlink:type="arc" xlink:arcrole="http://www.xbrl.org/2003/arcrole/concept-label" xlink:from="loc_s2c_x72" xlink:to="label_s2c_x72" />
    <link:loc xlink:type="locator" xlink:href="mem.xsd#s2c_x73" xlink:label="loc_s2c_x73" />
    <link:label xlink:type="resource" xlink:label="label_s2c_x73" xml:lang="en" xlink:role="http://www.xbrl.org/2003/role/label">Exempted for assets (based on outsourcing)</link:label>
    <link:labelArc xlink:type="arc" xlink:arcrole="http://www.xbrl.org/2003/arcrole/concept-label" xlink:from="loc_s2c_x73" xlink:to="label_s2c_x73" />
    <link:loc xlink:type="locator" xlink:href="mem.xsd#s2c_x74" xlink:label="loc_s2c_x74" />
    <link:label xlink:type="resource" xlink:label="label_s2c_x74" xml:lang="en" xlink:role="http://www.xbrl.org/2003/role/label">Exempted for derivatives (based on article 35(6) and (7))</link:label>
    <link:labelArc xlink:type="arc" xlink:arcrole="http://www.xbrl.org/2003/arcrole/concept-label" xlink:from="loc_s2c_x74" xlink:to="label_s2c_x74" />
    <link:loc xlink:type="locator" xlink:href="mem.xsd#s2c_x75" xlink:label="loc_s2c_x75" />
    <link:label xlink:type="resource" xlink:label="label_s2c_x75" xml:lang="en" xlink:role="http://www.xbrl.org/2003/role/label">Exempted for derivatives (based on outsourcing)</link:label>
    <link:labelArc xlink:type="arc" xlink:arcrole="http://www.xbrl.org/2003/arcrole/concept-label" xlink:from="loc_s2c_x75" xlink:to="label_s2c_x75" />
    <link:loc xlink:type="locator" xlink:href="mem.xsd#s2c_x76" xlink:label="loc_s2c_x76" />
    <link:label xlink:type="resource" xlink:label="label_s2c_x76" xml:lang="en" xlink:role="http://www.xbrl.org/2003/role/label">Exempted for assets and derivatives (based on article 35(6) and (7))</link:label>
    <link:labelArc xlink:type="arc" xlink:arcrole="http://www.xbrl.org/2003/arcrole/concept-label" xlink:from="loc_s2c_x76" xlink:to="label_s2c_x76" />
    <link:loc xlink:type="locator" xlink:href="mem.xsd#s2c_x77" xlink:label="loc_s2c_x77" />
    <link:label xlink:type="resource" xlink:label="label_s2c_x77" xml:lang="en" xlink:role="http://www.xbrl.org/2003/role/label">Exempted for assets and derivatives (based on outsourcing)</link:label>
    <link:labelArc xlink:type="arc" xlink:arcrole="http://www.xbrl.org/2003/arcrole/concept-label" xlink:from="loc_s2c_x77" xlink:to="label_s2c_x77" />
    <link:loc xlink:type="locator" xlink:href="mem.xsd#s2c_x78" xlink:label="loc_s2c_x78" />
    <link:label xlink:type="resource" xlink:label="label_s2c_x78" xml:lang="en" xlink:role="http://www.xbrl.org/2003/role/label">Not exempted</link:label>
    <link:labelArc xlink:type="arc" xlink:arcrole="http://www.xbrl.org/2003/arcrole/concept-label" xlink:from="loc_s2c_x78" xlink:to="label_s2c_x78" />
    <link:loc xlink:type="locator" xlink:href="mem.xsd#s2c_x5000" xlink:label="loc_s2c_x5000" />
    <link:label xlink:type="resource" xlink:label="label_s2c_x5000" xml:lang="en" xlink:role="http://www.xbrl.org/2003/role/label">Not reported, as not mandatory for non-IORP</link:label>
    <link:labelArc xlink:type="arc" xlink:arcrole="http://www.xbrl.org/2003/arcrole/concept-label" xlink:from="loc_s2c_x5000" xlink:to="label_s2c_x5000" />
    <link:loc xlink:type="locator" xlink:href="mem.xsd#s2c_x5001" xlink:label="loc_s2c_x5001" />
    <link:label xlink:type="resource" xlink:label="label_s2c_x5001" xml:lang="en" xlink:role="http://www.xbrl.org/2003/role/label">Not reported, as no cross-border business</link:label>
    <link:labelArc xlink:type="arc" xlink:arcrole="http://www.xbrl.org/2003/arcrole/concept-label" xlink:from="loc_s2c_x5001" xlink:to="label_s2c_x5001" />
    <link:loc xlink:type="locator" xlink:href="mem.xsd#s2c_x5002" xlink:label="loc_s2c_x5002" />
    <link:label xlink:type="resource" xlink:label="label_s2c_x5002" xml:lang="en" xlink:role="http://www.xbrl.org/2003/role/label">Not reported, exempted by EIOPA Article 1.7 till 31/12/2019</link:label>
    <link:labelArc xlink:type="arc" xlink:arcrole="http://www.xbrl.org/2003/arcrole/concept-label" xlink:from="loc_s2c_x5002" xlink:to="label_s2c_x5002" />
    <link:loc xlink:type="locator" xlink:href="mem.xsd#s2c_x5003" xlink:label="loc_s2c_x5003" />
    <link:label xlink:type="resource" xlink:label="label_s2c_x5003" xml:lang="en" xlink:role="http://www.xbrl.org/2003/role/label">Not reported, exempted by EIOPA Article 1.14</link:label>
    <link:labelArc xlink:type="arc" xlink:arcrole="http://www.xbrl.org/2003/arcrole/concept-label" xlink:from="loc_s2c_x5003" xlink:to="label_s2c_x5003" />
    <link:loc xlink:type="locator" xlink:href="mem.xsd#s2c_x5004" xlink:label="loc_s2c_x5004" />
    <link:label xlink:type="resource" xlink:label="label_s2c_x5004" xml:lang="en" xlink:role="http://www.xbrl.org/2003/role/label">Not reported, exempted by EIOPA Article 1.15</link:label>
    <link:labelArc xlink:type="arc" xlink:arcrole="http://www.xbrl.org/2003/arcrole/concept-label" xlink:from="loc_s2c_x5004" xlink:to="label_s2c_x5004" />
    <link:loc xlink:type="locator" xlink:href="mem.xsd#s2c_x6000" xlink:label="loc_s2c_x6000" />
    <link:label xlink:type="resource" xlink:label="label_s2c_x6000" xml:lang="en" xlink:role="http://www.xbrl.org/2003/role/label">Not reported, exempted by ECB article 71C</link:label>
    <link:labelArc xlink:type="arc" xlink:arcrole="http://www.xbrl.org/2003/arcrole/concept-label" xlink:from="loc_s2c_x6000" xlink:to="label_s2c_x6000" />
    <link:loc xlink:type="locator" xlink:href="mem.xsd#s2c_x6001" xlink:label="loc_s2c_x6001" />
    <link:label xlink:type="resource" xlink:label="label_s2c_x6001" xml:lang="en" xlink:role="http://www.xbrl.org/2003/role/label">Not reported, exempted by ECB article 71D</link:label>
    <link:labelArc xlink:type="arc" xlink:arcrole="http://www.xbrl.org/2003/arcrole/concept-label" xlink:from="loc_s2c_x6001" xlink:to="label_s2c_x6001" />
    <link:loc xlink:type="locator" xlink:href="mem.xsd#s2c_x6002" xlink:label="loc_s2c_x6002" />
    <link:label xlink:type="resource" xlink:label="label_s2c_x6002" xml:lang="en" xlink:role="http://www.xbrl.org/2003/role/label">Not reported, exempted by ECB Article 71D and EIOPA Article 1.14</link:label>
    <link:labelArc xlink:type="arc" xlink:arcrole="http://www.xbrl.org/2003/arcrole/concept-label" xlink:from="loc_s2c_x6002" xlink:to="label_s2c_x6002" />
    <link:loc xlink:type="locator" xlink:href="mem.xsd#s2c_x6003" xlink:label="loc_s2c_x6003" />
    <link:label xlink:type="resource" xlink:label="label_s2c_x6003" xml:lang="en" xlink:role="http://www.xbrl.org/2003/role/label">Not reported, exempted by ECB Article 71D and EIOPA Article 1.7 until 31/12/2019</link:label>
    <link:labelArc xlink:type="arc" xlink:arcrole="http://www.xbrl.org/2003/arcrole/concept-label" xlink:from="loc_s2c_x6003" xlink:to="label_s2c_x6003" />
    <link:loc xlink:type="locator" xlink:href="mem.xsd#s2c_x6004" xlink:label="loc_s2c_x6004" />
    <link:label xlink:type="resource" xlink:label="label_s2c_x6004" xml:lang="en" xlink:role="http://www.xbrl.org/2003/role/label">No exemptions</link:label>
    <link:labelArc xlink:type="arc" xlink:arcrole="http://www.xbrl.org/2003/arcrole/concept-label" xlink:from="loc_s2c_x6004" xlink:to="label_s2c_x6004" />
    <link:loc xlink:type="locator" xlink:href="mem.xsd#s2c_x6005" xlink:label="loc_s2c_x6005" />
    <link:label xlink:type="resource" xlink:label="label_s2c_x6005" xml:lang="en" xlink:role="http://www.xbrl.org/2003/role/label">Exemption based on Article 1.14</link:label>
    <link:labelArc xlink:type="arc" xlink:arcrole="http://www.xbrl.org/2003/arcrole/concept-label" xlink:from="loc_s2c_x6005" xlink:to="label_s2c_x6005" />
    <link:loc xlink:type="locator" xlink:href="mem.xsd#s2c_x6006" xlink:label="loc_s2c_x6006" />
    <link:label xlink:type="resource" xlink:label="label_s2c_x6006" xml:lang="en" xlink:role="http://www.xbrl.org/2003/role/label">Exemption based on Article 1.15</link:label>
    <link:labelArc xlink:type="arc" xlink:arcrole="http://www.xbrl.org/2003/arcrole/concept-label" xlink:from="loc_s2c_x6006" xlink:to="label_s2c_x6006" />
    <link:loc xlink:type="locator" xlink:href="mem.xsd#s2c_x6007" xlink:label="loc_s2c_x6007" />
    <link:label xlink:type="resource" xlink:label="label_s2c_x6007" xml:lang="en" xlink:role="http://www.xbrl.org/2003/role/label">Exemption based on Article 1.7</link:label>
    <link:labelArc xlink:type="arc" xlink:arcrole="http://www.xbrl.org/2003/arcrole/concept-label" xlink:from="loc_s2c_x6007" xlink:to="label_s2c_x6007" />
    <link:loc xlink:type="locator" xlink:href="mem.xsd#s2c_x6008" xlink:label="loc_s2c_x6008" />
    <link:label xlink:type="resource" xlink:label="label_s2c_x6008" xml:lang="en" xlink:role="http://www.xbrl.org/2003/role/label">Exemption based on Article 7(1)(C)</link:label>
    <link:labelArc xlink:type="arc" xlink:arcrole="http://www.xbrl.org/2003/arcrole/concept-label" xlink:from="loc_s2c_x6008" xlink:to="label_s2c_x6008" />
    <link:loc xlink:type="locator" xlink:href="mem.xsd#s2c_x6009" xlink:label="loc_s2c_x6009" />
    <link:label xlink:type="resource" xlink:label="label_s2c_x6009" xml:lang="en" xlink:role="http://www.xbrl.org/2003/role/label">Exemption based on Article 7(1)(D)</link:label>
    <link:labelArc xlink:type="arc" xlink:arcrole="http://www.xbrl.org/2003/arcrole/concept-label" xlink:from="loc_s2c_x6009" xlink:to="label_s2c_x6009" />
  </link:labelLink>
</link:linkbase>