<?xml version="1.0" encoding="UTF-8"?>
<!--(C) EIOPA - XBRL Taxonomy-->
<?officialURI http://eiopa.europa.eu/eu/xbrl/s2c/dict/dom/vm/hier-lab-en.xml?>
<?taxonomy-version 2.4.0?>
<?taxonomy-date 2019-07-15?>
<link:linkbase xmlns:xsi="http://www.w3.org/2001/XMLSchema-instance" xmlns:xlink="http://www.w3.org/1999/xlink" xmlns:link="http://www.xbrl.org/2003/linkbase" xmlns:gen="http://xbrl.org/2008/generic" xmlns:label="http://xbrl.org/2008/label" xsi:schemaLocation="http://www.xbrl.org/2003/linkbase http://www.xbrl.org/2003/xbrl-linkbase-2003-12-31.xsd http://xbrl.org/2008/generic http://www.xbrl.org/2008/generic-link.xsd http://xbrl.org/2008/label http://www.xbrl.org/2008/generic-label.xsd">
  <link:arcroleRef arcroleURI="http://xbrl.org/arcrole/2008/element-label" xlink:type="simple" xlink:href="http://www.xbrl.org/2008/generic-label.xsd#element-label" />
  <link:roleRef roleURI="http://www.xbrl.org/2008/role/label" xlink:type="simple" xlink:href="http://www.xbrl.org/2008/generic-label.xsd#standard-label" />
  <link:roleRef roleURI="http://www.xbrl.org/2008/role/verboseLabel" xlink:type="simple" xlink:href="http://www.xbrl.org/2008/generic-label.xsd#verbose-label" />
  <gen:link xlink:type="extended" xlink:role="http://www.xbrl.org/2003/role/link">
    <link:loc xlink:type="locator" xlink:href="hier.xsd#s2c_1" xlink:label="loc_s2c_VM_1." />
    <label:label xlink:type="resource" xlink:label="label_s2c_VM_1." xml:lang="en" xlink:role="http://www.xbrl.org/2008/role/label">Valuation method</label:label>
    <gen:arc xlink:type="arc" xlink:arcrole="http://xbrl.org/arcrole/2008/element-label" xlink:from="loc_s2c_VM_1." xlink:to="label_s2c_VM_1." />
    <label:label xlink:type="resource" xlink:label="label_s2c_VM_1._1" xml:lang="en" xlink:role="http://www.xbrl.org/2008/role/verboseLabel">VM</label:label>
    <gen:arc xlink:type="arc" xlink:arcrole="http://xbrl.org/arcrole/2008/element-label" xlink:from="loc_s2c_VM_1." xlink:to="label_s2c_VM_1._1" />
    <link:loc xlink:type="locator" xlink:href="hier.xsd#s2c_2" xlink:label="loc_s2c_VM_2." />
    <label:label xlink:type="resource" xlink:label="label_s2c_VM_2." xml:lang="en" xlink:role="http://www.xbrl.org/2008/role/label">Valuation of provisions [general]</label:label>
    <gen:arc xlink:type="arc" xlink:arcrole="http://xbrl.org/arcrole/2008/element-label" xlink:from="loc_s2c_VM_2." xlink:to="label_s2c_VM_2." />
    <label:label xlink:type="resource" xlink:label="label_s2c_VM_2._1" xml:lang="en" xlink:role="http://www.xbrl.org/2008/role/verboseLabel">VL</label:label>
    <gen:arc xlink:type="arc" xlink:arcrole="http://xbrl.org/arcrole/2008/element-label" xlink:from="loc_s2c_VM_2." xlink:to="label_s2c_VM_2._1" />
    <link:loc xlink:type="locator" xlink:href="hier.xsd#s2c_3" xlink:label="loc_s2c_VM_3." />
    <label:label xlink:type="resource" xlink:label="label_s2c_VM_3." xml:lang="en" xlink:role="http://www.xbrl.org/2008/role/label">Valuation of provisions [general]</label:label>
    <gen:arc xlink:type="arc" xlink:arcrole="http://xbrl.org/arcrole/2008/element-label" xlink:from="loc_s2c_VM_3." xlink:to="label_s2c_VM_3." />
    <label:label xlink:type="resource" xlink:label="label_s2c_VM_3._1" xml:lang="en" xlink:role="http://www.xbrl.org/2008/role/verboseLabel">VL</label:label>
    <gen:arc xlink:type="arc" xlink:arcrole="http://xbrl.org/arcrole/2008/element-label" xlink:from="loc_s2c_VM_3." xlink:to="label_s2c_VM_3._1" />
    <link:loc xlink:type="locator" xlink:href="hier.xsd#s2c_4" xlink:label="loc_s2c_VM_4." />
    <label:label xlink:type="resource" xlink:label="label_s2c_VM_4." xml:lang="en" xlink:role="http://www.xbrl.org/2008/role/label">Valuation method</label:label>
    <gen:arc xlink:type="arc" xlink:arcrole="http://xbrl.org/arcrole/2008/element-label" xlink:from="loc_s2c_VM_4." xlink:to="label_s2c_VM_4." />
    <label:label xlink:type="resource" xlink:label="label_s2c_VM_4._1" xml:lang="en" xlink:role="http://www.xbrl.org/2008/role/verboseLabel">VM</label:label>
    <gen:arc xlink:type="arc" xlink:arcrole="http://xbrl.org/arcrole/2008/element-label" xlink:from="loc_s2c_VM_4." xlink:to="label_s2c_VM_4._1" />
    <link:loc xlink:type="locator" xlink:href="hier.xsd#s2c_5" xlink:label="loc_s2c_VM_5." />
    <label:label xlink:type="resource" xlink:label="label_s2c_VM_5." xml:lang="en" xlink:role="http://www.xbrl.org/2008/role/label">Changes in own funds</label:label>
    <gen:arc xlink:type="arc" xlink:arcrole="http://xbrl.org/arcrole/2008/element-label" xlink:from="loc_s2c_VM_5." xlink:to="label_s2c_VM_5." />
    <label:label xlink:type="resource" xlink:label="label_s2c_VM_5._1" xml:lang="en" xlink:role="http://www.xbrl.org/2008/role/verboseLabel">AG</label:label>
    <gen:arc xlink:type="arc" xlink:arcrole="http://xbrl.org/arcrole/2008/element-label" xlink:from="loc_s2c_VM_5." xlink:to="label_s2c_VM_5._1" />
    <link:loc xlink:type="locator" xlink:href="hier.xsd#s2c_6" xlink:label="loc_s2c_VM_6." />
    <label:label xlink:type="resource" xlink:label="label_s2c_VM_6." xml:lang="en" xlink:role="http://www.xbrl.org/2008/role/label">Changes in own funds</label:label>
    <gen:arc xlink:type="arc" xlink:arcrole="http://xbrl.org/arcrole/2008/element-label" xlink:from="loc_s2c_VM_6." xlink:to="label_s2c_VM_6." />
    <label:label xlink:type="resource" xlink:label="label_s2c_VM_6._1" xml:lang="en" xlink:role="http://www.xbrl.org/2008/role/verboseLabel">AG</label:label>
    <gen:arc xlink:type="arc" xlink:arcrole="http://xbrl.org/arcrole/2008/element-label" xlink:from="loc_s2c_VM_6." xlink:to="label_s2c_VM_6._1" />
    <link:loc xlink:type="locator" xlink:href="hier.xsd#s2c_7" xlink:label="loc_s2c_VM_7." />
    <label:label xlink:type="resource" xlink:label="label_s2c_VM_7." xml:lang="en" xlink:role="http://www.xbrl.org/2008/role/label">Changes in own funds</label:label>
    <gen:arc xlink:type="arc" xlink:arcrole="http://xbrl.org/arcrole/2008/element-label" xlink:from="loc_s2c_VM_7." xlink:to="label_s2c_VM_7." />
    <label:label xlink:type="resource" xlink:label="label_s2c_VM_7._1" xml:lang="en" xlink:role="http://www.xbrl.org/2008/role/verboseLabel">AG</label:label>
    <gen:arc xlink:type="arc" xlink:arcrole="http://xbrl.org/arcrole/2008/element-label" xlink:from="loc_s2c_VM_7." xlink:to="label_s2c_VM_7._1" />
    <link:loc xlink:type="locator" xlink:href="hier.xsd#s2c_8" xlink:label="loc_s2c_VM_8." />
    <label:label xlink:type="resource" xlink:label="label_s2c_VM_8." xml:lang="en" xlink:role="http://www.xbrl.org/2008/role/label">Changes in technical provisions</label:label>
    <gen:arc xlink:type="arc" xlink:arcrole="http://xbrl.org/arcrole/2008/element-label" xlink:from="loc_s2c_VM_8." xlink:to="label_s2c_VM_8." />
    <label:label xlink:type="resource" xlink:label="label_s2c_VM_8._1" xml:lang="en" xlink:role="http://www.xbrl.org/2008/role/verboseLabel">HH</label:label>
    <gen:arc xlink:type="arc" xlink:arcrole="http://xbrl.org/arcrole/2008/element-label" xlink:from="loc_s2c_VM_8." xlink:to="label_s2c_VM_8._1" />
    <link:loc xlink:type="locator" xlink:href="hier.xsd#s2c_9" xlink:label="loc_s2c_VM_9." />
    <label:label xlink:type="resource" xlink:label="label_s2c_VM_9." xml:lang="en" xlink:role="http://www.xbrl.org/2008/role/label">Status of share payment, initial fund or mutual members account</label:label>
    <gen:arc xlink:type="arc" xlink:arcrole="http://xbrl.org/arcrole/2008/element-label" xlink:from="loc_s2c_VM_9." xlink:to="label_s2c_VM_9." />
    <label:label xlink:type="resource" xlink:label="label_s2c_VM_9._1" xml:lang="en" xlink:role="http://www.xbrl.org/2008/role/verboseLabel">SY</label:label>
    <gen:arc xlink:type="arc" xlink:arcrole="http://xbrl.org/arcrole/2008/element-label" xlink:from="loc_s2c_VM_9." xlink:to="label_s2c_VM_9._1" />
    <link:loc xlink:type="locator" xlink:href="hier.xsd#s2c_10" xlink:label="loc_s2c_VM_10." />
    <label:label xlink:type="resource" xlink:label="label_s2c_VM_10." xml:lang="en" xlink:role="http://www.xbrl.org/2008/role/label">Dated or undated</label:label>
    <gen:arc xlink:type="arc" xlink:arcrole="http://xbrl.org/arcrole/2008/element-label" xlink:from="loc_s2c_VM_10." xlink:to="label_s2c_VM_10." />
    <label:label xlink:type="resource" xlink:label="label_s2c_VM_10._1" xml:lang="en" xlink:role="http://www.xbrl.org/2008/role/verboseLabel">DU</label:label>
    <gen:arc xlink:type="arc" xlink:arcrole="http://xbrl.org/arcrole/2008/element-label" xlink:from="loc_s2c_VM_10." xlink:to="label_s2c_VM_10._1" />
    <link:loc xlink:type="locator" xlink:href="hier.xsd#s2c_11" xlink:label="loc_s2c_VM_11." />
    <label:label xlink:type="resource" xlink:label="label_s2c_VM_11." xml:lang="en" xlink:role="http://www.xbrl.org/2008/role/label">Changes in excess of assets over liabilities</label:label>
    <gen:arc xlink:type="arc" xlink:arcrole="http://xbrl.org/arcrole/2008/element-label" xlink:from="loc_s2c_VM_11." xlink:to="label_s2c_VM_11." />
    <label:label xlink:type="resource" xlink:label="label_s2c_VM_11._1" xml:lang="en" xlink:role="http://www.xbrl.org/2008/role/verboseLabel">XS</label:label>
    <gen:arc xlink:type="arc" xlink:arcrole="http://xbrl.org/arcrole/2008/element-label" xlink:from="loc_s2c_VM_11." xlink:to="label_s2c_VM_11._1" />
    <link:loc xlink:type="locator" xlink:href="hier.xsd#s2c_12" xlink:label="loc_s2c_VM_12." />
    <label:label xlink:type="resource" xlink:label="label_s2c_VM_12." xml:lang="en" xlink:role="http://www.xbrl.org/2008/role/label">SCR calculation</label:label>
    <gen:arc xlink:type="arc" xlink:arcrole="http://xbrl.org/arcrole/2008/element-label" xlink:from="loc_s2c_VM_12." xlink:to="label_s2c_VM_12." />
    <label:label xlink:type="resource" xlink:label="label_s2c_VM_12._1" xml:lang="en" xlink:role="http://www.xbrl.org/2008/role/verboseLabel">EA</label:label>
    <gen:arc xlink:type="arc" xlink:arcrole="http://xbrl.org/arcrole/2008/element-label" xlink:from="loc_s2c_VM_12." xlink:to="label_s2c_VM_12._1" />
    <link:loc xlink:type="locator" xlink:href="hier.xsd#s2c_13" xlink:label="loc_s2c_VM_13." />
    <label:label xlink:type="resource" xlink:label="label_s2c_VM_13." xml:lang="en" xlink:role="http://www.xbrl.org/2008/role/label">Valuation of recoverables</label:label>
    <gen:arc xlink:type="arc" xlink:arcrole="http://xbrl.org/arcrole/2008/element-label" xlink:from="loc_s2c_VM_13." xlink:to="label_s2c_VM_13." />
    <label:label xlink:type="resource" xlink:label="label_s2c_VM_13._1" xml:lang="en" xlink:role="http://www.xbrl.org/2008/role/verboseLabel">RR</label:label>
    <gen:arc xlink:type="arc" xlink:arcrole="http://xbrl.org/arcrole/2008/element-label" xlink:from="loc_s2c_VM_13." xlink:to="label_s2c_VM_13._1" />
    <link:loc xlink:type="locator" xlink:href="hier.xsd#s2c_14" xlink:label="loc_s2c_VM_14." />
    <label:label xlink:type="resource" xlink:label="label_s2c_VM_14." xml:lang="en" xlink:role="http://www.xbrl.org/2008/role/label">Loss-absorbing capacity of technical provisions</label:label>
    <gen:arc xlink:type="arc" xlink:arcrole="http://xbrl.org/arcrole/2008/element-label" xlink:from="loc_s2c_VM_14." xlink:to="label_s2c_VM_14." />
    <label:label xlink:type="resource" xlink:label="label_s2c_VM_14._1" xml:lang="en" xlink:role="http://www.xbrl.org/2008/role/verboseLabel">VM</label:label>
    <gen:arc xlink:type="arc" xlink:arcrole="http://xbrl.org/arcrole/2008/element-label" xlink:from="loc_s2c_VM_14." xlink:to="label_s2c_VM_14._1" />
    <link:loc xlink:type="locator" xlink:href="hier.xsd#s2c_15" xlink:label="loc_s2c_VM_15." />
    <label:label xlink:type="resource" xlink:label="label_s2c_VM_15." xml:lang="en" xlink:role="http://www.xbrl.org/2008/role/label">Loss-absorbing capacity of deferred taxes</label:label>
    <gen:arc xlink:type="arc" xlink:arcrole="http://xbrl.org/arcrole/2008/element-label" xlink:from="loc_s2c_VM_15." xlink:to="label_s2c_VM_15." />
    <label:label xlink:type="resource" xlink:label="label_s2c_VM_15._1" xml:lang="en" xlink:role="http://www.xbrl.org/2008/role/verboseLabel">VM</label:label>
    <gen:arc xlink:type="arc" xlink:arcrole="http://xbrl.org/arcrole/2008/element-label" xlink:from="loc_s2c_VM_15." xlink:to="label_s2c_VM_15._1" />
    <link:loc xlink:type="locator" xlink:href="hier.xsd#s2c_16" xlink:label="loc_s2c_VM_16." />
    <label:label xlink:type="resource" xlink:label="label_s2c_VM_16." xml:lang="en" xlink:role="http://www.xbrl.org/2008/role/label">Treatment of intra-group transactions</label:label>
    <gen:arc xlink:type="arc" xlink:arcrole="http://xbrl.org/arcrole/2008/element-label" xlink:from="loc_s2c_VM_16." xlink:to="label_s2c_VM_16." />
    <label:label xlink:type="resource" xlink:label="label_s2c_VM_16._1" xml:lang="en" xlink:role="http://www.xbrl.org/2008/role/verboseLabel">IG</label:label>
    <gen:arc xlink:type="arc" xlink:arcrole="http://xbrl.org/arcrole/2008/element-label" xlink:from="loc_s2c_VM_16." xlink:to="label_s2c_VM_16._1" />
    <link:loc xlink:type="locator" xlink:href="hier.xsd#s2c_17" xlink:label="loc_s2c_VM_17." />
    <label:label xlink:type="resource" xlink:label="label_s2c_VM_17." xml:lang="en" xlink:role="http://www.xbrl.org/2008/role/label">Transitional adjustment on Technical Provisions</label:label>
    <gen:arc xlink:type="arc" xlink:arcrole="http://xbrl.org/arcrole/2008/element-label" xlink:from="loc_s2c_VM_17." xlink:to="label_s2c_VM_17." />
    <label:label xlink:type="resource" xlink:label="label_s2c_VM_17._1" xml:lang="en" xlink:role="http://www.xbrl.org/2008/role/verboseLabel">VV,VI</label:label>
    <gen:arc xlink:type="arc" xlink:arcrole="http://xbrl.org/arcrole/2008/element-label" xlink:from="loc_s2c_VM_17." xlink:to="label_s2c_VM_17._1" />
    <link:loc xlink:type="locator" xlink:href="hier.xsd#s2c_18" xlink:label="loc_s2c_VM_18." />
    <label:label xlink:type="resource" xlink:label="label_s2c_VM_18." xml:lang="en" xlink:role="http://www.xbrl.org/2008/role/label">Impact of the long term guarantees and transitional measures</label:label>
    <gen:arc xlink:type="arc" xlink:arcrole="http://xbrl.org/arcrole/2008/element-label" xlink:from="loc_s2c_VM_18." xlink:to="label_s2c_VM_18." />
    <label:label xlink:type="resource" xlink:label="label_s2c_VM_18._1" xml:lang="en" xlink:role="http://www.xbrl.org/2008/role/verboseLabel">VI</label:label>
    <gen:arc xlink:type="arc" xlink:arcrole="http://xbrl.org/arcrole/2008/element-label" xlink:from="loc_s2c_VM_18." xlink:to="label_s2c_VM_18._1" />
    <link:loc xlink:type="locator" xlink:href="hier.xsd#s2c_19" xlink:label="loc_s2c_VM_19." />
    <label:label xlink:type="resource" xlink:label="label_s2c_VM_19." xml:lang="en" xlink:role="http://www.xbrl.org/2008/role/label">Impact of the long term guarantees and transitional measures</label:label>
    <gen:arc xlink:type="arc" xlink:arcrole="http://xbrl.org/arcrole/2008/element-label" xlink:from="loc_s2c_VM_19." xlink:to="label_s2c_VM_19." />
    <label:label xlink:type="resource" xlink:label="label_s2c_VM_19._1" xml:lang="en" xlink:role="http://www.xbrl.org/2008/role/verboseLabel">VI</label:label>
    <gen:arc xlink:type="arc" xlink:arcrole="http://xbrl.org/arcrole/2008/element-label" xlink:from="loc_s2c_VM_19." xlink:to="label_s2c_VM_19._1" />
    <link:loc xlink:type="locator" xlink:href="hier.xsd#s2c_20" xlink:label="loc_s2c_VM_20." />
    <label:label xlink:type="resource" xlink:label="label_s2c_VM_20." xml:lang="en" xlink:role="http://www.xbrl.org/2008/role/label">Transitional adjustment on Technical Provisions</label:label>
    <gen:arc xlink:type="arc" xlink:arcrole="http://xbrl.org/arcrole/2008/element-label" xlink:from="loc_s2c_VM_20." xlink:to="label_s2c_VM_20." />
    <label:label xlink:type="resource" xlink:label="label_s2c_VM_20._1" xml:lang="en" xlink:role="http://www.xbrl.org/2008/role/verboseLabel">VV</label:label>
    <gen:arc xlink:type="arc" xlink:arcrole="http://xbrl.org/arcrole/2008/element-label" xlink:from="loc_s2c_VM_20." xlink:to="label_s2c_VM_20._1" />
    <link:loc xlink:type="locator" xlink:href="hier.xsd#s2c_21" xlink:label="loc_s2c_VM_21." />
    <label:label xlink:type="resource" xlink:label="label_s2c_VM_21." xml:lang="en" xlink:role="http://www.xbrl.org/2008/role/label">Transitional adjustment on Technical Provisions</label:label>
    <gen:arc xlink:type="arc" xlink:arcrole="http://xbrl.org/arcrole/2008/element-label" xlink:from="loc_s2c_VM_21." xlink:to="label_s2c_VM_21." />
    <label:label xlink:type="resource" xlink:label="label_s2c_VM_21._1" xml:lang="en" xlink:role="http://www.xbrl.org/2008/role/verboseLabel">VV</label:label>
    <gen:arc xlink:type="arc" xlink:arcrole="http://xbrl.org/arcrole/2008/element-label" xlink:from="loc_s2c_VM_21." xlink:to="label_s2c_VM_21._1" />
    <link:loc xlink:type="locator" xlink:href="hier.xsd#s2c_22" xlink:label="loc_s2c_VM_22." />
    <label:label xlink:type="resource" xlink:label="label_s2c_VM_22." xml:lang="en" xlink:role="http://www.xbrl.org/2008/role/label">Impact on Assets/Liability/Off Balance Sheet</label:label>
    <gen:arc xlink:type="arc" xlink:arcrole="http://xbrl.org/arcrole/2008/element-label" xlink:from="loc_s2c_VM_22." xlink:to="label_s2c_VM_22." />
    <label:label xlink:type="resource" xlink:label="label_s2c_VM_22._1" xml:lang="en" xlink:role="http://www.xbrl.org/2008/role/verboseLabel">VM</label:label>
    <gen:arc xlink:type="arc" xlink:arcrole="http://xbrl.org/arcrole/2008/element-label" xlink:from="loc_s2c_VM_22." xlink:to="label_s2c_VM_22._1" />
    <link:loc xlink:type="locator" xlink:href="hier.xsd#s2c_23" xlink:label="loc_s2c_VM_23." />
    <label:label xlink:type="resource" xlink:label="label_s2c_VM_23." xml:lang="en" xlink:role="http://www.xbrl.org/2008/role/label">Valuation method</label:label>
    <gen:arc xlink:type="arc" xlink:arcrole="http://xbrl.org/arcrole/2008/element-label" xlink:from="loc_s2c_VM_23." xlink:to="label_s2c_VM_23." />
    <label:label xlink:type="resource" xlink:label="label_s2c_VM_23._1" xml:lang="en" xlink:role="http://www.xbrl.org/2008/role/verboseLabel">VM</label:label>
    <gen:arc xlink:type="arc" xlink:arcrole="http://xbrl.org/arcrole/2008/element-label" xlink:from="loc_s2c_VM_23." xlink:to="label_s2c_VM_23._1" />
    <link:loc xlink:type="locator" xlink:href="hier.xsd#s2c_24" xlink:label="loc_s2c_VM_24." />
    <label:label xlink:type="resource" xlink:label="label_s2c_VM_24." xml:lang="en" xlink:role="http://www.xbrl.org/2008/role/label">Valuation method</label:label>
    <gen:arc xlink:type="arc" xlink:arcrole="http://xbrl.org/arcrole/2008/element-label" xlink:from="loc_s2c_VM_24." xlink:to="label_s2c_VM_24." />
    <label:label xlink:type="resource" xlink:label="label_s2c_VM_24._1" xml:lang="en" xlink:role="http://www.xbrl.org/2008/role/verboseLabel">VM</label:label>
    <gen:arc xlink:type="arc" xlink:arcrole="http://xbrl.org/arcrole/2008/element-label" xlink:from="loc_s2c_VM_24." xlink:to="label_s2c_VM_24._1" />
    <link:loc xlink:type="locator" xlink:href="hier.xsd#s2c_25" xlink:label="loc_s2c_VM_25." />
    <label:label xlink:type="resource" xlink:label="label_s2c_VM_25." xml:lang="en" xlink:role="http://www.xbrl.org/2008/role/label">Long term guarantees transitionals and measures</label:label>
    <gen:arc xlink:type="arc" xlink:arcrole="http://xbrl.org/arcrole/2008/element-label" xlink:from="loc_s2c_VM_25." xlink:to="label_s2c_VM_25." />
    <label:label xlink:type="resource" xlink:label="label_s2c_VM_25._1" xml:lang="en" xlink:role="http://www.xbrl.org/2008/role/verboseLabel">LH</label:label>
    <gen:arc xlink:type="arc" xlink:arcrole="http://xbrl.org/arcrole/2008/element-label" xlink:from="loc_s2c_VM_25." xlink:to="label_s2c_VM_25._1" />
    <link:loc xlink:type="locator" xlink:href="hier.xsd#s2c_500" xlink:label="loc_s2c_VM_500." />
    <label:label xlink:type="resource" xlink:label="label_s2c_VM_500." xml:lang="en" xlink:role="http://www.xbrl.org/2008/role/label">Changes in technical provisions (Pension funds)</label:label>
    <gen:arc xlink:type="arc" xlink:arcrole="http://xbrl.org/arcrole/2008/element-label" xlink:from="loc_s2c_VM_500." xlink:to="label_s2c_VM_500." />
    <label:label xlink:type="resource" xlink:label="label_s2c_VM_500._1" xml:lang="en" xlink:role="http://www.xbrl.org/2008/role/verboseLabel">HH</label:label>
    <gen:arc xlink:type="arc" xlink:arcrole="http://xbrl.org/arcrole/2008/element-label" xlink:from="loc_s2c_VM_500." xlink:to="label_s2c_VM_500._1" />
    <link:loc xlink:type="locator" xlink:href="hier.xsd#s2c_501" xlink:label="loc_s2c_VM_501." />
    <label:label xlink:type="resource" xlink:label="label_s2c_VM_501." xml:lang="en" xlink:role="http://www.xbrl.org/2008/role/label">Valuation method (Pension funds)</label:label>
    <gen:arc xlink:type="arc" xlink:arcrole="http://xbrl.org/arcrole/2008/element-label" xlink:from="loc_s2c_VM_501." xlink:to="label_s2c_VM_501." />
    <label:label xlink:type="resource" xlink:label="label_s2c_VM_501._1" xml:lang="en" xlink:role="http://www.xbrl.org/2008/role/verboseLabel">VM</label:label>
    <gen:arc xlink:type="arc" xlink:arcrole="http://xbrl.org/arcrole/2008/element-label" xlink:from="loc_s2c_VM_501." xlink:to="label_s2c_VM_501._1" />
  </gen:link>
</link:linkbase>