<?xml version="1.0" encoding="UTF-8"?>
<!--(C) EIOPA - XBRL Taxonomy-->
<?officialURI http://eiopa.europa.eu/eu/xbrl/s2c/dict/dom/vm/hier-lab-mem-en.xml?>
<?taxonomy-version 2.4.0?>
<?taxonomy-date 2019-07-15?>
<link:linkbase xmlns:xsi="http://www.w3.org/2001/XMLSchema-instance" xmlns:xlink="http://www.w3.org/1999/xlink" xmlns:link="http://www.xbrl.org/2003/linkbase" xsi:schemaLocation="http://www.xbrl.org/2003/linkbase http://www.xbrl.org/2003/xbrl-linkbase-2003-12-31.xsd">
  <link:roleRef roleURI="http://eiopa.europa.eu/xbrl/s2c/role/dict/dom/VM/1" xlink:type="simple" xlink:href="hier.xsd#s2c_1" />
  <link:labelLink xlink:type="extended" xlink:role="http://eiopa.europa.eu/xbrl/s2c/role/dict/dom/VM/1">
    <link:loc xlink:type="locator" xlink:href="mem.xsd#s2c_x0" xlink:label="loc_s2c_x0" />
    <link:label xlink:type="resource" xlink:label="label_s2c_x0" xml:lang="en" xlink:role="http://www.xbrl.org/2003/role/label">Total/NA</link:label>
    <link:labelArc xlink:type="arc" xlink:arcrole="http://www.xbrl.org/2003/arcrole/concept-label" xlink:from="loc_s2c_x0" xlink:to="label_s2c_x0" />
    <link:loc xlink:type="locator" xlink:href="mem.xsd#s2c_x2" xlink:label="loc_s2c_x2" />
    <link:label xlink:type="resource" xlink:label="label_s2c_x2" xml:lang="en" xlink:role="http://www.xbrl.org/2003/role/label">Adjusted equity methods - applicable for the valuation of participations [AEM]</link:label>
    <link:labelArc xlink:type="arc" xlink:arcrole="http://www.xbrl.org/2003/arcrole/concept-label" xlink:from="loc_s2c_x2" xlink:to="label_s2c_x2" />
    <link:loc xlink:type="locator" xlink:href="mem.xsd#s2c_x3" xlink:label="loc_s2c_x3" />
    <link:label xlink:type="resource" xlink:label="label_s2c_x3" xml:lang="en" xlink:role="http://www.xbrl.org/2003/role/label">Alternative valuation methods</link:label>
    <link:labelArc xlink:type="arc" xlink:arcrole="http://www.xbrl.org/2003/arcrole/concept-label" xlink:from="loc_s2c_x3" xlink:to="label_s2c_x3" />
    <link:loc xlink:type="locator" xlink:href="mem.xsd#s2c_x22" xlink:label="loc_s2c_x22" />
    <link:label xlink:type="resource" xlink:label="label_s2c_x22" xml:lang="en" xlink:role="http://www.xbrl.org/2003/role/label">IFRS equity methods - applicable for the valuation of participations [IEM]</link:label>
    <link:labelArc xlink:type="arc" xlink:arcrole="http://www.xbrl.org/2003/arcrole/concept-label" xlink:from="loc_s2c_x22" xlink:to="label_s2c_x22" />
    <link:loc xlink:type="locator" xlink:href="mem.xsd#s2c_x42" xlink:label="loc_s2c_x42" />
    <link:label xlink:type="resource" xlink:label="label_s2c_x42" xml:lang="en" xlink:role="http://www.xbrl.org/2003/role/label">Quoted market price in active markets for similar assets or liabilities</link:label>
    <link:labelArc xlink:type="arc" xlink:arcrole="http://www.xbrl.org/2003/arcrole/concept-label" xlink:from="loc_s2c_x42" xlink:to="label_s2c_x42" />
    <link:loc xlink:type="locator" xlink:href="mem.xsd#s2c_x43" xlink:label="loc_s2c_x43" />
    <link:label xlink:type="resource" xlink:label="label_s2c_x43" xml:lang="en" xlink:role="http://www.xbrl.org/2003/role/label">Quoted market price in active markets for the same assets or liabilities</link:label>
    <link:labelArc xlink:type="arc" xlink:arcrole="http://www.xbrl.org/2003/arcrole/concept-label" xlink:from="loc_s2c_x43" xlink:to="label_s2c_x43" />
  </link:labelLink>
  <link:roleRef roleURI="http://eiopa.europa.eu/xbrl/s2c/role/dict/dom/VM/2" xlink:type="simple" xlink:href="hier.xsd#s2c_2" />
  <link:labelLink xlink:type="extended" xlink:role="http://eiopa.europa.eu/xbrl/s2c/role/dict/dom/VM/2">
    <link:loc xlink:type="locator" xlink:href="mem.xsd#s2c_x0" xlink:label="loc_s2c_x0" />
    <link:label xlink:type="resource" xlink:label="label_s2c_x0" xml:lang="en" xlink:role="http://www.xbrl.org/2003/role/label">Total/NA</link:label>
    <link:labelArc xlink:type="arc" xlink:arcrole="http://www.xbrl.org/2003/arcrole/concept-label" xlink:from="loc_s2c_x0" xlink:to="label_s2c_x0" />
    <link:loc xlink:type="locator" xlink:href="mem.xsd#s2c_x1" xlink:label="loc_s2c_x1" />
    <link:label xlink:type="resource" xlink:label="label_s2c_x1" xml:lang="en" xlink:role="http://www.xbrl.org/2003/role/label">Adjustment for expected losses due to counterparty default</link:label>
    <link:labelArc xlink:type="arc" xlink:arcrole="http://www.xbrl.org/2003/arcrole/concept-label" xlink:from="loc_s2c_x1" xlink:to="label_s2c_x1" />
    <link:loc xlink:type="locator" xlink:href="mem.xsd#s2c_x5" xlink:label="loc_s2c_x5" />
    <link:label xlink:type="resource" xlink:label="label_s2c_x5" xml:lang="en" xlink:role="http://www.xbrl.org/2003/role/label">Best estimate</link:label>
    <link:labelArc xlink:type="arc" xlink:arcrole="http://www.xbrl.org/2003/arcrole/concept-label" xlink:from="loc_s2c_x5" xlink:to="label_s2c_x5" />
    <link:loc xlink:type="locator" xlink:href="mem.xsd#s2c_x6" xlink:label="loc_s2c_x6" />
    <link:label xlink:type="resource" xlink:label="label_s2c_x6" xml:lang="en" xlink:role="http://www.xbrl.org/2003/role/label">Best estimate [before adjustment for expected losses due to counterparty default]</link:label>
    <link:labelArc xlink:type="arc" xlink:arcrole="http://www.xbrl.org/2003/arcrole/concept-label" xlink:from="loc_s2c_x6" xlink:to="label_s2c_x6" />
    <link:loc xlink:type="locator" xlink:href="mem.xsd#s2c_x7" xlink:label="loc_s2c_x7" />
    <link:label xlink:type="resource" xlink:label="label_s2c_x7" xml:lang="en" xlink:role="http://www.xbrl.org/2003/role/label">Calculated as a sum of best estimate and risk margin</link:label>
    <link:labelArc xlink:type="arc" xlink:arcrole="http://www.xbrl.org/2003/arcrole/concept-label" xlink:from="loc_s2c_x7" xlink:to="label_s2c_x7" />
    <link:loc xlink:type="locator" xlink:href="mem.xsd#s2c_x8" xlink:label="loc_s2c_x8" />
    <link:label xlink:type="resource" xlink:label="label_s2c_x8" xml:lang="en" xlink:role="http://www.xbrl.org/2003/role/label">Calculated as a whole</link:label>
    <link:labelArc xlink:type="arc" xlink:arcrole="http://www.xbrl.org/2003/arcrole/concept-label" xlink:from="loc_s2c_x8" xlink:to="label_s2c_x8" />
    <link:loc xlink:type="locator" xlink:href="mem.xsd#s2c_x47" xlink:label="loc_s2c_x47" />
    <link:label xlink:type="resource" xlink:label="label_s2c_x47" xml:lang="en" xlink:role="http://www.xbrl.org/2003/role/label">Risk margin</link:label>
    <link:labelArc xlink:type="arc" xlink:arcrole="http://www.xbrl.org/2003/arcrole/concept-label" xlink:from="loc_s2c_x47" xlink:to="label_s2c_x47" />
  </link:labelLink>
  <link:roleRef roleURI="http://eiopa.europa.eu/xbrl/s2c/role/dict/dom/VM/3" xlink:type="simple" xlink:href="hier.xsd#s2c_3" />
  <link:labelLink xlink:type="extended" xlink:role="http://eiopa.europa.eu/xbrl/s2c/role/dict/dom/VM/3">
    <link:loc xlink:type="locator" xlink:href="mem.xsd#s2c_x0" xlink:label="loc_s2c_x0" />
    <link:label xlink:type="resource" xlink:label="label_s2c_x0" xml:lang="en" xlink:role="http://www.xbrl.org/2003/role/label">Total/NA</link:label>
    <link:labelArc xlink:type="arc" xlink:arcrole="http://www.xbrl.org/2003/arcrole/concept-label" xlink:from="loc_s2c_x0" xlink:to="label_s2c_x0" />
    <link:loc xlink:type="locator" xlink:href="mem.xsd#s2c_x1" xlink:label="loc_s2c_x1" />
    <link:label xlink:type="resource" xlink:label="label_s2c_x1" xml:lang="en" xlink:role="http://www.xbrl.org/2003/role/label">Adjustment for expected losses due to counterparty default</link:label>
    <link:labelArc xlink:type="arc" xlink:arcrole="http://www.xbrl.org/2003/arcrole/concept-label" xlink:from="loc_s2c_x1" xlink:to="label_s2c_x1" />
    <link:loc xlink:type="locator" xlink:href="mem.xsd#s2c_x5" xlink:label="loc_s2c_x5" />
    <link:label xlink:type="resource" xlink:label="label_s2c_x5" xml:lang="en" xlink:role="http://www.xbrl.org/2003/role/label">Best estimate</link:label>
    <link:labelArc xlink:type="arc" xlink:arcrole="http://www.xbrl.org/2003/arcrole/concept-label" xlink:from="loc_s2c_x5" xlink:to="label_s2c_x5" />
    <link:loc xlink:type="locator" xlink:href="mem.xsd#s2c_x6" xlink:label="loc_s2c_x6" />
    <link:label xlink:type="resource" xlink:label="label_s2c_x6" xml:lang="en" xlink:role="http://www.xbrl.org/2003/role/label">Best estimate [before adjustment for expected losses due to counterparty default]</link:label>
    <link:labelArc xlink:type="arc" xlink:arcrole="http://www.xbrl.org/2003/arcrole/concept-label" xlink:from="loc_s2c_x6" xlink:to="label_s2c_x6" />
    <link:loc xlink:type="locator" xlink:href="mem.xsd#s2c_x8" xlink:label="loc_s2c_x8" />
    <link:label xlink:type="resource" xlink:label="label_s2c_x8" xml:lang="en" xlink:role="http://www.xbrl.org/2003/role/label">Calculated as a whole</link:label>
    <link:labelArc xlink:type="arc" xlink:arcrole="http://www.xbrl.org/2003/arcrole/concept-label" xlink:from="loc_s2c_x8" xlink:to="label_s2c_x8" />
    <link:loc xlink:type="locator" xlink:href="mem.xsd#s2c_x9" xlink:label="loc_s2c_x9" />
    <link:label xlink:type="resource" xlink:label="label_s2c_x9" xml:lang="en" xlink:role="http://www.xbrl.org/2003/role/label">Calculated as a whole and best estimate</link:label>
    <link:labelArc xlink:type="arc" xlink:arcrole="http://www.xbrl.org/2003/arcrole/concept-label" xlink:from="loc_s2c_x9" xlink:to="label_s2c_x9" />
    <link:loc xlink:type="locator" xlink:href="mem.xsd#s2c_x47" xlink:label="loc_s2c_x47" />
    <link:label xlink:type="resource" xlink:label="label_s2c_x47" xml:lang="en" xlink:role="http://www.xbrl.org/2003/role/label">Risk margin</link:label>
    <link:labelArc xlink:type="arc" xlink:arcrole="http://www.xbrl.org/2003/arcrole/concept-label" xlink:from="loc_s2c_x47" xlink:to="label_s2c_x47" />
  </link:labelLink>
  <link:roleRef roleURI="http://eiopa.europa.eu/xbrl/s2c/role/dict/dom/VM/4" xlink:type="simple" xlink:href="hier.xsd#s2c_4" />
  <link:labelLink xlink:type="extended" xlink:role="http://eiopa.europa.eu/xbrl/s2c/role/dict/dom/VM/4">
    <link:loc xlink:type="locator" xlink:href="mem.xsd#s2c_x0" xlink:label="loc_s2c_x0" />
    <link:label xlink:type="resource" xlink:label="label_s2c_x0" xml:lang="en" xlink:role="http://www.xbrl.org/2003/role/label">Total/NA</link:label>
    <link:labelArc xlink:type="arc" xlink:arcrole="http://www.xbrl.org/2003/arcrole/concept-label" xlink:from="loc_s2c_x0" xlink:to="label_s2c_x0" />
    <link:loc xlink:type="locator" xlink:href="mem.xsd#s2c_x3" xlink:label="loc_s2c_x3" />
    <link:label xlink:type="resource" xlink:label="label_s2c_x3" xml:lang="en" xlink:role="http://www.xbrl.org/2003/role/label">Alternative valuation methods</link:label>
    <link:labelArc xlink:type="arc" xlink:arcrole="http://www.xbrl.org/2003/arcrole/concept-label" xlink:from="loc_s2c_x3" xlink:to="label_s2c_x3" />
    <link:loc xlink:type="locator" xlink:href="mem.xsd#s2c_x42" xlink:label="loc_s2c_x42" />
    <link:label xlink:type="resource" xlink:label="label_s2c_x42" xml:lang="en" xlink:role="http://www.xbrl.org/2003/role/label">Quoted market price in active markets for similar assets or liabilities</link:label>
    <link:labelArc xlink:type="arc" xlink:arcrole="http://www.xbrl.org/2003/arcrole/concept-label" xlink:from="loc_s2c_x42" xlink:to="label_s2c_x42" />
    <link:loc xlink:type="locator" xlink:href="mem.xsd#s2c_x43" xlink:label="loc_s2c_x43" />
    <link:label xlink:type="resource" xlink:label="label_s2c_x43" xml:lang="en" xlink:role="http://www.xbrl.org/2003/role/label">Quoted market price in active markets for the same assets or liabilities</link:label>
    <link:labelArc xlink:type="arc" xlink:arcrole="http://www.xbrl.org/2003/arcrole/concept-label" xlink:from="loc_s2c_x43" xlink:to="label_s2c_x43" />
  </link:labelLink>
  <link:roleRef roleURI="http://eiopa.europa.eu/xbrl/s2c/role/dict/dom/VM/5" xlink:type="simple" xlink:href="hier.xsd#s2c_5" />
  <link:labelLink xlink:type="extended" xlink:role="http://eiopa.europa.eu/xbrl/s2c/role/dict/dom/VM/5">
    <link:loc xlink:type="locator" xlink:href="mem.xsd#s2c_x0" xlink:label="loc_s2c_x0" />
    <link:label xlink:type="resource" xlink:label="label_s2c_x0" xml:lang="en" xlink:role="http://www.xbrl.org/2003/role/label">Total/NA</link:label>
    <link:labelArc xlink:type="arc" xlink:arcrole="http://www.xbrl.org/2003/arcrole/concept-label" xlink:from="loc_s2c_x0" xlink:to="label_s2c_x0" />
    <link:loc xlink:type="locator" xlink:href="mem.xsd#s2c_x17" xlink:label="loc_s2c_x17" />
    <link:label xlink:type="resource" xlink:label="label_s2c_x17" xml:lang="en" xlink:role="http://www.xbrl.org/2003/role/label">Decrease</link:label>
    <link:labelArc xlink:type="arc" xlink:arcrole="http://www.xbrl.org/2003/arcrole/concept-label" xlink:from="loc_s2c_x17" xlink:to="label_s2c_x17" />
    <link:loc xlink:type="locator" xlink:href="mem.xsd#s2c_x25" xlink:label="loc_s2c_x25" />
    <link:label xlink:type="resource" xlink:label="label_s2c_x25" xml:lang="en" xlink:role="http://www.xbrl.org/2003/role/label">Increase</link:label>
    <link:labelArc xlink:type="arc" xlink:arcrole="http://www.xbrl.org/2003/arcrole/concept-label" xlink:from="loc_s2c_x25" xlink:to="label_s2c_x25" />
  </link:labelLink>
  <link:roleRef roleURI="http://eiopa.europa.eu/xbrl/s2c/role/dict/dom/VM/6" xlink:type="simple" xlink:href="hier.xsd#s2c_6" />
  <link:labelLink xlink:type="extended" xlink:role="http://eiopa.europa.eu/xbrl/s2c/role/dict/dom/VM/6">
    <link:loc xlink:type="locator" xlink:href="mem.xsd#s2c_x0" xlink:label="loc_s2c_x0" />
    <link:label xlink:type="resource" xlink:label="label_s2c_x0" xml:lang="en" xlink:role="http://www.xbrl.org/2003/role/label">Total/NA</link:label>
    <link:labelArc xlink:type="arc" xlink:arcrole="http://www.xbrl.org/2003/arcrole/concept-label" xlink:from="loc_s2c_x0" xlink:to="label_s2c_x0" />
    <link:loc xlink:type="locator" xlink:href="mem.xsd#s2c_x27" xlink:label="loc_s2c_x27" />
    <link:label xlink:type="resource" xlink:label="label_s2c_x27" xml:lang="en" xlink:role="http://www.xbrl.org/2003/role/label">Issued</link:label>
    <link:labelArc xlink:type="arc" xlink:arcrole="http://www.xbrl.org/2003/arcrole/concept-label" xlink:from="loc_s2c_x27" xlink:to="label_s2c_x27" />
    <link:loc xlink:type="locator" xlink:href="mem.xsd#s2c_x38" xlink:label="loc_s2c_x38" />
    <link:label xlink:type="resource" xlink:label="label_s2c_x38" xml:lang="en" xlink:role="http://www.xbrl.org/2003/role/label">Movements in valuation</link:label>
    <link:labelArc xlink:type="arc" xlink:arcrole="http://www.xbrl.org/2003/arcrole/concept-label" xlink:from="loc_s2c_x38" xlink:to="label_s2c_x38" />
    <link:loc xlink:type="locator" xlink:href="mem.xsd#s2c_x44" xlink:label="loc_s2c_x44" />
    <link:label xlink:type="resource" xlink:label="label_s2c_x44" xml:lang="en" xlink:role="http://www.xbrl.org/2003/role/label">Redeemed</link:label>
    <link:labelArc xlink:type="arc" xlink:arcrole="http://www.xbrl.org/2003/arcrole/concept-label" xlink:from="loc_s2c_x44" xlink:to="label_s2c_x44" />
    <link:loc xlink:type="locator" xlink:href="mem.xsd#s2c_x46" xlink:label="loc_s2c_x46" />
    <link:label xlink:type="resource" xlink:label="label_s2c_x46" xml:lang="en" xlink:role="http://www.xbrl.org/2003/role/label">Regulatory actions</link:label>
    <link:labelArc xlink:type="arc" xlink:arcrole="http://www.xbrl.org/2003/arcrole/concept-label" xlink:from="loc_s2c_x46" xlink:to="label_s2c_x46" />
  </link:labelLink>
  <link:roleRef roleURI="http://eiopa.europa.eu/xbrl/s2c/role/dict/dom/VM/7" xlink:type="simple" xlink:href="hier.xsd#s2c_7" />
  <link:labelLink xlink:type="extended" xlink:role="http://eiopa.europa.eu/xbrl/s2c/role/dict/dom/VM/7">
    <link:loc xlink:type="locator" xlink:href="mem.xsd#s2c_x0" xlink:label="loc_s2c_x0" />
    <link:label xlink:type="resource" xlink:label="label_s2c_x0" xml:lang="en" xlink:role="http://www.xbrl.org/2003/role/label">Total/NA</link:label>
    <link:labelArc xlink:type="arc" xlink:arcrole="http://www.xbrl.org/2003/arcrole/concept-label" xlink:from="loc_s2c_x0" xlink:to="label_s2c_x0" />
    <link:loc xlink:type="locator" xlink:href="mem.xsd#s2c_x12" xlink:label="loc_s2c_x12" />
    <link:label xlink:type="resource" xlink:label="label_s2c_x12" xml:lang="en" xlink:role="http://www.xbrl.org/2003/role/label">Called up to basic own fund</link:label>
    <link:labelArc xlink:type="arc" xlink:arcrole="http://www.xbrl.org/2003/arcrole/concept-label" xlink:from="loc_s2c_x12" xlink:to="label_s2c_x12" />
    <link:loc xlink:type="locator" xlink:href="mem.xsd#s2c_x39" xlink:label="loc_s2c_x39" />
    <link:label xlink:type="resource" xlink:label="label_s2c_x39" xml:lang="en" xlink:role="http://www.xbrl.org/2003/role/label">New amount made available</link:label>
    <link:labelArc xlink:type="arc" xlink:arcrole="http://www.xbrl.org/2003/arcrole/concept-label" xlink:from="loc_s2c_x39" xlink:to="label_s2c_x39" />
    <link:loc xlink:type="locator" xlink:href="mem.xsd#s2c_x45" xlink:label="loc_s2c_x45" />
    <link:label xlink:type="resource" xlink:label="label_s2c_x45" xml:lang="en" xlink:role="http://www.xbrl.org/2003/role/label">Reduction to amount available</link:label>
    <link:labelArc xlink:type="arc" xlink:arcrole="http://www.xbrl.org/2003/arcrole/concept-label" xlink:from="loc_s2c_x45" xlink:to="label_s2c_x45" />
  </link:labelLink>
  <link:roleRef roleURI="http://eiopa.europa.eu/xbrl/s2c/role/dict/dom/VM/8" xlink:type="simple" xlink:href="hier.xsd#s2c_8" />
  <link:labelLink xlink:type="extended" xlink:role="http://eiopa.europa.eu/xbrl/s2c/role/dict/dom/VM/8">
    <link:loc xlink:type="locator" xlink:href="mem.xsd#s2c_x0" xlink:label="loc_s2c_x0" />
    <link:label xlink:type="resource" xlink:label="label_s2c_x0" xml:lang="en" xlink:role="http://www.xbrl.org/2003/role/label">Total/NA</link:label>
    <link:labelArc xlink:type="arc" xlink:arcrole="http://www.xbrl.org/2003/arcrole/concept-label" xlink:from="loc_s2c_x0" xlink:to="label_s2c_x0" />
    <link:loc xlink:type="locator" xlink:href="mem.xsd#s2c_x15" xlink:label="loc_s2c_x15" />
    <link:label xlink:type="resource" xlink:label="label_s2c_x15" xml:lang="en" xlink:role="http://www.xbrl.org/2003/role/label">Changes in perimeter</link:label>
    <link:labelArc xlink:type="arc" xlink:arcrole="http://www.xbrl.org/2003/arcrole/concept-label" xlink:from="loc_s2c_x15" xlink:to="label_s2c_x15" />
    <link:loc xlink:type="locator" xlink:href="mem.xsd#s2c_x18" xlink:label="loc_s2c_x18" />
    <link:label xlink:type="resource" xlink:label="label_s2c_x18" xml:lang="en" xlink:role="http://www.xbrl.org/2003/role/label">Exceptional elements triggering restating of opening BE</link:label>
    <link:labelArc xlink:type="arc" xlink:arcrole="http://www.xbrl.org/2003/arcrole/concept-label" xlink:from="loc_s2c_x18" xlink:to="label_s2c_x18" />
    <link:loc xlink:type="locator" xlink:href="mem.xsd#s2c_x21" xlink:label="loc_s2c_x21" />
    <link:label xlink:type="resource" xlink:label="label_s2c_x21" xml:lang="en" xlink:role="http://www.xbrl.org/2003/role/label">Foreign exchange variation</link:label>
    <link:labelArc xlink:type="arc" xlink:arcrole="http://www.xbrl.org/2003/arcrole/concept-label" xlink:from="loc_s2c_x21" xlink:to="label_s2c_x21" />
    <link:loc xlink:type="locator" xlink:href="mem.xsd#s2c_x52" xlink:label="loc_s2c_x52" />
    <link:label xlink:type="resource" xlink:label="label_s2c_x52" xml:lang="en" xlink:role="http://www.xbrl.org/2003/role/label">Variation</link:label>
    <link:labelArc xlink:type="arc" xlink:arcrole="http://www.xbrl.org/2003/arcrole/concept-label" xlink:from="loc_s2c_x52" xlink:to="label_s2c_x52" />
    <link:loc xlink:type="locator" xlink:href="mem.xsd#s2c_x53" xlink:label="loc_s2c_x53" />
    <link:label xlink:type="resource" xlink:label="label_s2c_x53" xml:lang="en" xlink:role="http://www.xbrl.org/2003/role/label">Variation due to changes in economic environment</link:label>
    <link:labelArc xlink:type="arc" xlink:arcrole="http://www.xbrl.org/2003/arcrole/concept-label" xlink:from="loc_s2c_x53" xlink:to="label_s2c_x53" />
    <link:loc xlink:type="locator" xlink:href="mem.xsd#s2c_x54" xlink:label="loc_s2c_x54" />
    <link:label xlink:type="resource" xlink:label="label_s2c_x54" xml:lang="en" xlink:role="http://www.xbrl.org/2003/role/label">Variation due to changes in non economic assumptions</link:label>
    <link:labelArc xlink:type="arc" xlink:arcrole="http://www.xbrl.org/2003/arcrole/concept-label" xlink:from="loc_s2c_x54" xlink:to="label_s2c_x54" />
    <link:loc xlink:type="locator" xlink:href="mem.xsd#s2c_x55" xlink:label="loc_s2c_x55" />
    <link:label xlink:type="resource" xlink:label="label_s2c_x55" xml:lang="en" xlink:role="http://www.xbrl.org/2003/role/label">Variation due to experience and other sources</link:label>
    <link:labelArc xlink:type="arc" xlink:arcrole="http://www.xbrl.org/2003/arcrole/concept-label" xlink:from="loc_s2c_x55" xlink:to="label_s2c_x55" />
    <link:loc xlink:type="locator" xlink:href="mem.xsd#s2c_x56" xlink:label="loc_s2c_x56" />
    <link:label xlink:type="resource" xlink:label="label_s2c_x56" xml:lang="en" xlink:role="http://www.xbrl.org/2003/role/label">Variation due to unwinding of discount rate</link:label>
    <link:labelArc xlink:type="arc" xlink:arcrole="http://www.xbrl.org/2003/arcrole/concept-label" xlink:from="loc_s2c_x56" xlink:to="label_s2c_x56" />
    <link:loc xlink:type="locator" xlink:href="mem.xsd#s2c_x57" xlink:label="loc_s2c_x57" />
    <link:label xlink:type="resource" xlink:label="label_s2c_x57" xml:lang="en" xlink:role="http://www.xbrl.org/2003/role/label">Variation due to year N projected in and out flows</link:label>
    <link:labelArc xlink:type="arc" xlink:arcrole="http://www.xbrl.org/2003/arcrole/concept-label" xlink:from="loc_s2c_x57" xlink:to="label_s2c_x57" />
    <link:loc xlink:type="locator" xlink:href="mem.xsd#s2c_x66" xlink:label="loc_s2c_x66" />
    <link:label xlink:type="resource" xlink:label="label_s2c_x66" xml:lang="en" xlink:role="http://www.xbrl.org/2003/role/label">Variation due to experience</link:label>
    <link:labelArc xlink:type="arc" xlink:arcrole="http://www.xbrl.org/2003/arcrole/concept-label" xlink:from="loc_s2c_x66" xlink:to="label_s2c_x66" />
    <link:loc xlink:type="locator" xlink:href="mem.xsd#s2c_x67" xlink:label="loc_s2c_x67" />
    <link:label xlink:type="resource" xlink:label="label_s2c_x67" xml:lang="en" xlink:role="http://www.xbrl.org/2003/role/label">Other changes not elsewhere explained</link:label>
    <link:labelArc xlink:type="arc" xlink:arcrole="http://www.xbrl.org/2003/arcrole/concept-label" xlink:from="loc_s2c_x67" xlink:to="label_s2c_x67" />
  </link:labelLink>
  <link:roleRef roleURI="http://eiopa.europa.eu/xbrl/s2c/role/dict/dom/VM/9" xlink:type="simple" xlink:href="hier.xsd#s2c_9" />
  <link:labelLink xlink:type="extended" xlink:role="http://eiopa.europa.eu/xbrl/s2c/role/dict/dom/VM/9">
    <link:loc xlink:type="locator" xlink:href="mem.xsd#s2c_x0" xlink:label="loc_s2c_x0" />
    <link:label xlink:type="resource" xlink:label="label_s2c_x0" xml:lang="en" xlink:role="http://www.xbrl.org/2003/role/label">Total/NA</link:label>
    <link:labelArc xlink:type="arc" xlink:arcrole="http://www.xbrl.org/2003/arcrole/concept-label" xlink:from="loc_s2c_x0" xlink:to="label_s2c_x0" />
    <link:loc xlink:type="locator" xlink:href="mem.xsd#s2c_x10" xlink:label="loc_s2c_x10" />
    <link:label xlink:type="resource" xlink:label="label_s2c_x10" xml:lang="en" xlink:role="http://www.xbrl.org/2003/role/label">Callable on demand</link:label>
    <link:labelArc xlink:type="arc" xlink:arcrole="http://www.xbrl.org/2003/arcrole/concept-label" xlink:from="loc_s2c_x10" xlink:to="label_s2c_x10" />
    <link:loc xlink:type="locator" xlink:href="mem.xsd#s2c_x11" xlink:label="loc_s2c_x11" />
    <link:label xlink:type="resource" xlink:label="label_s2c_x11" xml:lang="en" xlink:role="http://www.xbrl.org/2003/role/label">Called up but not yet paid in</link:label>
    <link:labelArc xlink:type="arc" xlink:arcrole="http://www.xbrl.org/2003/arcrole/concept-label" xlink:from="loc_s2c_x11" xlink:to="label_s2c_x11" />
    <link:loc xlink:type="locator" xlink:href="mem.xsd#s2c_x41" xlink:label="loc_s2c_x41" />
    <link:label xlink:type="resource" xlink:label="label_s2c_x41" xml:lang="en" xlink:role="http://www.xbrl.org/2003/role/label">Paid in</link:label>
    <link:labelArc xlink:type="arc" xlink:arcrole="http://www.xbrl.org/2003/arcrole/concept-label" xlink:from="loc_s2c_x41" xlink:to="label_s2c_x41" />
  </link:labelLink>
  <link:roleRef roleURI="http://eiopa.europa.eu/xbrl/s2c/role/dict/dom/VM/10" xlink:type="simple" xlink:href="hier.xsd#s2c_10" />
  <link:labelLink xlink:type="extended" xlink:role="http://eiopa.europa.eu/xbrl/s2c/role/dict/dom/VM/10">
    <link:loc xlink:type="locator" xlink:href="mem.xsd#s2c_x0" xlink:label="loc_s2c_x0" />
    <link:label xlink:type="resource" xlink:label="label_s2c_x0" xml:lang="en" xlink:role="http://www.xbrl.org/2003/role/label">Total/NA</link:label>
    <link:labelArc xlink:type="arc" xlink:arcrole="http://www.xbrl.org/2003/arcrole/concept-label" xlink:from="loc_s2c_x0" xlink:to="label_s2c_x0" />
    <link:loc xlink:type="locator" xlink:href="mem.xsd#s2c_x16" xlink:label="loc_s2c_x16" />
    <link:label xlink:type="resource" xlink:label="label_s2c_x16" xml:lang="en" xlink:role="http://www.xbrl.org/2003/role/label">Dated</link:label>
    <link:labelArc xlink:type="arc" xlink:arcrole="http://www.xbrl.org/2003/arcrole/concept-label" xlink:from="loc_s2c_x16" xlink:to="label_s2c_x16" />
    <link:loc xlink:type="locator" xlink:href="mem.xsd#s2c_x49" xlink:label="loc_s2c_x49" />
    <link:label xlink:type="resource" xlink:label="label_s2c_x49" xml:lang="en" xlink:role="http://www.xbrl.org/2003/role/label">Undated</link:label>
    <link:labelArc xlink:type="arc" xlink:arcrole="http://www.xbrl.org/2003/arcrole/concept-label" xlink:from="loc_s2c_x49" xlink:to="label_s2c_x49" />
    <link:loc xlink:type="locator" xlink:href="mem.xsd#s2c_x50" xlink:label="loc_s2c_x50" />
    <link:label xlink:type="resource" xlink:label="label_s2c_x50" xml:lang="en" xlink:role="http://www.xbrl.org/2003/role/label">Undated with a call option</link:label>
    <link:labelArc xlink:type="arc" xlink:arcrole="http://www.xbrl.org/2003/arcrole/concept-label" xlink:from="loc_s2c_x50" xlink:to="label_s2c_x50" />
    <link:loc xlink:type="locator" xlink:href="mem.xsd#s2c_x51" xlink:label="loc_s2c_x51" />
    <link:label xlink:type="resource" xlink:label="label_s2c_x51" xml:lang="en" xlink:role="http://www.xbrl.org/2003/role/label">Undated with no contractual opportunity to redeem</link:label>
    <link:labelArc xlink:type="arc" xlink:arcrole="http://www.xbrl.org/2003/arcrole/concept-label" xlink:from="loc_s2c_x51" xlink:to="label_s2c_x51" />
  </link:labelLink>
  <link:roleRef roleURI="http://eiopa.europa.eu/xbrl/s2c/role/dict/dom/VM/11" xlink:type="simple" xlink:href="hier.xsd#s2c_11" />
  <link:labelLink xlink:type="extended" xlink:role="http://eiopa.europa.eu/xbrl/s2c/role/dict/dom/VM/11">
    <link:loc xlink:type="locator" xlink:href="mem.xsd#s2c_x0" xlink:label="loc_s2c_x0" />
    <link:label xlink:type="resource" xlink:label="label_s2c_x0" xml:lang="en" xlink:role="http://www.xbrl.org/2003/role/label">Total/NA</link:label>
    <link:labelArc xlink:type="arc" xlink:arcrole="http://www.xbrl.org/2003/arcrole/concept-label" xlink:from="loc_s2c_x0" xlink:to="label_s2c_x0" />
    <link:loc xlink:type="locator" xlink:href="mem.xsd#s2c_x40" xlink:label="loc_s2c_x40" />
    <link:label xlink:type="resource" xlink:label="label_s2c_x40" xml:lang="en" xlink:role="http://www.xbrl.org/2003/role/label">Other variation</link:label>
    <link:labelArc xlink:type="arc" xlink:arcrole="http://www.xbrl.org/2003/arcrole/concept-label" xlink:from="loc_s2c_x40" xlink:to="label_s2c_x40" />
    <link:loc xlink:type="locator" xlink:href="mem.xsd#s2c_x58" xlink:label="loc_s2c_x58" />
    <link:label xlink:type="resource" xlink:label="label_s2c_x58" xml:lang="en" xlink:role="http://www.xbrl.org/2003/role/label">Variation explained by capital basic own fund items and other items approved</link:label>
    <link:labelArc xlink:type="arc" xlink:arcrole="http://www.xbrl.org/2003/arcrole/concept-label" xlink:from="loc_s2c_x58" xlink:to="label_s2c_x58" />
    <link:loc xlink:type="locator" xlink:href="mem.xsd#s2c_x59" xlink:label="loc_s2c_x59" />
    <link:label xlink:type="resource" xlink:label="label_s2c_x59" xml:lang="en" xlink:role="http://www.xbrl.org/2003/role/label">Variation explained by deferred tax position</link:label>
    <link:labelArc xlink:type="arc" xlink:arcrole="http://www.xbrl.org/2003/arcrole/concept-label" xlink:from="loc_s2c_x59" xlink:to="label_s2c_x59" />
    <link:loc xlink:type="locator" xlink:href="mem.xsd#s2c_x60" xlink:label="loc_s2c_x60" />
    <link:label xlink:type="resource" xlink:label="label_s2c_x60" xml:lang="en" xlink:role="http://www.xbrl.org/2003/role/label">Variation explained by dividend distribution</link:label>
    <link:labelArc xlink:type="arc" xlink:arcrole="http://www.xbrl.org/2003/arcrole/concept-label" xlink:from="loc_s2c_x60" xlink:to="label_s2c_x60" />
    <link:loc xlink:type="locator" xlink:href="mem.xsd#s2c_x61" xlink:label="loc_s2c_x61" />
    <link:label xlink:type="resource" xlink:label="label_s2c_x61" xml:lang="en" xlink:role="http://www.xbrl.org/2003/role/label">Variation explained by income tax [not deferred]</link:label>
    <link:labelArc xlink:type="arc" xlink:arcrole="http://www.xbrl.org/2003/arcrole/concept-label" xlink:from="loc_s2c_x61" xlink:to="label_s2c_x61" />
    <link:loc xlink:type="locator" xlink:href="mem.xsd#s2c_x62" xlink:label="loc_s2c_x62" />
    <link:label xlink:type="resource" xlink:label="label_s2c_x62" xml:lang="en" xlink:role="http://www.xbrl.org/2003/role/label">Variation explained by investments and financial liabilities management</link:label>
    <link:labelArc xlink:type="arc" xlink:arcrole="http://www.xbrl.org/2003/arcrole/concept-label" xlink:from="loc_s2c_x62" xlink:to="label_s2c_x62" />
    <link:loc xlink:type="locator" xlink:href="mem.xsd#s2c_x63" xlink:label="loc_s2c_x63" />
    <link:label xlink:type="resource" xlink:label="label_s2c_x63" xml:lang="en" xlink:role="http://www.xbrl.org/2003/role/label">Variation explained by technical provisions</link:label>
    <link:labelArc xlink:type="arc" xlink:arcrole="http://www.xbrl.org/2003/arcrole/concept-label" xlink:from="loc_s2c_x63" xlink:to="label_s2c_x63" />
    <link:loc xlink:type="locator" xlink:href="mem.xsd#s2c_x95" xlink:label="loc_s2c_x95" />
    <link:label xlink:type="resource" xlink:label="label_s2c_x95" xml:lang="en" xlink:role="http://www.xbrl.org/2003/role/label">Variation explained by investments and financial liabilities management excluding valuation movements on own shares</link:label>
    <link:labelArc xlink:type="arc" xlink:arcrole="http://www.xbrl.org/2003/arcrole/concept-label" xlink:from="loc_s2c_x95" xlink:to="label_s2c_x95" />
    <link:loc xlink:type="locator" xlink:href="mem.xsd#s2c_x96" xlink:label="loc_s2c_x96" />
    <link:label xlink:type="resource" xlink:label="label_s2c_x96" xml:lang="en" xlink:role="http://www.xbrl.org/2003/role/label">Variation explained by investments and financial liabilities management including valuation movements on own shares</link:label>
    <link:labelArc xlink:type="arc" xlink:arcrole="http://www.xbrl.org/2003/arcrole/concept-label" xlink:from="loc_s2c_x96" xlink:to="label_s2c_x96" />
  </link:labelLink>
  <link:roleRef roleURI="http://eiopa.europa.eu/xbrl/s2c/role/dict/dom/VM/12" xlink:type="simple" xlink:href="hier.xsd#s2c_12" />
  <link:labelLink xlink:type="extended" xlink:role="http://eiopa.europa.eu/xbrl/s2c/role/dict/dom/VM/12">
    <link:loc xlink:type="locator" xlink:href="mem.xsd#s2c_x0" xlink:label="loc_s2c_x0" />
    <link:label xlink:type="resource" xlink:label="label_s2c_x0" xml:lang="en" xlink:role="http://www.xbrl.org/2003/role/label">Total/NA</link:label>
    <link:labelArc xlink:type="arc" xlink:arcrole="http://www.xbrl.org/2003/arcrole/concept-label" xlink:from="loc_s2c_x0" xlink:to="label_s2c_x0" />
    <link:loc xlink:type="locator" xlink:href="mem.xsd#s2c_x13" xlink:label="loc_s2c_x13" />
    <link:label xlink:type="resource" xlink:label="label_s2c_x13" xml:lang="en" xlink:role="http://www.xbrl.org/2003/role/label">Capital add-on</link:label>
    <link:labelArc xlink:type="arc" xlink:arcrole="http://www.xbrl.org/2003/arcrole/concept-label" xlink:from="loc_s2c_x13" xlink:to="label_s2c_x13" />
    <link:loc xlink:type="locator" xlink:href="mem.xsd#s2c_x14" xlink:label="loc_s2c_x14" />
    <link:label xlink:type="resource" xlink:label="label_s2c_x14" xml:lang="en" xlink:role="http://www.xbrl.org/2003/role/label">Capital requirement for business operated in accordance with Art. 4 of Directive 2003/41/EC [transitional]</link:label>
    <link:labelArc xlink:type="arc" xlink:arcrole="http://www.xbrl.org/2003/arcrole/concept-label" xlink:from="loc_s2c_x14" xlink:to="label_s2c_x14" />
    <link:loc xlink:type="locator" xlink:href="mem.xsd#s2c_x20" xlink:label="loc_s2c_x20" />
    <link:label xlink:type="resource" xlink:label="label_s2c_x20" xml:lang="en" xlink:role="http://www.xbrl.org/2003/role/label">Excluding the loss-absorbing capacity of technical provisions</link:label>
    <link:labelArc xlink:type="arc" xlink:arcrole="http://www.xbrl.org/2003/arcrole/concept-label" xlink:from="loc_s2c_x20" xlink:to="label_s2c_x20" />
    <link:loc xlink:type="locator" xlink:href="mem.xsd#s2c_x23" xlink:label="loc_s2c_x23" />
    <link:label xlink:type="resource" xlink:label="label_s2c_x23" xml:lang="en" xlink:role="http://www.xbrl.org/2003/role/label">Including the loss-absorbing capacity of technical provisions</link:label>
    <link:labelArc xlink:type="arc" xlink:arcrole="http://www.xbrl.org/2003/arcrole/concept-label" xlink:from="loc_s2c_x23" xlink:to="label_s2c_x23" />
    <link:loc xlink:type="locator" xlink:href="mem.xsd#s2c_x24" xlink:label="loc_s2c_x24" />
    <link:label xlink:type="resource" xlink:label="label_s2c_x24" xml:lang="en" xlink:role="http://www.xbrl.org/2003/role/label">Including the loss-absorbing capacity of technical provisions and deferred taxes</link:label>
    <link:labelArc xlink:type="arc" xlink:arcrole="http://www.xbrl.org/2003/arcrole/concept-label" xlink:from="loc_s2c_x24" xlink:to="label_s2c_x24" />
    <link:loc xlink:type="locator" xlink:href="mem.xsd#s2c_x28" xlink:label="loc_s2c_x28" />
    <link:label xlink:type="resource" xlink:label="label_s2c_x28" xml:lang="en" xlink:role="http://www.xbrl.org/2003/role/label">Loss-absorbing capacity of deferred taxes</link:label>
    <link:labelArc xlink:type="arc" xlink:arcrole="http://www.xbrl.org/2003/arcrole/concept-label" xlink:from="loc_s2c_x28" xlink:to="label_s2c_x28" />
    <link:loc xlink:type="locator" xlink:href="mem.xsd#s2c_x32" xlink:label="loc_s2c_x32" />
    <link:label xlink:type="resource" xlink:label="label_s2c_x32" xml:lang="en" xlink:role="http://www.xbrl.org/2003/role/label">Loss-absorbing capacity of technical provisions</link:label>
    <link:labelArc xlink:type="arc" xlink:arcrole="http://www.xbrl.org/2003/arcrole/concept-label" xlink:from="loc_s2c_x32" xlink:to="label_s2c_x32" />
    <link:loc xlink:type="locator" xlink:href="mem.xsd#s2c_x48" xlink:label="loc_s2c_x48" />
    <link:label xlink:type="resource" xlink:label="label_s2c_x48" xml:lang="en" xlink:role="http://www.xbrl.org/2003/role/label">SCR before capital add-on</link:label>
    <link:labelArc xlink:type="arc" xlink:arcrole="http://www.xbrl.org/2003/arcrole/concept-label" xlink:from="loc_s2c_x48" xlink:to="label_s2c_x48" />
    <link:loc xlink:type="locator" xlink:href="mem.xsd#s2c_x91" xlink:label="loc_s2c_x91" />
    <link:label xlink:type="resource" xlink:label="label_s2c_x91" xml:lang="en" xlink:role="http://www.xbrl.org/2003/role/label">Loss-absorbing capacity of deferred taxes justified by reversion of deferred tax liabilities</link:label>
    <link:labelArc xlink:type="arc" xlink:arcrole="http://www.xbrl.org/2003/arcrole/concept-label" xlink:from="loc_s2c_x91" xlink:to="label_s2c_x91" />
    <link:loc xlink:type="locator" xlink:href="mem.xsd#s2c_x92" xlink:label="loc_s2c_x92" />
    <link:label xlink:type="resource" xlink:label="label_s2c_x92" xml:lang="en" xlink:role="http://www.xbrl.org/2003/role/label">Loss-absorbing capacity of deferred taxes justified by reference to probable future taxable economic profit</link:label>
    <link:labelArc xlink:type="arc" xlink:arcrole="http://www.xbrl.org/2003/arcrole/concept-label" xlink:from="loc_s2c_x92" xlink:to="label_s2c_x92" />
    <link:loc xlink:type="locator" xlink:href="mem.xsd#s2c_x93" xlink:label="loc_s2c_x93" />
    <link:label xlink:type="resource" xlink:label="label_s2c_x93" xml:lang="en" xlink:role="http://www.xbrl.org/2003/role/label">Loss-absorbing capacity of deferred taxes justified by carry back, current year</link:label>
    <link:labelArc xlink:type="arc" xlink:arcrole="http://www.xbrl.org/2003/arcrole/concept-label" xlink:from="loc_s2c_x93" xlink:to="label_s2c_x93" />
    <link:loc xlink:type="locator" xlink:href="mem.xsd#s2c_x94" xlink:label="loc_s2c_x94" />
    <link:label xlink:type="resource" xlink:label="label_s2c_x94" xml:lang="en" xlink:role="http://www.xbrl.org/2003/role/label">Loss-absorbing capacity of deferred taxes justified by carry back, future years</link:label>
    <link:labelArc xlink:type="arc" xlink:arcrole="http://www.xbrl.org/2003/arcrole/concept-label" xlink:from="loc_s2c_x94" xlink:to="label_s2c_x94" />
  </link:labelLink>
  <link:roleRef roleURI="http://eiopa.europa.eu/xbrl/s2c/role/dict/dom/VM/13" xlink:type="simple" xlink:href="hier.xsd#s2c_13" />
  <link:labelLink xlink:type="extended" xlink:role="http://eiopa.europa.eu/xbrl/s2c/role/dict/dom/VM/13">
    <link:loc xlink:type="locator" xlink:href="mem.xsd#s2c_x0" xlink:label="loc_s2c_x0" />
    <link:label xlink:type="resource" xlink:label="label_s2c_x0" xml:lang="en" xlink:role="http://www.xbrl.org/2003/role/label">Total/NA</link:label>
    <link:labelArc xlink:type="arc" xlink:arcrole="http://www.xbrl.org/2003/arcrole/concept-label" xlink:from="loc_s2c_x0" xlink:to="label_s2c_x0" />
    <link:loc xlink:type="locator" xlink:href="mem.xsd#s2c_x1" xlink:label="loc_s2c_x1" />
    <link:label xlink:type="resource" xlink:label="label_s2c_x1" xml:lang="en" xlink:role="http://www.xbrl.org/2003/role/label">Adjustment for expected losses due to counterparty default</link:label>
    <link:labelArc xlink:type="arc" xlink:arcrole="http://www.xbrl.org/2003/arcrole/concept-label" xlink:from="loc_s2c_x1" xlink:to="label_s2c_x1" />
    <link:loc xlink:type="locator" xlink:href="mem.xsd#s2c_x4" xlink:label="loc_s2c_x4" />
    <link:label xlink:type="resource" xlink:label="label_s2c_x4" xml:lang="en" xlink:role="http://www.xbrl.org/2003/role/label">Before the adjustment for expected losses due to counterparty default</link:label>
    <link:labelArc xlink:type="arc" xlink:arcrole="http://www.xbrl.org/2003/arcrole/concept-label" xlink:from="loc_s2c_x4" xlink:to="label_s2c_x4" />
  </link:labelLink>
  <link:roleRef roleURI="http://eiopa.europa.eu/xbrl/s2c/role/dict/dom/VM/14" xlink:type="simple" xlink:href="hier.xsd#s2c_14" />
  <link:labelLink xlink:type="extended" xlink:role="http://eiopa.europa.eu/xbrl/s2c/role/dict/dom/VM/14">
    <link:loc xlink:type="locator" xlink:href="mem.xsd#s2c_x0" xlink:label="loc_s2c_x0" />
    <link:label xlink:type="resource" xlink:label="label_s2c_x0" xml:lang="en" xlink:role="http://www.xbrl.org/2003/role/label">Total/NA</link:label>
    <link:labelArc xlink:type="arc" xlink:arcrole="http://www.xbrl.org/2003/arcrole/concept-label" xlink:from="loc_s2c_x0" xlink:to="label_s2c_x0" />
    <link:loc xlink:type="locator" xlink:href="mem.xsd#s2c_x33" xlink:label="loc_s2c_x33" />
    <link:label xlink:type="resource" xlink:label="label_s2c_x33" xml:lang="en" xlink:role="http://www.xbrl.org/2003/role/label">Loss-absorbing capacity of technical provisions is modelled [not identifiable]</link:label>
    <link:labelArc xlink:type="arc" xlink:arcrole="http://www.xbrl.org/2003/arcrole/concept-label" xlink:from="loc_s2c_x33" xlink:to="label_s2c_x33" />
    <link:loc xlink:type="locator" xlink:href="mem.xsd#s2c_x34" xlink:label="loc_s2c_x34" />
    <link:label xlink:type="resource" xlink:label="label_s2c_x34" xml:lang="en" xlink:role="http://www.xbrl.org/2003/role/label">Loss-absorbing capacity of technical provisions is modelled [identifiable]</link:label>
    <link:labelArc xlink:type="arc" xlink:arcrole="http://www.xbrl.org/2003/arcrole/concept-label" xlink:from="loc_s2c_x34" xlink:to="label_s2c_x34" />
    <link:loc xlink:type="locator" xlink:href="mem.xsd#s2c_x35" xlink:label="loc_s2c_x35" />
    <link:label xlink:type="resource" xlink:label="label_s2c_x35" xml:lang="en" xlink:role="http://www.xbrl.org/2003/role/label">Loss-absorbing capacity of technical provisions is not modelled</link:label>
    <link:labelArc xlink:type="arc" xlink:arcrole="http://www.xbrl.org/2003/arcrole/concept-label" xlink:from="loc_s2c_x35" xlink:to="label_s2c_x35" />
  </link:labelLink>
  <link:roleRef roleURI="http://eiopa.europa.eu/xbrl/s2c/role/dict/dom/VM/15" xlink:type="simple" xlink:href="hier.xsd#s2c_15" />
  <link:labelLink xlink:type="extended" xlink:role="http://eiopa.europa.eu/xbrl/s2c/role/dict/dom/VM/15">
    <link:loc xlink:type="locator" xlink:href="mem.xsd#s2c_x0" xlink:label="loc_s2c_x0" />
    <link:label xlink:type="resource" xlink:label="label_s2c_x0" xml:lang="en" xlink:role="http://www.xbrl.org/2003/role/label">Total/NA</link:label>
    <link:labelArc xlink:type="arc" xlink:arcrole="http://www.xbrl.org/2003/arcrole/concept-label" xlink:from="loc_s2c_x0" xlink:to="label_s2c_x0" />
    <link:loc xlink:type="locator" xlink:href="mem.xsd#s2c_x29" xlink:label="loc_s2c_x29" />
    <link:label xlink:type="resource" xlink:label="label_s2c_x29" xml:lang="en" xlink:role="http://www.xbrl.org/2003/role/label">Loss-absorbing capacity of deferred taxes is modelled [not identifiable]</link:label>
    <link:labelArc xlink:type="arc" xlink:arcrole="http://www.xbrl.org/2003/arcrole/concept-label" xlink:from="loc_s2c_x29" xlink:to="label_s2c_x29" />
    <link:loc xlink:type="locator" xlink:href="mem.xsd#s2c_x30" xlink:label="loc_s2c_x30" />
    <link:label xlink:type="resource" xlink:label="label_s2c_x30" xml:lang="en" xlink:role="http://www.xbrl.org/2003/role/label">Loss-absorbing capacity of deferred taxes is modelled [identifiable]</link:label>
    <link:labelArc xlink:type="arc" xlink:arcrole="http://www.xbrl.org/2003/arcrole/concept-label" xlink:from="loc_s2c_x30" xlink:to="label_s2c_x30" />
    <link:loc xlink:type="locator" xlink:href="mem.xsd#s2c_x31" xlink:label="loc_s2c_x31" />
    <link:label xlink:type="resource" xlink:label="label_s2c_x31" xml:lang="en" xlink:role="http://www.xbrl.org/2003/role/label">Loss-absorbing capacity of deferred taxes is not modelled</link:label>
    <link:labelArc xlink:type="arc" xlink:arcrole="http://www.xbrl.org/2003/arcrole/concept-label" xlink:from="loc_s2c_x31" xlink:to="label_s2c_x31" />
  </link:labelLink>
  <link:roleRef roleURI="http://eiopa.europa.eu/xbrl/s2c/role/dict/dom/VM/16" xlink:type="simple" xlink:href="hier.xsd#s2c_16" />
  <link:labelLink xlink:type="extended" xlink:role="http://eiopa.europa.eu/xbrl/s2c/role/dict/dom/VM/16">
    <link:loc xlink:type="locator" xlink:href="mem.xsd#s2c_x0" xlink:label="loc_s2c_x0" />
    <link:label xlink:type="resource" xlink:label="label_s2c_x0" xml:lang="en" xlink:role="http://www.xbrl.org/2003/role/label">Total/NA</link:label>
    <link:labelArc xlink:type="arc" xlink:arcrole="http://www.xbrl.org/2003/arcrole/concept-label" xlink:from="loc_s2c_x0" xlink:to="label_s2c_x0" />
    <link:loc xlink:type="locator" xlink:href="mem.xsd#s2c_x19" xlink:label="loc_s2c_x19" />
    <link:label xlink:type="resource" xlink:label="label_s2c_x19" xml:lang="en" xlink:role="http://www.xbrl.org/2003/role/label">Excluding intra-group transactions</link:label>
    <link:labelArc xlink:type="arc" xlink:arcrole="http://www.xbrl.org/2003/arcrole/concept-label" xlink:from="loc_s2c_x19" xlink:to="label_s2c_x19" />
    <link:loc xlink:type="locator" xlink:href="mem.xsd#s2c_x26" xlink:label="loc_s2c_x26" />
    <link:label xlink:type="resource" xlink:label="label_s2c_x26" xml:lang="en" xlink:role="http://www.xbrl.org/2003/role/label">Intragroup transactions</link:label>
    <link:labelArc xlink:type="arc" xlink:arcrole="http://www.xbrl.org/2003/arcrole/concept-label" xlink:from="loc_s2c_x26" xlink:to="label_s2c_x26" />
  </link:labelLink>
  <link:roleRef roleURI="http://eiopa.europa.eu/xbrl/s2c/role/dict/dom/VM/17" xlink:type="simple" xlink:href="hier.xsd#s2c_17" />
  <link:labelLink xlink:type="extended" xlink:role="http://eiopa.europa.eu/xbrl/s2c/role/dict/dom/VM/17">
    <link:loc xlink:type="locator" xlink:href="mem.xsd#s2c_x0" xlink:label="loc_s2c_x0" />
    <link:label xlink:type="resource" xlink:label="label_s2c_x0" xml:lang="en" xlink:role="http://www.xbrl.org/2003/role/label">Total/NA</link:label>
    <link:labelArc xlink:type="arc" xlink:arcrole="http://www.xbrl.org/2003/arcrole/concept-label" xlink:from="loc_s2c_x0" xlink:to="label_s2c_x0" />
    <link:loc xlink:type="locator" xlink:href="mem.xsd#s2c_x64" xlink:label="loc_s2c_x64" />
    <link:label xlink:type="resource" xlink:label="label_s2c_x64" xml:lang="en" xlink:role="http://www.xbrl.org/2003/role/label">Amount before transitional on Technical Provisions</link:label>
    <link:labelArc xlink:type="arc" xlink:arcrole="http://www.xbrl.org/2003/arcrole/concept-label" xlink:from="loc_s2c_x64" xlink:to="label_s2c_x64" />
    <link:loc xlink:type="locator" xlink:href="mem.xsd#s2c_x65" xlink:label="loc_s2c_x65" />
    <link:label xlink:type="resource" xlink:label="label_s2c_x65" xml:lang="en" xlink:role="http://www.xbrl.org/2003/role/label">Amount of the transitional on Technical Provisions</link:label>
    <link:labelArc xlink:type="arc" xlink:arcrole="http://www.xbrl.org/2003/arcrole/concept-label" xlink:from="loc_s2c_x65" xlink:to="label_s2c_x65" />
    <link:loc xlink:type="locator" xlink:href="mem.xsd#s2c_x76" xlink:label="loc_s2c_x76" />
    <link:label xlink:type="resource" xlink:label="label_s2c_x76" xml:lang="en" xlink:role="http://www.xbrl.org/2003/role/label">Amount before transitional on Technical Provisions [for TP subject to transitional adjustment]</link:label>
    <link:labelArc xlink:type="arc" xlink:arcrole="http://www.xbrl.org/2003/arcrole/concept-label" xlink:from="loc_s2c_x76" xlink:to="label_s2c_x76" />
    <link:loc xlink:type="locator" xlink:href="mem.xsd#s2c_x77" xlink:label="loc_s2c_x77" />
    <link:label xlink:type="resource" xlink:label="label_s2c_x77" xml:lang="en" xlink:role="http://www.xbrl.org/2003/role/label">Amount before transitional on Technical Provisions [for TP not subject to transitional adjustment]</link:label>
    <link:labelArc xlink:type="arc" xlink:arcrole="http://www.xbrl.org/2003/arcrole/concept-label" xlink:from="loc_s2c_x77" xlink:to="label_s2c_x77" />
  </link:labelLink>
  <link:roleRef roleURI="http://eiopa.europa.eu/xbrl/s2c/role/dict/dom/VM/18" xlink:type="simple" xlink:href="hier.xsd#s2c_18" />
  <link:labelLink xlink:type="extended" xlink:role="http://eiopa.europa.eu/xbrl/s2c/role/dict/dom/VM/18">
    <link:loc xlink:type="locator" xlink:href="mem.xsd#s2c_x0" xlink:label="loc_s2c_x0" />
    <link:label xlink:type="resource" xlink:label="label_s2c_x0" xml:lang="en" xlink:role="http://www.xbrl.org/2003/role/label">Total/NA</link:label>
    <link:labelArc xlink:type="arc" xlink:arcrole="http://www.xbrl.org/2003/arcrole/concept-label" xlink:from="loc_s2c_x0" xlink:to="label_s2c_x0" />
    <link:loc xlink:type="locator" xlink:href="mem.xsd#s2c_x68" xlink:label="loc_s2c_x68" />
    <link:label xlink:type="resource" xlink:label="label_s2c_x68" xml:lang="en" xlink:role="http://www.xbrl.org/2003/role/label">Amount before matching adjustment and without all the others</link:label>
    <link:labelArc xlink:type="arc" xlink:arcrole="http://www.xbrl.org/2003/arcrole/concept-label" xlink:from="loc_s2c_x68" xlink:to="label_s2c_x68" />
    <link:loc xlink:type="locator" xlink:href="mem.xsd#s2c_x69" xlink:label="loc_s2c_x69" />
    <link:label xlink:type="resource" xlink:label="label_s2c_x69" xml:lang="en" xlink:role="http://www.xbrl.org/2003/role/label">Amount before volatility adjustment and without others transitional measures</link:label>
    <link:labelArc xlink:type="arc" xlink:arcrole="http://www.xbrl.org/2003/arcrole/concept-label" xlink:from="loc_s2c_x69" xlink:to="label_s2c_x69" />
    <link:loc xlink:type="locator" xlink:href="mem.xsd#s2c_x70" xlink:label="loc_s2c_x70" />
    <link:label xlink:type="resource" xlink:label="label_s2c_x70" xml:lang="en" xlink:role="http://www.xbrl.org/2003/role/label">Amount of volatility adjustment set to zero</link:label>
    <link:labelArc xlink:type="arc" xlink:arcrole="http://www.xbrl.org/2003/arcrole/concept-label" xlink:from="loc_s2c_x70" xlink:to="label_s2c_x70" />
    <link:loc xlink:type="locator" xlink:href="mem.xsd#s2c_x71" xlink:label="loc_s2c_x71" />
    <link:label xlink:type="resource" xlink:label="label_s2c_x71" xml:lang="en" xlink:role="http://www.xbrl.org/2003/role/label">Amount of matching adjustment set to zero</link:label>
    <link:labelArc xlink:type="arc" xlink:arcrole="http://www.xbrl.org/2003/arcrole/concept-label" xlink:from="loc_s2c_x71" xlink:to="label_s2c_x71" />
    <link:loc xlink:type="locator" xlink:href="mem.xsd#s2c_x72" xlink:label="loc_s2c_x72" />
    <link:label xlink:type="resource" xlink:label="label_s2c_x72" xml:lang="en" xlink:role="http://www.xbrl.org/2003/role/label">Amount of all LTG/transitional measures</link:label>
    <link:labelArc xlink:type="arc" xlink:arcrole="http://www.xbrl.org/2003/arcrole/concept-label" xlink:from="loc_s2c_x72" xlink:to="label_s2c_x72" />
  </link:labelLink>
  <link:roleRef roleURI="http://eiopa.europa.eu/xbrl/s2c/role/dict/dom/VM/19" xlink:type="simple" xlink:href="hier.xsd#s2c_19" />
  <link:labelLink xlink:type="extended" xlink:role="http://eiopa.europa.eu/xbrl/s2c/role/dict/dom/VM/19">
    <link:loc xlink:type="locator" xlink:href="mem.xsd#s2c_x0" xlink:label="loc_s2c_x0" />
    <link:label xlink:type="resource" xlink:label="label_s2c_x0" xml:lang="en" xlink:role="http://www.xbrl.org/2003/role/label">Total/NA</link:label>
    <link:labelArc xlink:type="arc" xlink:arcrole="http://www.xbrl.org/2003/arcrole/concept-label" xlink:from="loc_s2c_x0" xlink:to="label_s2c_x0" />
    <link:loc xlink:type="locator" xlink:href="mem.xsd#s2c_x73" xlink:label="loc_s2c_x73" />
    <link:label xlink:type="resource" xlink:label="label_s2c_x73" xml:lang="en" xlink:role="http://www.xbrl.org/2003/role/label">Amount before transitional on interest rate</link:label>
    <link:labelArc xlink:type="arc" xlink:arcrole="http://www.xbrl.org/2003/arcrole/concept-label" xlink:from="loc_s2c_x73" xlink:to="label_s2c_x73" />
    <link:loc xlink:type="locator" xlink:href="mem.xsd#s2c_x74" xlink:label="loc_s2c_x74" />
    <link:label xlink:type="resource" xlink:label="label_s2c_x74" xml:lang="en" xlink:role="http://www.xbrl.org/2003/role/label">Amount of transitional on interest rate</link:label>
    <link:labelArc xlink:type="arc" xlink:arcrole="http://www.xbrl.org/2003/arcrole/concept-label" xlink:from="loc_s2c_x74" xlink:to="label_s2c_x74" />
  </link:labelLink>
  <link:roleRef roleURI="http://eiopa.europa.eu/xbrl/s2c/role/dict/dom/VM/20" xlink:type="simple" xlink:href="hier.xsd#s2c_20" />
  <link:labelLink xlink:type="extended" xlink:role="http://eiopa.europa.eu/xbrl/s2c/role/dict/dom/VM/20">
    <link:loc xlink:type="locator" xlink:href="mem.xsd#s2c_x0" xlink:label="loc_s2c_x0" />
    <link:label xlink:type="resource" xlink:label="label_s2c_x0" xml:lang="en" xlink:role="http://www.xbrl.org/2003/role/label">Total/NA</link:label>
    <link:labelArc xlink:type="arc" xlink:arcrole="http://www.xbrl.org/2003/arcrole/concept-label" xlink:from="loc_s2c_x0" xlink:to="label_s2c_x0" />
    <link:loc xlink:type="locator" xlink:href="mem.xsd#s2c_x65" xlink:label="loc_s2c_x65" />
    <link:label xlink:type="resource" xlink:label="label_s2c_x65" xml:lang="en" xlink:role="http://www.xbrl.org/2003/role/label">Amount of the transitional on Technical Provisions</link:label>
    <link:labelArc xlink:type="arc" xlink:arcrole="http://www.xbrl.org/2003/arcrole/concept-label" xlink:from="loc_s2c_x65" xlink:to="label_s2c_x65" />
    <link:loc xlink:type="locator" xlink:href="mem.xsd#s2c_x75" xlink:label="loc_s2c_x75" />
    <link:label xlink:type="resource" xlink:label="label_s2c_x75" xml:lang="en" xlink:role="http://www.xbrl.org/2003/role/label">Amount after transitional on Technical Provisions [for TP subject to transitional adjustment]</link:label>
    <link:labelArc xlink:type="arc" xlink:arcrole="http://www.xbrl.org/2003/arcrole/concept-label" xlink:from="loc_s2c_x75" xlink:to="label_s2c_x75" />
    <link:loc xlink:type="locator" xlink:href="mem.xsd#s2c_x76" xlink:label="loc_s2c_x76" />
    <link:label xlink:type="resource" xlink:label="label_s2c_x76" xml:lang="en" xlink:role="http://www.xbrl.org/2003/role/label">Amount before transitional on Technical Provisions [for TP subject to transitional adjustment]</link:label>
    <link:labelArc xlink:type="arc" xlink:arcrole="http://www.xbrl.org/2003/arcrole/concept-label" xlink:from="loc_s2c_x76" xlink:to="label_s2c_x76" />
    <link:loc xlink:type="locator" xlink:href="mem.xsd#s2c_x85" xlink:label="loc_s2c_x85" />
    <link:label xlink:type="resource" xlink:label="label_s2c_x85" xml:lang="en" xlink:role="http://www.xbrl.org/2003/role/label">Amount after transitional on Technical Provisions [for TP not subject to transitional adjustment]</link:label>
    <link:labelArc xlink:type="arc" xlink:arcrole="http://www.xbrl.org/2003/arcrole/concept-label" xlink:from="loc_s2c_x85" xlink:to="label_s2c_x85" />
  </link:labelLink>
  <link:roleRef roleURI="http://eiopa.europa.eu/xbrl/s2c/role/dict/dom/VM/21" xlink:type="simple" xlink:href="hier.xsd#s2c_21" />
  <link:labelLink xlink:type="extended" xlink:role="http://eiopa.europa.eu/xbrl/s2c/role/dict/dom/VM/21">
    <link:loc xlink:type="locator" xlink:href="mem.xsd#s2c_x0" xlink:label="loc_s2c_x0" />
    <link:label xlink:type="resource" xlink:label="label_s2c_x0" xml:lang="en" xlink:role="http://www.xbrl.org/2003/role/label">Total/NA</link:label>
    <link:labelArc xlink:type="arc" xlink:arcrole="http://www.xbrl.org/2003/arcrole/concept-label" xlink:from="loc_s2c_x0" xlink:to="label_s2c_x0" />
    <link:loc xlink:type="locator" xlink:href="mem.xsd#s2c_x78" xlink:label="loc_s2c_x78" />
    <link:label xlink:type="resource" xlink:label="label_s2c_x78" xml:lang="en" xlink:role="http://www.xbrl.org/2003/role/label">Amount of technical provisions subject to transitional on risk free rate</link:label>
    <link:labelArc xlink:type="arc" xlink:arcrole="http://www.xbrl.org/2003/arcrole/concept-label" xlink:from="loc_s2c_x78" xlink:to="label_s2c_x78" />
    <link:loc xlink:type="locator" xlink:href="mem.xsd#s2c_x79" xlink:label="loc_s2c_x79" />
    <link:label xlink:type="resource" xlink:label="label_s2c_x79" xml:lang="en" xlink:role="http://www.xbrl.org/2003/role/label">Amount of technical provisions subject to volatility adjustment</link:label>
    <link:labelArc xlink:type="arc" xlink:arcrole="http://www.xbrl.org/2003/arcrole/concept-label" xlink:from="loc_s2c_x79" xlink:to="label_s2c_x79" />
    <link:loc xlink:type="locator" xlink:href="mem.xsd#s2c_x80" xlink:label="loc_s2c_x80" />
    <link:label xlink:type="resource" xlink:label="label_s2c_x80" xml:lang="en" xlink:role="http://www.xbrl.org/2003/role/label">Amount of technical provisions subject to matching adjustment</link:label>
    <link:labelArc xlink:type="arc" xlink:arcrole="http://www.xbrl.org/2003/arcrole/concept-label" xlink:from="loc_s2c_x80" xlink:to="label_s2c_x80" />
  </link:labelLink>
  <link:roleRef roleURI="http://eiopa.europa.eu/xbrl/s2c/role/dict/dom/VM/22" xlink:type="simple" xlink:href="hier.xsd#s2c_22" />
  <link:labelLink xlink:type="extended" xlink:role="http://eiopa.europa.eu/xbrl/s2c/role/dict/dom/VM/22">
    <link:loc xlink:type="locator" xlink:href="mem.xsd#s2c_x81" xlink:label="loc_s2c_x81" />
    <link:label xlink:type="resource" xlink:label="label_s2c_x81" xml:lang="en" xlink:role="http://www.xbrl.org/2003/role/label">Asset side</link:label>
    <link:labelArc xlink:type="arc" xlink:arcrole="http://www.xbrl.org/2003/arcrole/concept-label" xlink:from="loc_s2c_x81" xlink:to="label_s2c_x81" />
    <link:loc xlink:type="locator" xlink:href="mem.xsd#s2c_x82" xlink:label="loc_s2c_x82" />
    <link:label xlink:type="resource" xlink:label="label_s2c_x82" xml:lang="en" xlink:role="http://www.xbrl.org/2003/role/label">Liability side</link:label>
    <link:labelArc xlink:type="arc" xlink:arcrole="http://www.xbrl.org/2003/arcrole/concept-label" xlink:from="loc_s2c_x82" xlink:to="label_s2c_x82" />
    <link:loc xlink:type="locator" xlink:href="mem.xsd#s2c_x83" xlink:label="loc_s2c_x83" />
    <link:label xlink:type="resource" xlink:label="label_s2c_x83" xml:lang="en" xlink:role="http://www.xbrl.org/2003/role/label">Off Balance Sheet (contingent asset)</link:label>
    <link:labelArc xlink:type="arc" xlink:arcrole="http://www.xbrl.org/2003/arcrole/concept-label" xlink:from="loc_s2c_x83" xlink:to="label_s2c_x83" />
    <link:loc xlink:type="locator" xlink:href="mem.xsd#s2c_x84" xlink:label="loc_s2c_x84" />
    <link:label xlink:type="resource" xlink:label="label_s2c_x84" xml:lang="en" xlink:role="http://www.xbrl.org/2003/role/label">Off Balance Sheet (contingent liability)</link:label>
    <link:labelArc xlink:type="arc" xlink:arcrole="http://www.xbrl.org/2003/arcrole/concept-label" xlink:from="loc_s2c_x84" xlink:to="label_s2c_x84" />
  </link:labelLink>
  <link:roleRef roleURI="http://eiopa.europa.eu/xbrl/s2c/role/dict/dom/VM/23" xlink:type="simple" xlink:href="hier.xsd#s2c_23" />
  <link:labelLink xlink:type="extended" xlink:role="http://eiopa.europa.eu/xbrl/s2c/role/dict/dom/VM/23">
    <link:loc xlink:type="locator" xlink:href="mem.xsd#s2c_x2" xlink:label="loc_s2c_x2" />
    <link:label xlink:type="resource" xlink:label="label_s2c_x2" xml:lang="en" xlink:role="http://www.xbrl.org/2003/role/label">4 - adjusted equity methods (applicable for the valuation of participations)</link:label>
    <link:labelArc xlink:type="arc" xlink:arcrole="http://www.xbrl.org/2003/arcrole/concept-label" xlink:from="loc_s2c_x2" xlink:to="label_s2c_x2" />
    <link:loc xlink:type="locator" xlink:href="mem.xsd#s2c_x3" xlink:label="loc_s2c_x3" />
    <link:label xlink:type="resource" xlink:label="label_s2c_x3" xml:lang="en" xlink:role="http://www.xbrl.org/2003/role/label">3 - alternative valuation methods</link:label>
    <link:labelArc xlink:type="arc" xlink:arcrole="http://www.xbrl.org/2003/arcrole/concept-label" xlink:from="loc_s2c_x3" xlink:to="label_s2c_x3" />
    <link:loc xlink:type="locator" xlink:href="mem.xsd#s2c_x22" xlink:label="loc_s2c_x22" />
    <link:label xlink:type="resource" xlink:label="label_s2c_x22" xml:lang="en" xlink:role="http://www.xbrl.org/2003/role/label">5 - IFRS equity methods (applicable for the valuation of participations)</link:label>
    <link:labelArc xlink:type="arc" xlink:arcrole="http://www.xbrl.org/2003/arcrole/concept-label" xlink:from="loc_s2c_x22" xlink:to="label_s2c_x22" />
    <link:loc xlink:type="locator" xlink:href="mem.xsd#s2c_x86" xlink:label="loc_s2c_x86" />
    <link:label xlink:type="resource" xlink:label="label_s2c_x86" xml:lang="en" xlink:role="http://www.xbrl.org/2003/role/label">1 - quoted market price in active markets for the same assets</link:label>
    <link:labelArc xlink:type="arc" xlink:arcrole="http://www.xbrl.org/2003/arcrole/concept-label" xlink:from="loc_s2c_x86" xlink:to="label_s2c_x86" />
    <link:loc xlink:type="locator" xlink:href="mem.xsd#s2c_x87" xlink:label="loc_s2c_x87" />
    <link:label xlink:type="resource" xlink:label="label_s2c_x87" xml:lang="en" xlink:role="http://www.xbrl.org/2003/role/label">2 - quoted market price in active markets for similar assets</link:label>
    <link:labelArc xlink:type="arc" xlink:arcrole="http://www.xbrl.org/2003/arcrole/concept-label" xlink:from="loc_s2c_x87" xlink:to="label_s2c_x87" />
    <link:loc xlink:type="locator" xlink:href="mem.xsd#s2c_x88" xlink:label="loc_s2c_x88" />
    <link:label xlink:type="resource" xlink:label="label_s2c_x88" xml:lang="en" xlink:role="http://www.xbrl.org/2003/role/label">6 - Market valuation according to article 9(4) of Delegated Regulation 2015/35</link:label>
    <link:labelArc xlink:type="arc" xlink:arcrole="http://www.xbrl.org/2003/arcrole/concept-label" xlink:from="loc_s2c_x88" xlink:to="label_s2c_x88" />
  </link:labelLink>
  <link:roleRef roleURI="http://eiopa.europa.eu/xbrl/s2c/role/dict/dom/VM/24" xlink:type="simple" xlink:href="hier.xsd#s2c_24" />
  <link:labelLink xlink:type="extended" xlink:role="http://eiopa.europa.eu/xbrl/s2c/role/dict/dom/VM/24">
    <link:loc xlink:type="locator" xlink:href="mem.xsd#s2c_x3" xlink:label="loc_s2c_x3" />
    <link:label xlink:type="resource" xlink:label="label_s2c_x3" xml:lang="en" xlink:role="http://www.xbrl.org/2003/role/label">3 - alternative valuation methods</link:label>
    <link:labelArc xlink:type="arc" xlink:arcrole="http://www.xbrl.org/2003/arcrole/concept-label" xlink:from="loc_s2c_x3" xlink:to="label_s2c_x3" />
    <link:loc xlink:type="locator" xlink:href="mem.xsd#s2c_x42" xlink:label="loc_s2c_x42" />
    <link:label xlink:type="resource" xlink:label="label_s2c_x42" xml:lang="en" xlink:role="http://www.xbrl.org/2003/role/label">2 - quoted market price in active markets for similar assets or liabilities</link:label>
    <link:labelArc xlink:type="arc" xlink:arcrole="http://www.xbrl.org/2003/arcrole/concept-label" xlink:from="loc_s2c_x42" xlink:to="label_s2c_x42" />
    <link:loc xlink:type="locator" xlink:href="mem.xsd#s2c_x43" xlink:label="loc_s2c_x43" />
    <link:label xlink:type="resource" xlink:label="label_s2c_x43" xml:lang="en" xlink:role="http://www.xbrl.org/2003/role/label">1 - quoted market price in active markets for the same assets or liabilities</link:label>
    <link:labelArc xlink:type="arc" xlink:arcrole="http://www.xbrl.org/2003/arcrole/concept-label" xlink:from="loc_s2c_x43" xlink:to="label_s2c_x43" />
    <link:loc xlink:type="locator" xlink:href="mem.xsd#s2c_x88" xlink:label="loc_s2c_x88" />
    <link:label xlink:type="resource" xlink:label="label_s2c_x88" xml:lang="en" xlink:role="http://www.xbrl.org/2003/role/label">6 - Market valuation according to article 9(4) of Delegated Regulation 2015/35</link:label>
    <link:labelArc xlink:type="arc" xlink:arcrole="http://www.xbrl.org/2003/arcrole/concept-label" xlink:from="loc_s2c_x88" xlink:to="label_s2c_x88" />
  </link:labelLink>
  <link:roleRef roleURI="http://eiopa.europa.eu/xbrl/s2c/role/dict/dom/VM/25" xlink:type="simple" xlink:href="hier.xsd#s2c_25" />
  <link:labelLink xlink:type="extended" xlink:role="http://eiopa.europa.eu/xbrl/s2c/role/dict/dom/VM/25">
    <link:loc xlink:type="locator" xlink:href="mem.xsd#s2c_x0" xlink:label="loc_s2c_x0" />
    <link:label xlink:type="resource" xlink:label="label_s2c_x0" xml:lang="en" xlink:role="http://www.xbrl.org/2003/role/label">Total/NA</link:label>
    <link:labelArc xlink:type="arc" xlink:arcrole="http://www.xbrl.org/2003/arcrole/concept-label" xlink:from="loc_s2c_x0" xlink:to="label_s2c_x0" />
    <link:loc xlink:type="locator" xlink:href="mem.xsd#s2c_x89" xlink:label="loc_s2c_x89" />
    <link:label xlink:type="resource" xlink:label="label_s2c_x89" xml:lang="en" xlink:role="http://www.xbrl.org/2003/role/label">Amount before LTG measures</link:label>
    <link:labelArc xlink:type="arc" xlink:arcrole="http://www.xbrl.org/2003/arcrole/concept-label" xlink:from="loc_s2c_x89" xlink:to="label_s2c_x89" />
    <link:loc xlink:type="locator" xlink:href="mem.xsd#s2c_x90" xlink:label="loc_s2c_x90" />
    <link:label xlink:type="resource" xlink:label="label_s2c_x90" xml:lang="en" xlink:role="http://www.xbrl.org/2003/role/label">Amount of LTG measures</link:label>
    <link:labelArc xlink:type="arc" xlink:arcrole="http://www.xbrl.org/2003/arcrole/concept-label" xlink:from="loc_s2c_x90" xlink:to="label_s2c_x90" />
  </link:labelLink>
  <link:roleRef roleURI="http://eiopa.europa.eu/xbrl/s2c/role/dict/dom/VM/500" xlink:type="simple" xlink:href="hier.xsd#s2c_500" />
  <link:labelLink xlink:type="extended" xlink:role="http://eiopa.europa.eu/xbrl/s2c/role/dict/dom/VM/500">
    <link:loc xlink:type="locator" xlink:href="mem.xsd#s2c_x0" xlink:label="loc_s2c_x0" />
    <link:label xlink:type="resource" xlink:label="label_s2c_x0" xml:lang="en" xlink:role="http://www.xbrl.org/2003/role/label">Total/NA</link:label>
    <link:labelArc xlink:type="arc" xlink:arcrole="http://www.xbrl.org/2003/arcrole/concept-label" xlink:from="loc_s2c_x0" xlink:to="label_s2c_x0" />
    <link:loc xlink:type="locator" xlink:href="mem.xsd#s2c_x5000" xlink:label="loc_s2c_x5000" />
    <link:label xlink:type="resource" xlink:label="label_s2c_x5000" xml:lang="en" xlink:role="http://www.xbrl.org/2003/role/label">Past service costs</link:label>
    <link:labelArc xlink:type="arc" xlink:arcrole="http://www.xbrl.org/2003/arcrole/concept-label" xlink:from="loc_s2c_x5000" xlink:to="label_s2c_x5000" />
    <link:loc xlink:type="locator" xlink:href="mem.xsd#s2c_x5001" xlink:label="loc_s2c_x5001" />
    <link:label xlink:type="resource" xlink:label="label_s2c_x5001" xml:lang="en" xlink:role="http://www.xbrl.org/2003/role/label">Discount rate changes</link:label>
    <link:labelArc xlink:type="arc" xlink:arcrole="http://www.xbrl.org/2003/arcrole/concept-label" xlink:from="loc_s2c_x5001" xlink:to="label_s2c_x5001" />
    <link:loc xlink:type="locator" xlink:href="mem.xsd#s2c_x5002" xlink:label="loc_s2c_x5002" />
    <link:label xlink:type="resource" xlink:label="label_s2c_x5002" xml:lang="en" xlink:role="http://www.xbrl.org/2003/role/label">Experience adjustments</link:label>
    <link:labelArc xlink:type="arc" xlink:arcrole="http://www.xbrl.org/2003/arcrole/concept-label" xlink:from="loc_s2c_x5002" xlink:to="label_s2c_x5002" />
    <link:loc xlink:type="locator" xlink:href="mem.xsd#s2c_x5003" xlink:label="loc_s2c_x5003" />
    <link:label xlink:type="resource" xlink:label="label_s2c_x5003" xml:lang="en" xlink:role="http://www.xbrl.org/2003/role/label">Other than Past service costs, Discount rate and Experience adjustments</link:label>
    <link:labelArc xlink:type="arc" xlink:arcrole="http://www.xbrl.org/2003/arcrole/concept-label" xlink:from="loc_s2c_x5003" xlink:to="label_s2c_x5003" />
  </link:labelLink>
  <link:roleRef roleURI="http://eiopa.europa.eu/xbrl/s2c/role/dict/dom/VM/501" xlink:type="simple" xlink:href="hier.xsd#s2c_501" />
  <link:labelLink xlink:type="extended" xlink:role="http://eiopa.europa.eu/xbrl/s2c/role/dict/dom/VM/501">
    <link:loc xlink:type="locator" xlink:href="mem.xsd#s2c_x0" xlink:label="loc_s2c_x0" />
    <link:label xlink:type="resource" xlink:label="label_s2c_x0" xml:lang="en" xlink:role="http://www.xbrl.org/2003/role/label">Total/NA</link:label>
    <link:labelArc xlink:type="arc" xlink:arcrole="http://www.xbrl.org/2003/arcrole/concept-label" xlink:from="loc_s2c_x0" xlink:to="label_s2c_x0" />
    <link:loc xlink:type="locator" xlink:href="mem.xsd#s2c_x3" xlink:label="loc_s2c_x3" />
    <link:label xlink:type="resource" xlink:label="label_s2c_x3" xml:lang="en" xlink:role="http://www.xbrl.org/2003/role/label">Alternative valuation methods</link:label>
    <link:labelArc xlink:type="arc" xlink:arcrole="http://www.xbrl.org/2003/arcrole/concept-label" xlink:from="loc_s2c_x3" xlink:to="label_s2c_x3" />
    <link:loc xlink:type="locator" xlink:href="mem.xsd#s2c_x42" xlink:label="loc_s2c_x42" />
    <link:label xlink:type="resource" xlink:label="label_s2c_x42" xml:lang="en" xlink:role="http://www.xbrl.org/2003/role/label">Quoted market price in active markets for similar assets or liabilities</link:label>
    <link:labelArc xlink:type="arc" xlink:arcrole="http://www.xbrl.org/2003/arcrole/concept-label" xlink:from="loc_s2c_x42" xlink:to="label_s2c_x42" />
    <link:loc xlink:type="locator" xlink:href="mem.xsd#s2c_x43" xlink:label="loc_s2c_x43" />
    <link:label xlink:type="resource" xlink:label="label_s2c_x43" xml:lang="en" xlink:role="http://www.xbrl.org/2003/role/label">1 - market prices for that instrument</link:label>
    <link:labelArc xlink:type="arc" xlink:arcrole="http://www.xbrl.org/2003/arcrole/concept-label" xlink:from="loc_s2c_x43" xlink:to="label_s2c_x43" />
    <link:loc xlink:type="locator" xlink:href="mem.xsd#s2c_x88" xlink:label="loc_s2c_x88" />
    <link:label xlink:type="resource" xlink:label="label_s2c_x88" xml:lang="en" xlink:role="http://www.xbrl.org/2003/role/label">Market valuation according to article 9(4) of Delegated Regulation 2015/35</link:label>
    <link:labelArc xlink:type="arc" xlink:arcrole="http://www.xbrl.org/2003/arcrole/concept-label" xlink:from="loc_s2c_x88" xlink:to="label_s2c_x88" />
    <link:loc xlink:type="locator" xlink:href="mem.xsd#s2c_x5004" xlink:label="loc_s2c_x5004" />
    <link:label xlink:type="resource" xlink:label="label_s2c_x5004" xml:lang="en" xlink:role="http://www.xbrl.org/2003/role/label">3 - market-consistent valuation not applicable</link:label>
    <link:labelArc xlink:type="arc" xlink:arcrole="http://www.xbrl.org/2003/arcrole/concept-label" xlink:from="loc_s2c_x5004" xlink:to="label_s2c_x5004" />
    <link:loc xlink:type="locator" xlink:href="mem.xsd#s2c_x5005" xlink:label="loc_s2c_x5005" />
    <link:label xlink:type="resource" xlink:label="label_s2c_x5005" xml:lang="en" xlink:role="http://www.xbrl.org/2003/role/label">2 - marked-to-market</link:label>
    <link:labelArc xlink:type="arc" xlink:arcrole="http://www.xbrl.org/2003/arcrole/concept-label" xlink:from="loc_s2c_x5005" xlink:to="label_s2c_x5005" />
  </link:labelLink>
</link:linkbase>