<?xml version="1.0" encoding="UTF-8"?>
<!--(C) EIOPA - XBRL Taxonomy-->
<?officialURI http://eiopa.europa.eu/eu/xbrl/s2c/dict/dom/pu/hier-lab-en.xml?>
<?taxonomy-version 2.4.0?>
<?taxonomy-date 2019-07-15?>
<link:linkbase xmlns:xsi="http://www.w3.org/2001/XMLSchema-instance" xmlns:xlink="http://www.w3.org/1999/xlink" xmlns:link="http://www.xbrl.org/2003/linkbase" xmlns:gen="http://xbrl.org/2008/generic" xmlns:label="http://xbrl.org/2008/label" xsi:schemaLocation="http://www.xbrl.org/2003/linkbase http://www.xbrl.org/2003/xbrl-linkbase-2003-12-31.xsd http://xbrl.org/2008/generic http://www.xbrl.org/2008/generic-link.xsd http://xbrl.org/2008/label http://www.xbrl.org/2008/generic-label.xsd">
  <link:arcroleRef arcroleURI="http://xbrl.org/arcrole/2008/element-label" xlink:type="simple" xlink:href="http://www.xbrl.org/2008/generic-label.xsd#element-label" />
  <link:roleRef roleURI="http://www.xbrl.org/2008/role/label" xlink:type="simple" xlink:href="http://www.xbrl.org/2008/generic-label.xsd#standard-label" />
  <link:roleRef roleURI="http://www.xbrl.org/2008/role/verboseLabel" xlink:type="simple" xlink:href="http://www.xbrl.org/2008/generic-label.xsd#verbose-label" />
  <gen:link xlink:type="extended" xlink:role="http://www.xbrl.org/2003/role/link">
    <link:loc xlink:type="locator" xlink:href="hier.xsd#s2c_1" xlink:label="loc_s2c_PU_1." />
    <label:label xlink:type="resource" xlink:label="label_s2c_PU_1." xml:lang="en" xlink:role="http://www.xbrl.org/2008/role/label">Insurance/trade</label:label>
    <gen:arc xlink:type="arc" xlink:arcrole="http://xbrl.org/arcrole/2008/element-label" xlink:from="loc_s2c_PU_1." xlink:to="label_s2c_PU_1." />
    <label:label xlink:type="resource" xlink:label="label_s2c_PU_1._1" xml:lang="en" xlink:role="http://www.xbrl.org/2008/role/verboseLabel">N/A</label:label>
    <gen:arc xlink:type="arc" xlink:arcrole="http://xbrl.org/arcrole/2008/element-label" xlink:from="loc_s2c_PU_1." xlink:to="label_s2c_PU_1._1" />
    <link:loc xlink:type="locator" xlink:href="hier.xsd#s2c_2" xlink:label="loc_s2c_PU_2." />
    <label:label xlink:type="resource" xlink:label="label_s2c_PU_2." xml:lang="en" xlink:role="http://www.xbrl.org/2008/role/label">Investment or own use</label:label>
    <gen:arc xlink:type="arc" xlink:arcrole="http://xbrl.org/arcrole/2008/element-label" xlink:from="loc_s2c_PU_2." xlink:to="label_s2c_PU_2." />
    <label:label xlink:type="resource" xlink:label="label_s2c_PU_2._1" xml:lang="en" xlink:role="http://www.xbrl.org/2008/role/verboseLabel">IO</label:label>
    <gen:arc xlink:type="arc" xlink:arcrole="http://xbrl.org/arcrole/2008/element-label" xlink:from="loc_s2c_PU_2." xlink:to="label_s2c_PU_2._1" />
    <link:loc xlink:type="locator" xlink:href="hier.xsd#s2c_3" xlink:label="loc_s2c_PU_3." />
    <label:label xlink:type="resource" xlink:label="label_s2c_PU_3." xml:lang="en" xlink:role="http://www.xbrl.org/2008/role/label">Investment or own use</label:label>
    <gen:arc xlink:type="arc" xlink:arcrole="http://xbrl.org/arcrole/2008/element-label" xlink:from="loc_s2c_PU_3." xlink:to="label_s2c_PU_3." />
    <label:label xlink:type="resource" xlink:label="label_s2c_PU_3._1" xml:lang="en" xlink:role="http://www.xbrl.org/2008/role/verboseLabel">IO</label:label>
    <gen:arc xlink:type="arc" xlink:arcrole="http://xbrl.org/arcrole/2008/element-label" xlink:from="loc_s2c_PU_3." xlink:to="label_s2c_PU_3._1" />
    <link:loc xlink:type="locator" xlink:href="hier.xsd#s2c_4" xlink:label="loc_s2c_PU_4." />
    <label:label xlink:type="resource" xlink:label="label_s2c_PU_4." xml:lang="en" xlink:role="http://www.xbrl.org/2008/role/label">Investment or own use</label:label>
    <gen:arc xlink:type="arc" xlink:arcrole="http://xbrl.org/arcrole/2008/element-label" xlink:from="loc_s2c_PU_4." xlink:to="label_s2c_PU_4." />
    <label:label xlink:type="resource" xlink:label="label_s2c_PU_4._1" xml:lang="en" xlink:role="http://www.xbrl.org/2008/role/verboseLabel">IO</label:label>
    <gen:arc xlink:type="arc" xlink:arcrole="http://xbrl.org/arcrole/2008/element-label" xlink:from="loc_s2c_PU_4." xlink:to="label_s2c_PU_4._1" />
    <link:loc xlink:type="locator" xlink:href="hier.xsd#s2c_5" xlink:label="loc_s2c_PU_5." />
    <label:label xlink:type="resource" xlink:label="label_s2c_PU_5." xml:lang="en" xlink:role="http://www.xbrl.org/2008/role/label">Treatment of participations in relation to own funds</label:label>
    <gen:arc xlink:type="arc" xlink:arcrole="http://xbrl.org/arcrole/2008/element-label" xlink:from="loc_s2c_PU_5." xlink:to="label_s2c_PU_5." />
    <label:label xlink:type="resource" xlink:label="label_s2c_PU_5._1" xml:lang="en" xlink:role="http://www.xbrl.org/2008/role/verboseLabel">OU</label:label>
    <gen:arc xlink:type="arc" xlink:arcrole="http://xbrl.org/arcrole/2008/element-label" xlink:from="loc_s2c_PU_5." xlink:to="label_s2c_PU_5._1" />
    <link:loc xlink:type="locator" xlink:href="hier.xsd#s2c_6" xlink:label="loc_s2c_PU_6." />
    <label:label xlink:type="resource" xlink:label="label_s2c_PU_6." xml:lang="en" xlink:role="http://www.xbrl.org/2008/role/label">Investment or own use</label:label>
    <gen:arc xlink:type="arc" xlink:arcrole="http://xbrl.org/arcrole/2008/element-label" xlink:from="loc_s2c_PU_6." xlink:to="label_s2c_PU_6." />
    <label:label xlink:type="resource" xlink:label="label_s2c_PU_6._1" xml:lang="en" xlink:role="http://www.xbrl.org/2008/role/verboseLabel">IO</label:label>
    <gen:arc xlink:type="arc" xlink:arcrole="http://xbrl.org/arcrole/2008/element-label" xlink:from="loc_s2c_PU_6." xlink:to="label_s2c_PU_6._1" />
    <link:loc xlink:type="locator" xlink:href="hier.xsd#s2c_7" xlink:label="loc_s2c_PU_7." />
    <label:label xlink:type="resource" xlink:label="label_s2c_PU_7." xml:lang="en" xlink:role="http://www.xbrl.org/2008/role/label">Portfolio (Preparatory scope)</label:label>
    <gen:arc xlink:type="arc" xlink:arcrole="http://xbrl.org/arcrole/2008/element-label" xlink:from="loc_s2c_PU_7." xlink:to="label_s2c_PU_7." />
    <label:label xlink:type="resource" xlink:label="label_s2c_PU_7._1" xml:lang="en" xlink:role="http://www.xbrl.org/2008/role/verboseLabel">PO</label:label>
    <gen:arc xlink:type="arc" xlink:arcrole="http://xbrl.org/arcrole/2008/element-label" xlink:from="loc_s2c_PU_7." xlink:to="label_s2c_PU_7._1" />
    <link:loc xlink:type="locator" xlink:href="hier.xsd#s2c_8" xlink:label="loc_s2c_PU_8." />
    <label:label xlink:type="resource" xlink:label="label_s2c_PU_8." xml:lang="en" xlink:role="http://www.xbrl.org/2008/role/label">Investment or own use</label:label>
    <gen:arc xlink:type="arc" xlink:arcrole="http://xbrl.org/arcrole/2008/element-label" xlink:from="loc_s2c_PU_8." xlink:to="label_s2c_PU_8." />
    <label:label xlink:type="resource" xlink:label="label_s2c_PU_8._1" xml:lang="en" xlink:role="http://www.xbrl.org/2008/role/verboseLabel">IO</label:label>
    <gen:arc xlink:type="arc" xlink:arcrole="http://xbrl.org/arcrole/2008/element-label" xlink:from="loc_s2c_PU_8." xlink:to="label_s2c_PU_8._1" />
    <link:loc xlink:type="locator" xlink:href="hier.xsd#s2c_9" xlink:label="loc_s2c_PU_9." />
    <label:label xlink:type="resource" xlink:label="label_s2c_PU_9." xml:lang="en" xlink:role="http://www.xbrl.org/2008/role/label">Portfolio</label:label>
    <gen:arc xlink:type="arc" xlink:arcrole="http://xbrl.org/arcrole/2008/element-label" xlink:from="loc_s2c_PU_9." xlink:to="label_s2c_PU_9." />
    <label:label xlink:type="resource" xlink:label="label_s2c_PU_9._1" xml:lang="en" xlink:role="http://www.xbrl.org/2008/role/verboseLabel">PO</label:label>
    <gen:arc xlink:type="arc" xlink:arcrole="http://xbrl.org/arcrole/2008/element-label" xlink:from="loc_s2c_PU_9." xlink:to="label_s2c_PU_9._1" />
    <link:loc xlink:type="locator" xlink:href="hier.xsd#s2c_10" xlink:label="loc_s2c_PU_10." />
    <label:label xlink:type="resource" xlink:label="label_s2c_PU_10." xml:lang="en" xlink:role="http://www.xbrl.org/2008/role/label">Purpose</label:label>
    <gen:arc xlink:type="arc" xlink:arcrole="http://xbrl.org/arcrole/2008/element-label" xlink:from="loc_s2c_PU_10." xlink:to="label_s2c_PU_10." />
    <label:label xlink:type="resource" xlink:label="label_s2c_PU_10._1" xml:lang="en" xlink:role="http://www.xbrl.org/2008/role/verboseLabel">N/A</label:label>
    <gen:arc xlink:type="arc" xlink:arcrole="http://xbrl.org/arcrole/2008/element-label" xlink:from="loc_s2c_PU_10." xlink:to="label_s2c_PU_10._1" />
    <link:loc xlink:type="locator" xlink:href="hier.xsd#s2c_11" xlink:label="loc_s2c_PU_11." />
    <label:label xlink:type="resource" xlink:label="label_s2c_PU_11." xml:lang="en" xlink:role="http://www.xbrl.org/2008/role/label">Securitisation assets related and not related to cedant held in trust with other third party than cedant/sponsor</label:label>
    <gen:arc xlink:type="arc" xlink:arcrole="http://xbrl.org/arcrole/2008/element-label" xlink:from="loc_s2c_PU_11." xlink:to="label_s2c_PU_11." />
    <label:label xlink:type="resource" xlink:label="label_s2c_PU_11._1" xml:lang="en" xlink:role="http://www.xbrl.org/2008/role/verboseLabel">N/A</label:label>
    <gen:arc xlink:type="arc" xlink:arcrole="http://xbrl.org/arcrole/2008/element-label" xlink:from="loc_s2c_PU_11." xlink:to="label_s2c_PU_11._1" />
    <link:loc xlink:type="locator" xlink:href="hier.xsd#s2c_12" xlink:label="loc_s2c_PU_12." />
    <label:label xlink:type="resource" xlink:label="label_s2c_PU_12." xml:lang="en" xlink:role="http://www.xbrl.org/2008/role/label">Portfolio</label:label>
    <gen:arc xlink:type="arc" xlink:arcrole="http://xbrl.org/arcrole/2008/element-label" xlink:from="loc_s2c_PU_12." xlink:to="label_s2c_PU_12." />
    <label:label xlink:type="resource" xlink:label="label_s2c_PU_12._1" xml:lang="en" xlink:role="http://www.xbrl.org/2008/role/verboseLabel">PO</label:label>
    <gen:arc xlink:type="arc" xlink:arcrole="http://xbrl.org/arcrole/2008/element-label" xlink:from="loc_s2c_PU_12." xlink:to="label_s2c_PU_12._1" />
    <link:loc xlink:type="locator" xlink:href="hier.xsd#s2c_13" xlink:label="loc_s2c_PU_13." />
    <label:label xlink:type="resource" xlink:label="label_s2c_PU_13." xml:lang="en" xlink:role="http://www.xbrl.org/2008/role/label">Portfolio</label:label>
    <gen:arc xlink:type="arc" xlink:arcrole="http://xbrl.org/arcrole/2008/element-label" xlink:from="loc_s2c_PU_13." xlink:to="label_s2c_PU_13." />
    <label:label xlink:type="resource" xlink:label="label_s2c_PU_13._1" xml:lang="en" xlink:role="http://www.xbrl.org/2008/role/verboseLabel">PO</label:label>
    <gen:arc xlink:type="arc" xlink:arcrole="http://xbrl.org/arcrole/2008/element-label" xlink:from="loc_s2c_PU_13." xlink:to="label_s2c_PU_13._1" />
    <link:loc xlink:type="locator" xlink:href="hier.xsd#s2c_14" xlink:label="loc_s2c_PU_14." />
    <label:label xlink:type="resource" xlink:label="label_s2c_PU_14." xml:lang="en" xlink:role="http://www.xbrl.org/2008/role/label">Investment or own use</label:label>
    <gen:arc xlink:type="arc" xlink:arcrole="http://xbrl.org/arcrole/2008/element-label" xlink:from="loc_s2c_PU_14." xlink:to="label_s2c_PU_14." />
    <label:label xlink:type="resource" xlink:label="label_s2c_PU_14._1" xml:lang="en" xlink:role="http://www.xbrl.org/2008/role/verboseLabel">IO</label:label>
    <gen:arc xlink:type="arc" xlink:arcrole="http://xbrl.org/arcrole/2008/element-label" xlink:from="loc_s2c_PU_14." xlink:to="label_s2c_PU_14._1" />
    <link:loc xlink:type="locator" xlink:href="hier.xsd#s2c_15" xlink:label="loc_s2c_PU_15." />
    <label:label xlink:type="resource" xlink:label="label_s2c_PU_15." xml:lang="en" xlink:role="http://www.xbrl.org/2008/role/label">Matching adjustment</label:label>
    <gen:arc xlink:type="arc" xlink:arcrole="http://xbrl.org/arcrole/2008/element-label" xlink:from="loc_s2c_PU_15." xlink:to="label_s2c_PU_15." />
    <label:label xlink:type="resource" xlink:label="label_s2c_PU_15._1" xml:lang="en" xlink:role="http://www.xbrl.org/2008/role/verboseLabel">PO</label:label>
    <gen:arc xlink:type="arc" xlink:arcrole="http://xbrl.org/arcrole/2008/element-label" xlink:from="loc_s2c_PU_15." xlink:to="label_s2c_PU_15._1" />
    <link:loc xlink:type="locator" xlink:href="hier.xsd#s2c_16" xlink:label="loc_s2c_PU_16." />
    <label:label xlink:type="resource" xlink:label="label_s2c_PU_16." xml:lang="en" xlink:role="http://www.xbrl.org/2008/role/label">RFF,MAP or Remaining of a fund</label:label>
    <gen:arc xlink:type="arc" xlink:arcrole="http://xbrl.org/arcrole/2008/element-label" xlink:from="loc_s2c_PU_16." xlink:to="label_s2c_PU_16." />
    <label:label xlink:type="resource" xlink:label="label_s2c_PU_16._1" xml:lang="en" xlink:role="http://www.xbrl.org/2008/role/verboseLabel">PO</label:label>
    <gen:arc xlink:type="arc" xlink:arcrole="http://xbrl.org/arcrole/2008/element-label" xlink:from="loc_s2c_PU_16." xlink:to="label_s2c_PU_16._1" />
    <link:loc xlink:type="locator" xlink:href="hier.xsd#s2c_17" xlink:label="loc_s2c_PU_17." />
    <label:label xlink:type="resource" xlink:label="label_s2c_PU_17." xml:lang="en" xlink:role="http://www.xbrl.org/2008/role/label">RFF, MAP with sub RFF, MAP</label:label>
    <gen:arc xlink:type="arc" xlink:arcrole="http://xbrl.org/arcrole/2008/element-label" xlink:from="loc_s2c_PU_17." xlink:to="label_s2c_PU_17." />
    <label:label xlink:type="resource" xlink:label="label_s2c_PU_17._1" xml:lang="en" xlink:role="http://www.xbrl.org/2008/role/verboseLabel">PO</label:label>
    <gen:arc xlink:type="arc" xlink:arcrole="http://xbrl.org/arcrole/2008/element-label" xlink:from="loc_s2c_PU_17." xlink:to="label_s2c_PU_17._1" />
    <link:loc xlink:type="locator" xlink:href="hier.xsd#s2c_18" xlink:label="loc_s2c_PU_18." />
    <label:label xlink:type="resource" xlink:label="label_s2c_PU_18." xml:lang="en" xlink:role="http://www.xbrl.org/2008/role/label">Portfolio (investment, securities lending and repo) (Full scope)</label:label>
    <gen:arc xlink:type="arc" xlink:arcrole="http://xbrl.org/arcrole/2008/element-label" xlink:from="loc_s2c_PU_18." xlink:to="label_s2c_PU_18." />
    <label:label xlink:type="resource" xlink:label="label_s2c_PU_18._1" xml:lang="en" xlink:role="http://www.xbrl.org/2008/role/verboseLabel">PO</label:label>
    <gen:arc xlink:type="arc" xlink:arcrole="http://xbrl.org/arcrole/2008/element-label" xlink:from="loc_s2c_PU_18." xlink:to="label_s2c_PU_18._1" />
    <link:loc xlink:type="locator" xlink:href="hier.xsd#s2c_19" xlink:label="loc_s2c_PU_19." />
    <label:label xlink:type="resource" xlink:label="label_s2c_PU_19." xml:lang="en" xlink:role="http://www.xbrl.org/2008/role/label">Purpose</label:label>
    <gen:arc xlink:type="arc" xlink:arcrole="http://xbrl.org/arcrole/2008/element-label" xlink:from="loc_s2c_PU_19." xlink:to="label_s2c_PU_19." />
    <label:label xlink:type="resource" xlink:label="label_s2c_PU_19._1" xml:lang="en" xlink:role="http://www.xbrl.org/2008/role/verboseLabel">N/A</label:label>
    <gen:arc xlink:type="arc" xlink:arcrole="http://xbrl.org/arcrole/2008/element-label" xlink:from="loc_s2c_PU_19." xlink:to="label_s2c_PU_19._1" />
    <link:loc xlink:type="locator" xlink:href="hier.xsd#s2c_20" xlink:label="loc_s2c_PU_20." />
    <label:label xlink:type="resource" xlink:label="label_s2c_PU_20." xml:lang="en" xlink:role="http://www.xbrl.org/2008/role/label">Ring-fenced fund/matching portfolio/remaining part</label:label>
    <gen:arc xlink:type="arc" xlink:arcrole="http://xbrl.org/arcrole/2008/element-label" xlink:from="loc_s2c_PU_20." xlink:to="label_s2c_PU_20." />
    <label:label xlink:type="resource" xlink:label="label_s2c_PU_20._1" xml:lang="en" xlink:role="http://www.xbrl.org/2008/role/verboseLabel">PO</label:label>
    <gen:arc xlink:type="arc" xlink:arcrole="http://xbrl.org/arcrole/2008/element-label" xlink:from="loc_s2c_PU_20." xlink:to="label_s2c_PU_20._1" />
    <link:loc xlink:type="locator" xlink:href="hier.xsd#s2c_21" xlink:label="loc_s2c_PU_21." />
    <label:label xlink:type="resource" xlink:label="label_s2c_PU_21." xml:lang="en" xlink:role="http://www.xbrl.org/2008/role/label">Ring-fenced fund/matching portfolio/remaining part</label:label>
    <gen:arc xlink:type="arc" xlink:arcrole="http://xbrl.org/arcrole/2008/element-label" xlink:from="loc_s2c_PU_21." xlink:to="label_s2c_PU_21." />
    <label:label xlink:type="resource" xlink:label="label_s2c_PU_21._1" xml:lang="en" xlink:role="http://www.xbrl.org/2008/role/verboseLabel">PO</label:label>
    <gen:arc xlink:type="arc" xlink:arcrole="http://xbrl.org/arcrole/2008/element-label" xlink:from="loc_s2c_PU_21." xlink:to="label_s2c_PU_21._1" />
    <link:loc xlink:type="locator" xlink:href="hier.xsd#s2c_22" xlink:label="loc_s2c_PU_22." />
    <label:label xlink:type="resource" xlink:label="label_s2c_PU_22." xml:lang="en" xlink:role="http://www.xbrl.org/2008/role/label">Investment or own use</label:label>
    <gen:arc xlink:type="arc" xlink:arcrole="http://xbrl.org/arcrole/2008/element-label" xlink:from="loc_s2c_PU_22." xlink:to="label_s2c_PU_22." />
    <label:label xlink:type="resource" xlink:label="label_s2c_PU_22._1" xml:lang="en" xlink:role="http://www.xbrl.org/2008/role/verboseLabel">IO</label:label>
    <gen:arc xlink:type="arc" xlink:arcrole="http://xbrl.org/arcrole/2008/element-label" xlink:from="loc_s2c_PU_22." xlink:to="label_s2c_PU_22._1" />
    <link:loc xlink:type="locator" xlink:href="hier.xsd#s2c_23" xlink:label="loc_s2c_PU_23." />
    <label:label xlink:type="resource" xlink:label="label_s2c_PU_23." xml:lang="en" xlink:role="http://www.xbrl.org/2008/role/label">Portfolio</label:label>
    <gen:arc xlink:type="arc" xlink:arcrole="http://xbrl.org/arcrole/2008/element-label" xlink:from="loc_s2c_PU_23." xlink:to="label_s2c_PU_23." />
    <label:label xlink:type="resource" xlink:label="label_s2c_PU_23._1" xml:lang="en" xlink:role="http://www.xbrl.org/2008/role/verboseLabel">PO</label:label>
    <gen:arc xlink:type="arc" xlink:arcrole="http://xbrl.org/arcrole/2008/element-label" xlink:from="loc_s2c_PU_23." xlink:to="label_s2c_PU_23._1" />
    <link:loc xlink:type="locator" xlink:href="hier.xsd#s2c_24" xlink:label="loc_s2c_PU_24." />
    <label:label xlink:type="resource" xlink:label="label_s2c_PU_24." xml:lang="en" xlink:role="http://www.xbrl.org/2008/role/label">Deposit Lodged as security</label:label>
    <gen:arc xlink:type="arc" xlink:arcrole="http://xbrl.org/arcrole/2008/element-label" xlink:from="loc_s2c_PU_24." xlink:to="label_s2c_PU_24." />
    <label:label xlink:type="resource" xlink:label="label_s2c_PU_24._1" xml:lang="en" xlink:role="http://www.xbrl.org/2008/role/verboseLabel">PO</label:label>
    <gen:arc xlink:type="arc" xlink:arcrole="http://xbrl.org/arcrole/2008/element-label" xlink:from="loc_s2c_PU_24." xlink:to="label_s2c_PU_24._1" />
    <link:loc xlink:type="locator" xlink:href="hier.xsd#s2c_25" xlink:label="loc_s2c_PU_25." />
    <label:label xlink:type="resource" xlink:label="label_s2c_PU_25." xml:lang="en" xlink:role="http://www.xbrl.org/2008/role/label">Confirmation that there are no rights of set off</label:label>
    <gen:arc xlink:type="arc" xlink:arcrole="http://xbrl.org/arcrole/2008/element-label" xlink:from="loc_s2c_PU_25." xlink:to="label_s2c_PU_25." />
    <label:label xlink:type="resource" xlink:label="label_s2c_PU_25._1" xml:lang="en" xlink:role="http://www.xbrl.org/2008/role/verboseLabel">PO</label:label>
    <gen:arc xlink:type="arc" xlink:arcrole="http://xbrl.org/arcrole/2008/element-label" xlink:from="loc_s2c_PU_25." xlink:to="label_s2c_PU_25._1" />
    <link:loc xlink:type="locator" xlink:href="hier.xsd#s2c_26" xlink:label="loc_s2c_PU_26." />
    <label:label xlink:type="resource" xlink:label="label_s2c_PU_26." xml:lang="en" xlink:role="http://www.xbrl.org/2008/role/label">Investment or own use</label:label>
    <gen:arc xlink:type="arc" xlink:arcrole="http://xbrl.org/arcrole/2008/element-label" xlink:from="loc_s2c_PU_26." xlink:to="label_s2c_PU_26." />
    <label:label xlink:type="resource" xlink:label="label_s2c_PU_26._1" xml:lang="en" xlink:role="http://www.xbrl.org/2008/role/verboseLabel">IO</label:label>
    <gen:arc xlink:type="arc" xlink:arcrole="http://xbrl.org/arcrole/2008/element-label" xlink:from="loc_s2c_PU_26." xlink:to="label_s2c_PU_26._1" />
    <link:loc xlink:type="locator" xlink:href="hier.xsd#s2c_27" xlink:label="loc_s2c_PU_27." />
    <label:label xlink:type="resource" xlink:label="label_s2c_PU_27." xml:lang="en" xlink:role="http://www.xbrl.org/2008/role/label">Investment or own use</label:label>
    <gen:arc xlink:type="arc" xlink:arcrole="http://xbrl.org/arcrole/2008/element-label" xlink:from="loc_s2c_PU_27." xlink:to="label_s2c_PU_27." />
    <label:label xlink:type="resource" xlink:label="label_s2c_PU_27._1" xml:lang="en" xlink:role="http://www.xbrl.org/2008/role/verboseLabel">IO</label:label>
    <gen:arc xlink:type="arc" xlink:arcrole="http://xbrl.org/arcrole/2008/element-label" xlink:from="loc_s2c_PU_27." xlink:to="label_s2c_PU_27._1" />
    <link:loc xlink:type="locator" xlink:href="hier.xsd#s2c_28" xlink:label="loc_s2c_PU_28." />
    <label:label xlink:type="resource" xlink:label="label_s2c_PU_28." xml:lang="en" xlink:role="http://www.xbrl.org/2008/role/label">RFF,MAP or Remaining of a fund</label:label>
    <gen:arc xlink:type="arc" xlink:arcrole="http://xbrl.org/arcrole/2008/element-label" xlink:from="loc_s2c_PU_28." xlink:to="label_s2c_PU_28." />
    <label:label xlink:type="resource" xlink:label="label_s2c_PU_28._1" xml:lang="en" xlink:role="http://www.xbrl.org/2008/role/verboseLabel">PO</label:label>
    <gen:arc xlink:type="arc" xlink:arcrole="http://xbrl.org/arcrole/2008/element-label" xlink:from="loc_s2c_PU_28." xlink:to="label_s2c_PU_28._1" />
    <link:loc xlink:type="locator" xlink:href="hier.xsd#s2c_29" xlink:label="loc_s2c_PU_29." />
    <label:label xlink:type="resource" xlink:label="label_s2c_PU_29." xml:lang="en" xlink:role="http://www.xbrl.org/2008/role/label">Investment or own use</label:label>
    <gen:arc xlink:type="arc" xlink:arcrole="http://xbrl.org/arcrole/2008/element-label" xlink:from="loc_s2c_PU_29." xlink:to="label_s2c_PU_29." />
    <label:label xlink:type="resource" xlink:label="label_s2c_PU_29._1" xml:lang="en" xlink:role="http://www.xbrl.org/2008/role/verboseLabel">IO</label:label>
    <gen:arc xlink:type="arc" xlink:arcrole="http://xbrl.org/arcrole/2008/element-label" xlink:from="loc_s2c_PU_29." xlink:to="label_s2c_PU_29._1" />
    <link:loc xlink:type="locator" xlink:href="hier.xsd#s2c_30" xlink:label="loc_s2c_PU_30." />
    <label:label xlink:type="resource" xlink:label="label_s2c_PU_30." xml:lang="en" xlink:role="http://www.xbrl.org/2008/role/label">Ring-fenced fund or remaining part</label:label>
    <gen:arc xlink:type="arc" xlink:arcrole="http://xbrl.org/arcrole/2008/element-label" xlink:from="loc_s2c_PU_30." xlink:to="label_s2c_PU_30." />
    <label:label xlink:type="resource" xlink:label="label_s2c_PU_30._1" xml:lang="en" xlink:role="http://www.xbrl.org/2008/role/verboseLabel">PO</label:label>
    <gen:arc xlink:type="arc" xlink:arcrole="http://xbrl.org/arcrole/2008/element-label" xlink:from="loc_s2c_PU_30." xlink:to="label_s2c_PU_30._1" />
    <link:loc xlink:type="locator" xlink:href="hier.xsd#s2c_31" xlink:label="loc_s2c_PU_31." />
    <label:label xlink:type="resource" xlink:label="label_s2c_PU_31." xml:lang="en" xlink:role="http://www.xbrl.org/2008/role/label">Investment or own use</label:label>
    <gen:arc xlink:type="arc" xlink:arcrole="http://xbrl.org/arcrole/2008/element-label" xlink:from="loc_s2c_PU_31." xlink:to="label_s2c_PU_31." />
    <label:label xlink:type="resource" xlink:label="label_s2c_PU_31._1" xml:lang="en" xlink:role="http://www.xbrl.org/2008/role/verboseLabel">IO</label:label>
    <gen:arc xlink:type="arc" xlink:arcrole="http://xbrl.org/arcrole/2008/element-label" xlink:from="loc_s2c_PU_31." xlink:to="label_s2c_PU_31._1" />
    <link:loc xlink:type="locator" xlink:href="hier.xsd#s2c_32" xlink:label="loc_s2c_PU_32." />
    <label:label xlink:type="resource" xlink:label="label_s2c_PU_32." xml:lang="en" xlink:role="http://www.xbrl.org/2008/role/label">Investment or own use</label:label>
    <gen:arc xlink:type="arc" xlink:arcrole="http://xbrl.org/arcrole/2008/element-label" xlink:from="loc_s2c_PU_32." xlink:to="label_s2c_PU_32." />
    <label:label xlink:type="resource" xlink:label="label_s2c_PU_32._1" xml:lang="en" xlink:role="http://www.xbrl.org/2008/role/verboseLabel">IO</label:label>
    <gen:arc xlink:type="arc" xlink:arcrole="http://xbrl.org/arcrole/2008/element-label" xlink:from="loc_s2c_PU_32." xlink:to="label_s2c_PU_32._1" />
    <link:loc xlink:type="locator" xlink:href="hier.xsd#s2c_33" xlink:label="loc_s2c_PU_33." />
    <label:label xlink:type="resource" xlink:label="label_s2c_PU_33." xml:lang="en" xlink:role="http://www.xbrl.org/2008/role/label">Portfolio (investment, securities lending and repo)[210]</label:label>
    <gen:arc xlink:type="arc" xlink:arcrole="http://xbrl.org/arcrole/2008/element-label" xlink:from="loc_s2c_PU_33." xlink:to="label_s2c_PU_33." />
    <label:label xlink:type="resource" xlink:label="label_s2c_PU_33._1" xml:lang="en" xlink:role="http://www.xbrl.org/2008/role/verboseLabel">PO</label:label>
    <gen:arc xlink:type="arc" xlink:arcrole="http://xbrl.org/arcrole/2008/element-label" xlink:from="loc_s2c_PU_33." xlink:to="label_s2c_PU_33._1" />
    <link:loc xlink:type="locator" xlink:href="hier.xsd#s2c_34" xlink:label="loc_s2c_PU_34." />
    <label:label xlink:type="resource" xlink:label="label_s2c_PU_34." xml:lang="en" xlink:role="http://www.xbrl.org/2008/role/label">RFF or MAP</label:label>
    <gen:arc xlink:type="arc" xlink:arcrole="http://xbrl.org/arcrole/2008/element-label" xlink:from="loc_s2c_PU_34." xlink:to="label_s2c_PU_34." />
    <label:label xlink:type="resource" xlink:label="label_s2c_PU_34._1" xml:lang="en" xlink:role="http://www.xbrl.org/2008/role/verboseLabel">PO</label:label>
    <gen:arc xlink:type="arc" xlink:arcrole="http://xbrl.org/arcrole/2008/element-label" xlink:from="loc_s2c_PU_34." xlink:to="label_s2c_PU_34._1" />
    <link:loc xlink:type="locator" xlink:href="hier.xsd#s2c_35" xlink:label="loc_s2c_PU_35." />
    <label:label xlink:type="resource" xlink:label="label_s2c_PU_35." xml:lang="en" xlink:role="http://www.xbrl.org/2008/role/label">Ring-fenced fund/matching portfolio/remaining part</label:label>
    <gen:arc xlink:type="arc" xlink:arcrole="http://xbrl.org/arcrole/2008/element-label" xlink:from="loc_s2c_PU_35." xlink:to="label_s2c_PU_35." />
    <label:label xlink:type="resource" xlink:label="label_s2c_PU_35._1" xml:lang="en" xlink:role="http://www.xbrl.org/2008/role/verboseLabel">PO</label:label>
    <gen:arc xlink:type="arc" xlink:arcrole="http://xbrl.org/arcrole/2008/element-label" xlink:from="loc_s2c_PU_35." xlink:to="label_s2c_PU_35._1" />
    <link:loc xlink:type="locator" xlink:href="hier.xsd#s2c_36" xlink:label="loc_s2c_PU_36." />
    <label:label xlink:type="resource" xlink:label="label_s2c_PU_36." xml:lang="en" xlink:role="http://www.xbrl.org/2008/role/label">RFF,MAP or Remaining of a fund</label:label>
    <gen:arc xlink:type="arc" xlink:arcrole="http://xbrl.org/arcrole/2008/element-label" xlink:from="loc_s2c_PU_36." xlink:to="label_s2c_PU_36." />
    <label:label xlink:type="resource" xlink:label="label_s2c_PU_36._1" xml:lang="en" xlink:role="http://www.xbrl.org/2008/role/verboseLabel">PO</label:label>
    <gen:arc xlink:type="arc" xlink:arcrole="http://xbrl.org/arcrole/2008/element-label" xlink:from="loc_s2c_PU_36." xlink:to="label_s2c_PU_36._1" />
    <link:loc xlink:type="locator" xlink:href="hier.xsd#s2c_37" xlink:label="loc_s2c_PU_37." />
    <label:label xlink:type="resource" xlink:label="label_s2c_PU_37." xml:lang="en" xlink:role="http://www.xbrl.org/2008/role/label">RFF,MAP or Remaining of a fund</label:label>
    <gen:arc xlink:type="arc" xlink:arcrole="http://xbrl.org/arcrole/2008/element-label" xlink:from="loc_s2c_PU_37." xlink:to="label_s2c_PU_37." />
    <label:label xlink:type="resource" xlink:label="label_s2c_PU_37._1" xml:lang="en" xlink:role="http://www.xbrl.org/2008/role/verboseLabel">PO</label:label>
    <gen:arc xlink:type="arc" xlink:arcrole="http://xbrl.org/arcrole/2008/element-label" xlink:from="loc_s2c_PU_37." xlink:to="label_s2c_PU_37._1" />
    <link:loc xlink:type="locator" xlink:href="hier.xsd#s2c_38" xlink:label="loc_s2c_PU_38." />
    <label:label xlink:type="resource" xlink:label="label_s2c_PU_38." xml:lang="en" xlink:role="http://www.xbrl.org/2008/role/label">Investment or own use</label:label>
    <gen:arc xlink:type="arc" xlink:arcrole="http://xbrl.org/arcrole/2008/element-label" xlink:from="loc_s2c_PU_38." xlink:to="label_s2c_PU_38." />
    <label:label xlink:type="resource" xlink:label="label_s2c_PU_38._1" xml:lang="en" xlink:role="http://www.xbrl.org/2008/role/verboseLabel">IO</label:label>
    <gen:arc xlink:type="arc" xlink:arcrole="http://xbrl.org/arcrole/2008/element-label" xlink:from="loc_s2c_PU_38." xlink:to="label_s2c_PU_38._1" />
    <link:loc xlink:type="locator" xlink:href="hier.xsd#s2c_39" xlink:label="loc_s2c_PU_39." />
    <label:label xlink:type="resource" xlink:label="label_s2c_PU_39." xml:lang="en" xlink:role="http://www.xbrl.org/2008/role/label">Investment or own use</label:label>
    <gen:arc xlink:type="arc" xlink:arcrole="http://xbrl.org/arcrole/2008/element-label" xlink:from="loc_s2c_PU_39." xlink:to="label_s2c_PU_39." />
    <label:label xlink:type="resource" xlink:label="label_s2c_PU_39._1" xml:lang="en" xlink:role="http://www.xbrl.org/2008/role/verboseLabel">IO</label:label>
    <gen:arc xlink:type="arc" xlink:arcrole="http://xbrl.org/arcrole/2008/element-label" xlink:from="loc_s2c_PU_39." xlink:to="label_s2c_PU_39._1" />
    <link:loc xlink:type="locator" xlink:href="hier.xsd#s2c_40" xlink:label="loc_s2c_PU_40." />
    <label:label xlink:type="resource" xlink:label="label_s2c_PU_40." xml:lang="en" xlink:role="http://www.xbrl.org/2008/role/label">Investment or own use</label:label>
    <gen:arc xlink:type="arc" xlink:arcrole="http://xbrl.org/arcrole/2008/element-label" xlink:from="loc_s2c_PU_40." xlink:to="label_s2c_PU_40." />
    <label:label xlink:type="resource" xlink:label="label_s2c_PU_40._1" xml:lang="en" xlink:role="http://www.xbrl.org/2008/role/verboseLabel">IO</label:label>
    <gen:arc xlink:type="arc" xlink:arcrole="http://xbrl.org/arcrole/2008/element-label" xlink:from="loc_s2c_PU_40." xlink:to="label_s2c_PU_40._1" />
  </gen:link>
</link:linkbase>