<?xml version="1.0" encoding="UTF-8"?>
<!--(C) EIOPA - XBRL Taxonomy-->
<?officialURI http://eiopa.europa.eu/eu/xbrl/s2md/fws/solvency/solvency2/2019-07-15/tab/s.01.02.01.01/s.01.02.01.01-rend.xml?>
<?taxonomy-version 2.4.0?>
<?taxonomy-date 2019-07-15?>
<link:linkbase xmlns:xsi="http://www.w3.org/2001/XMLSchema-instance" xmlns:xlink="http://www.w3.org/1999/xlink" xmlns:link="http://www.xbrl.org/2003/linkbase" xmlns:gen="http://xbrl.org/2008/generic" xmlns:label="http://xbrl.org/2008/label" xmlns:formula="http://xbrl.org/2008/formula" xmlns:df="http://xbrl.org/2008/filter/dimension" xmlns:table="http://xbrl.org/2014/table" xmlns:model="http://www.eurofiling.info/xbrl/ext/model" xmlns:s2md_met="http://eiopa.europa.eu/xbrl/s2md/dict/met" xsi:schemaLocation="http://www.xbrl.org/2003/linkbase http://www.xbrl.org/2003/xbrl-linkbase-2003-12-31.xsd http://xbrl.org/2008/generic http://www.xbrl.org/2008/generic-link.xsd http://xbrl.org/2008/label http://www.xbrl.org/2008/generic-label.xsd http://xbrl.org/2008/formula http://www.xbrl.org/2008/formula.xsd http://xbrl.org/2008/filter/dimension http://www.xbrl.org/2008/dimension-filter.xsd http://xbrl.org/2014/table http://www.xbrl.org/2014/table.xsd http://www.eurofiling.info/xbrl/ext/model http://www.eurofiling.info/eu/fr/xbrl/ext/model.xsd">
  <link:arcroleRef arcroleURI="http://xbrl.org/arcrole/2014/breakdown-tree" xlink:type="simple" xlink:href="http://www.xbrl.org/2014/table.xsd#breakdown-tree" />
  <link:arcroleRef arcroleURI="http://xbrl.org/arcrole/2014/definition-node-subtree" xlink:type="simple" xlink:href="http://www.xbrl.org/2014/table.xsd#definition-node-subtree" />
  <link:arcroleRef arcroleURI="http://xbrl.org/arcrole/2014/table-breakdown" xlink:type="simple" xlink:href="http://www.xbrl.org/2014/table.xsd#table-breakdown" />
  <link:roleRef roleURI="http://eiopa.europa.eu/xbrl/s2md/role/fws/solvency/solvency2/2019-07-15/tab/S.01.02.01.01" xlink:type="simple" xlink:href="s.01.02.01.01.xsd#role" />
  <gen:link xlink:type="extended" xlink:role="http://eiopa.europa.eu/xbrl/s2md/role/fws/solvency/solvency2/2019-07-15/tab/S.01.02.01.01">
    <table:table xlink:type="resource" xlink:label="s2md_tS.01.02.01.01" id="s2md_tS.01.02.01.01" />
    <table:breakdown xlink:type="resource" xlink:label="s2md_a1" parentChildOrder="parent-first" id="s2md_a1" />
    <table:ruleNode xlink:type="resource" xlink:label="s2md_a1.root" abstract="true" id="s2md_a1.root" merge="true" />
    <table:breakdownTreeArc xlink:type="arc" xlink:arcrole="http://xbrl.org/arcrole/2014/breakdown-tree" xlink:from="s2md_a1" xlink:to="s2md_a1.root" order="0" />
    <table:ruleNode xlink:type="resource" xlink:label="s2md_c499" id="s2md_c499" />
    <table:definitionNodeSubtreeArc xlink:type="arc" xlink:arcrole="http://xbrl.org/arcrole/2014/definition-node-subtree" xlink:from="s2md_a1.root" xlink:to="s2md_c499" order="1" />
    <table:tableBreakdownArc xlink:type="arc" xlink:arcrole="http://xbrl.org/arcrole/2014/table-breakdown" xlink:from="s2md_tS.01.02.01.01" xlink:to="s2md_a1" axis="x" order="1" />
    <table:breakdown xlink:type="resource" xlink:label="s2md_a2" parentChildOrder="parent-first" id="s2md_a2" />
    <table:ruleNode xlink:type="resource" xlink:label="s2md_a2.root" abstract="true" id="s2md_a2.root" merge="true" />
    <table:breakdownTreeArc xlink:type="arc" xlink:arcrole="http://xbrl.org/arcrole/2014/breakdown-tree" xlink:from="s2md_a2" xlink:to="s2md_a2.root" order="0" />
    <table:ruleNode xlink:type="resource" xlink:label="s2md_c500" id="s2md_c500">
      <formula:concept>
        <formula:qname>s2md_met:si1376</formula:qname>
      </formula:concept>
    </table:ruleNode>
    <table:definitionNodeSubtreeArc xlink:type="arc" xlink:arcrole="http://xbrl.org/arcrole/2014/definition-node-subtree" xlink:from="s2md_a2.root" xlink:to="s2md_c500" order="1" />
    <table:ruleNode xlink:type="resource" xlink:label="s2md_c501" id="s2md_c501">
      <formula:concept>
        <formula:qname>s2md_met:si1899</formula:qname>
      </formula:concept>
    </table:ruleNode>
    <table:definitionNodeSubtreeArc xlink:type="arc" xlink:arcrole="http://xbrl.org/arcrole/2014/definition-node-subtree" xlink:from="s2md_a2.root" xlink:to="s2md_c501" order="2" />
    <table:ruleNode xlink:type="resource" xlink:label="s2md_c502" id="s2md_c502">
      <formula:concept>
        <formula:qname>s2md_met:ei2499</formula:qname>
      </formula:concept>
    </table:ruleNode>
    <table:definitionNodeSubtreeArc xlink:type="arc" xlink:arcrole="http://xbrl.org/arcrole/2014/definition-node-subtree" xlink:from="s2md_a2.root" xlink:to="s2md_c502" order="3" />
    <table:ruleNode xlink:type="resource" xlink:label="s2md_c503" id="s2md_c503">
      <formula:concept>
        <formula:qname>s2md_met:ei2453</formula:qname>
      </formula:concept>
    </table:ruleNode>
    <table:definitionNodeSubtreeArc xlink:type="arc" xlink:arcrole="http://xbrl.org/arcrole/2014/definition-node-subtree" xlink:from="s2md_a2.root" xlink:to="s2md_c503" order="4" />
    <table:ruleNode xlink:type="resource" xlink:label="s2md_c504" id="s2md_c504">
      <formula:concept>
        <formula:qname>s2md_met:ei1683</formula:qname>
      </formula:concept>
    </table:ruleNode>
    <table:definitionNodeSubtreeArc xlink:type="arc" xlink:arcrole="http://xbrl.org/arcrole/2014/definition-node-subtree" xlink:from="s2md_a2.root" xlink:to="s2md_c504" order="5" />
    <table:ruleNode xlink:type="resource" xlink:label="s2md_c505" id="s2md_c505">
      <formula:concept>
        <formula:qname>s2md_met:di1044</formula:qname>
      </formula:concept>
    </table:ruleNode>
    <table:definitionNodeSubtreeArc xlink:type="arc" xlink:arcrole="http://xbrl.org/arcrole/2014/definition-node-subtree" xlink:from="s2md_a2.root" xlink:to="s2md_c505" order="6" />
    <table:ruleNode xlink:type="resource" xlink:label="s2md_c506" id="s2md_c506">
      <formula:concept>
        <formula:qname>s2md_met:di2502</formula:qname>
      </formula:concept>
    </table:ruleNode>
    <table:definitionNodeSubtreeArc xlink:type="arc" xlink:arcrole="http://xbrl.org/arcrole/2014/definition-node-subtree" xlink:from="s2md_a2.root" xlink:to="s2md_c506" order="7" />
    <table:ruleNode xlink:type="resource" xlink:label="s2md_c507" id="s2md_c507">
      <formula:concept>
        <formula:qname>s2md_met:di1043</formula:qname>
      </formula:concept>
    </table:ruleNode>
    <table:definitionNodeSubtreeArc xlink:type="arc" xlink:arcrole="http://xbrl.org/arcrole/2014/definition-node-subtree" xlink:from="s2md_a2.root" xlink:to="s2md_c507" order="8" />
    <table:ruleNode xlink:type="resource" xlink:label="s2md_c508" id="s2md_c508">
      <formula:concept>
        <formula:qname>s2md_met:ei1677</formula:qname>
      </formula:concept>
    </table:ruleNode>
    <table:definitionNodeSubtreeArc xlink:type="arc" xlink:arcrole="http://xbrl.org/arcrole/2014/definition-node-subtree" xlink:from="s2md_a2.root" xlink:to="s2md_c508" order="9" />
    <table:ruleNode xlink:type="resource" xlink:label="s2md_c509" id="s2md_c509">
      <formula:concept>
        <formula:qname>s2md_met:ei1930</formula:qname>
      </formula:concept>
    </table:ruleNode>
    <table:definitionNodeSubtreeArc xlink:type="arc" xlink:arcrole="http://xbrl.org/arcrole/2014/definition-node-subtree" xlink:from="s2md_a2.root" xlink:to="s2md_c509" order="10" />
    <table:ruleNode xlink:type="resource" xlink:label="s2md_c510" id="s2md_c510">
      <formula:concept>
        <formula:qname>s2md_met:ei1687</formula:qname>
      </formula:concept>
    </table:ruleNode>
    <table:definitionNodeSubtreeArc xlink:type="arc" xlink:arcrole="http://xbrl.org/arcrole/2014/definition-node-subtree" xlink:from="s2md_a2.root" xlink:to="s2md_c510" order="11" />
    <table:ruleNode xlink:type="resource" xlink:label="s2md_c511" id="s2md_c511">
      <formula:concept>
        <formula:qname>s2md_met:ei1676</formula:qname>
      </formula:concept>
    </table:ruleNode>
    <table:definitionNodeSubtreeArc xlink:type="arc" xlink:arcrole="http://xbrl.org/arcrole/2014/definition-node-subtree" xlink:from="s2md_a2.root" xlink:to="s2md_c511" order="12" />
    <table:ruleNode xlink:type="resource" xlink:label="s2md_c512" id="s2md_c512">
      <formula:concept>
        <formula:qname>s2md_met:ei1678</formula:qname>
      </formula:concept>
    </table:ruleNode>
    <table:definitionNodeSubtreeArc xlink:type="arc" xlink:arcrole="http://xbrl.org/arcrole/2014/definition-node-subtree" xlink:from="s2md_a2.root" xlink:to="s2md_c512" order="13" />
    <table:ruleNode xlink:type="resource" xlink:label="s2md_c513" id="s2md_c513">
      <formula:concept>
        <formula:qname>s2md_met:ei1931</formula:qname>
      </formula:concept>
    </table:ruleNode>
    <table:definitionNodeSubtreeArc xlink:type="arc" xlink:arcrole="http://xbrl.org/arcrole/2014/definition-node-subtree" xlink:from="s2md_a2.root" xlink:to="s2md_c513" order="14" />
    <table:ruleNode xlink:type="resource" xlink:label="s2md_c514" id="s2md_c514">
      <formula:concept>
        <formula:qname>s2md_met:ei1679</formula:qname>
      </formula:concept>
    </table:ruleNode>
    <table:definitionNodeSubtreeArc xlink:type="arc" xlink:arcrole="http://xbrl.org/arcrole/2014/definition-node-subtree" xlink:from="s2md_a2.root" xlink:to="s2md_c514" order="15" />
    <table:ruleNode xlink:type="resource" xlink:label="s2md_c515" id="s2md_c515">
      <formula:concept>
        <formula:qname>s2md_met:ei1680</formula:qname>
      </formula:concept>
    </table:ruleNode>
    <table:definitionNodeSubtreeArc xlink:type="arc" xlink:arcrole="http://xbrl.org/arcrole/2014/definition-node-subtree" xlink:from="s2md_a2.root" xlink:to="s2md_c515" order="16" />
    <table:ruleNode xlink:type="resource" xlink:label="s2md_c516" id="s2md_c516">
      <formula:concept>
        <formula:qname>s2md_met:ei1681</formula:qname>
      </formula:concept>
    </table:ruleNode>
    <table:definitionNodeSubtreeArc xlink:type="arc" xlink:arcrole="http://xbrl.org/arcrole/2014/definition-node-subtree" xlink:from="s2md_a2.root" xlink:to="s2md_c516" order="17" />
    <table:ruleNode xlink:type="resource" xlink:label="s2md_c517" id="s2md_c517">
      <formula:concept>
        <formula:qname>s2md_met:ei1682</formula:qname>
      </formula:concept>
    </table:ruleNode>
    <table:definitionNodeSubtreeArc xlink:type="arc" xlink:arcrole="http://xbrl.org/arcrole/2014/definition-node-subtree" xlink:from="s2md_a2.root" xlink:to="s2md_c517" order="18" />
    <table:ruleNode xlink:type="resource" xlink:label="s2md_c518" id="s2md_c518">
      <formula:concept>
        <formula:qname>s2md_met:ei1684</formula:qname>
      </formula:concept>
    </table:ruleNode>
    <table:definitionNodeSubtreeArc xlink:type="arc" xlink:arcrole="http://xbrl.org/arcrole/2014/definition-node-subtree" xlink:from="s2md_a2.root" xlink:to="s2md_c518" order="19" />
    <table:ruleNode xlink:type="resource" xlink:label="s2md_c519" id="s2md_c519">
      <formula:concept>
        <formula:qname>s2md_met:ei2514</formula:qname>
      </formula:concept>
    </table:ruleNode>
    <table:definitionNodeSubtreeArc xlink:type="arc" xlink:arcrole="http://xbrl.org/arcrole/2014/definition-node-subtree" xlink:from="s2md_a2.root" xlink:to="s2md_c519" order="20" />
    <table:ruleNode xlink:type="resource" xlink:label="s2md_c520" id="s2md_c520">
      <formula:concept>
        <formula:qname>s2md_met:si2548</formula:qname>
      </formula:concept>
    </table:ruleNode>
    <table:definitionNodeSubtreeArc xlink:type="arc" xlink:arcrole="http://xbrl.org/arcrole/2014/definition-node-subtree" xlink:from="s2md_a2.root" xlink:to="s2md_c520" order="21" />
    <table:ruleNode xlink:type="resource" xlink:label="s2md_c521" id="s2md_c521">
      <formula:concept>
        <formula:qname>s2md_met:si2549</formula:qname>
      </formula:concept>
    </table:ruleNode>
    <table:definitionNodeSubtreeArc xlink:type="arc" xlink:arcrole="http://xbrl.org/arcrole/2014/definition-node-subtree" xlink:from="s2md_a2.root" xlink:to="s2md_c521" order="22" />
    <table:ruleNode xlink:type="resource" xlink:label="s2md_c522" id="s2md_c522">
      <formula:concept>
        <formula:qname>s2md_met:si2550</formula:qname>
      </formula:concept>
    </table:ruleNode>
    <table:definitionNodeSubtreeArc xlink:type="arc" xlink:arcrole="http://xbrl.org/arcrole/2014/definition-node-subtree" xlink:from="s2md_a2.root" xlink:to="s2md_c522" order="23" />
    <table:tableBreakdownArc xlink:type="arc" xlink:arcrole="http://xbrl.org/arcrole/2014/table-breakdown" xlink:from="s2md_tS.01.02.01.01" xlink:to="s2md_a2" axis="y" order="2" />
  </gen:link>
</link:linkbase>