<?xml version="1.0" encoding="UTF-8"?>
<!--(C) EIOPA - XBRL Taxonomy-->
<?officialURI http://eiopa.europa.eu/eu/xbrl/s2c/dict/dom/ap/hier-pre.xml?>
<?taxonomy-version 2.4.0?>
<?taxonomy-date 2019-07-15?>
<link:linkbase xmlns:xsi="http://www.w3.org/2001/XMLSchema-instance" xmlns:xlink="http://www.w3.org/1999/xlink" xmlns:link="http://www.xbrl.org/2003/linkbase" xsi:schemaLocation="http://www.xbrl.org/2003/linkbase http://www.xbrl.org/2003/xbrl-linkbase-2003-12-31.xsd">
  <link:roleRef roleURI="http://eiopa.europa.eu/xbrl/s2c/role/dict/dom/AP/1" xlink:type="simple" xlink:href="hier.xsd#s2c_1" />
  <link:roleRef roleURI="http://eiopa.europa.eu/xbrl/s2c/role/dict/dom/AP/10" xlink:type="simple" xlink:href="hier.xsd#s2c_10" />
  <link:roleRef roleURI="http://eiopa.europa.eu/xbrl/s2c/role/dict/dom/AP/11" xlink:type="simple" xlink:href="hier.xsd#s2c_11" />
  <link:roleRef roleURI="http://eiopa.europa.eu/xbrl/s2c/role/dict/dom/AP/12" xlink:type="simple" xlink:href="hier.xsd#s2c_12" />
  <link:roleRef roleURI="http://eiopa.europa.eu/xbrl/s2c/role/dict/dom/AP/13" xlink:type="simple" xlink:href="hier.xsd#s2c_13" />
  <link:roleRef roleURI="http://eiopa.europa.eu/xbrl/s2c/role/dict/dom/AP/14" xlink:type="simple" xlink:href="hier.xsd#s2c_14" />
  <link:roleRef roleURI="http://eiopa.europa.eu/xbrl/s2c/role/dict/dom/AP/15" xlink:type="simple" xlink:href="hier.xsd#s2c_15" />
  <link:roleRef roleURI="http://eiopa.europa.eu/xbrl/s2c/role/dict/dom/AP/16" xlink:type="simple" xlink:href="hier.xsd#s2c_16" />
  <link:roleRef roleURI="http://eiopa.europa.eu/xbrl/s2c/role/dict/dom/AP/17" xlink:type="simple" xlink:href="hier.xsd#s2c_17" />
  <link:roleRef roleURI="http://eiopa.europa.eu/xbrl/s2c/role/dict/dom/AP/18" xlink:type="simple" xlink:href="hier.xsd#s2c_18" />
  <link:roleRef roleURI="http://eiopa.europa.eu/xbrl/s2c/role/dict/dom/AP/19" xlink:type="simple" xlink:href="hier.xsd#s2c_19" />
  <link:roleRef roleURI="http://eiopa.europa.eu/xbrl/s2c/role/dict/dom/AP/2" xlink:type="simple" xlink:href="hier.xsd#s2c_2" />
  <link:roleRef roleURI="http://eiopa.europa.eu/xbrl/s2c/role/dict/dom/AP/20" xlink:type="simple" xlink:href="hier.xsd#s2c_20" />
  <link:roleRef roleURI="http://eiopa.europa.eu/xbrl/s2c/role/dict/dom/AP/21" xlink:type="simple" xlink:href="hier.xsd#s2c_21" />
  <link:roleRef roleURI="http://eiopa.europa.eu/xbrl/s2c/role/dict/dom/AP/22" xlink:type="simple" xlink:href="hier.xsd#s2c_22" />
  <link:roleRef roleURI="http://eiopa.europa.eu/xbrl/s2c/role/dict/dom/AP/23" xlink:type="simple" xlink:href="hier.xsd#s2c_23" />
  <link:roleRef roleURI="http://eiopa.europa.eu/xbrl/s2c/role/dict/dom/AP/24" xlink:type="simple" xlink:href="hier.xsd#s2c_24" />
  <link:roleRef roleURI="http://eiopa.europa.eu/xbrl/s2c/role/dict/dom/AP/25" xlink:type="simple" xlink:href="hier.xsd#s2c_25" />
  <link:roleRef roleURI="http://eiopa.europa.eu/xbrl/s2c/role/dict/dom/AP/26" xlink:type="simple" xlink:href="hier.xsd#s2c_26" />
  <link:roleRef roleURI="http://eiopa.europa.eu/xbrl/s2c/role/dict/dom/AP/27" xlink:type="simple" xlink:href="hier.xsd#s2c_27" />
  <link:roleRef roleURI="http://eiopa.europa.eu/xbrl/s2c/role/dict/dom/AP/28" xlink:type="simple" xlink:href="hier.xsd#s2c_28" />
  <link:roleRef roleURI="http://eiopa.europa.eu/xbrl/s2c/role/dict/dom/AP/29" xlink:type="simple" xlink:href="hier.xsd#s2c_29" />
  <link:roleRef roleURI="http://eiopa.europa.eu/xbrl/s2c/role/dict/dom/AP/3" xlink:type="simple" xlink:href="hier.xsd#s2c_3" />
  <link:roleRef roleURI="http://eiopa.europa.eu/xbrl/s2c/role/dict/dom/AP/30" xlink:type="simple" xlink:href="hier.xsd#s2c_30" />
  <link:roleRef roleURI="http://eiopa.europa.eu/xbrl/s2c/role/dict/dom/AP/31" xlink:type="simple" xlink:href="hier.xsd#s2c_31" />
  <link:roleRef roleURI="http://eiopa.europa.eu/xbrl/s2c/role/dict/dom/AP/32" xlink:type="simple" xlink:href="hier.xsd#s2c_32" />
  <link:roleRef roleURI="http://eiopa.europa.eu/xbrl/s2c/role/dict/dom/AP/33" xlink:type="simple" xlink:href="hier.xsd#s2c_33" />
  <link:roleRef roleURI="http://eiopa.europa.eu/xbrl/s2c/role/dict/dom/AP/34" xlink:type="simple" xlink:href="hier.xsd#s2c_34" />
  <link:roleRef roleURI="http://eiopa.europa.eu/xbrl/s2c/role/dict/dom/AP/4" xlink:type="simple" xlink:href="hier.xsd#s2c_4" />
  <link:roleRef roleURI="http://eiopa.europa.eu/xbrl/s2c/role/dict/dom/AP/5" xlink:type="simple" xlink:href="hier.xsd#s2c_5" />
  <link:roleRef roleURI="http://eiopa.europa.eu/xbrl/s2c/role/dict/dom/AP/6" xlink:type="simple" xlink:href="hier.xsd#s2c_6" />
  <link:roleRef roleURI="http://eiopa.europa.eu/xbrl/s2c/role/dict/dom/AP/7" xlink:type="simple" xlink:href="hier.xsd#s2c_7" />
  <link:roleRef roleURI="http://eiopa.europa.eu/xbrl/s2c/role/dict/dom/AP/8" xlink:type="simple" xlink:href="hier.xsd#s2c_8" />
  <link:roleRef roleURI="http://eiopa.europa.eu/xbrl/s2c/role/dict/dom/AP/9" xlink:type="simple" xlink:href="hier.xsd#s2c_9" />
  <link:presentationLink xlink:type="extended" xlink:role="http://eiopa.europa.eu/xbrl/s2c/role/dict/dom/AP/1">
    <link:loc xlink:type="locator" xlink:href="../exp.xsd#s2c_AP" xlink:label="loc_s2c_AP" />
    <link:loc xlink:type="locator" xlink:href="mem.xsd#s2c_x0" xlink:label="loc_s2c_x0" />
    <link:presentationArc xlink:type="arc" xlink:arcrole="http://www.xbrl.org/2003/arcrole/parent-child" xlink:from="loc_s2c_AP" xlink:to="loc_s2c_x0" order="1" />
    <link:loc xlink:type="locator" xlink:href="mem.xsd#s2c_x4" xlink:label="loc_s2c_x4" />
    <link:presentationArc xlink:type="arc" xlink:arcrole="http://www.xbrl.org/2003/arcrole/parent-child" xlink:from="loc_s2c_x0" xlink:to="loc_s2c_x4" order="1" />
    <link:loc xlink:type="locator" xlink:href="mem.xsd#s2c_x3" xlink:label="loc_s2c_x3" />
    <link:presentationArc xlink:type="arc" xlink:arcrole="http://www.xbrl.org/2003/arcrole/parent-child" xlink:from="loc_s2c_x4" xlink:to="loc_s2c_x3" order="1" />
    <link:loc xlink:type="locator" xlink:href="mem.xsd#s2c_x2" xlink:label="loc_s2c_x2" />
    <link:presentationArc xlink:type="arc" xlink:arcrole="http://www.xbrl.org/2003/arcrole/parent-child" xlink:from="loc_s2c_x4" xlink:to="loc_s2c_x2" order="2" />
    <link:loc xlink:type="locator" xlink:href="mem.xsd#s2c_x1" xlink:label="loc_s2c_x1" />
    <link:presentationArc xlink:type="arc" xlink:arcrole="http://www.xbrl.org/2003/arcrole/parent-child" xlink:from="loc_s2c_x0" xlink:to="loc_s2c_x1" order="2" />
  </link:presentationLink>
  <link:presentationLink xlink:type="extended" xlink:role="http://eiopa.europa.eu/xbrl/s2c/role/dict/dom/AP/2">
    <link:loc xlink:type="locator" xlink:href="../exp.xsd#s2c_AP" xlink:label="loc_s2c_AP" />
    <link:loc xlink:type="locator" xlink:href="mem.xsd#s2c_x0" xlink:label="loc_s2c_x0" />
    <link:presentationArc xlink:type="arc" xlink:arcrole="http://www.xbrl.org/2003/arcrole/parent-child" xlink:from="loc_s2c_AP" xlink:to="loc_s2c_x0" order="1" />
    <link:loc xlink:type="locator" xlink:href="mem.xsd#s2c_x4" xlink:label="loc_s2c_x4" />
    <link:presentationArc xlink:type="arc" xlink:arcrole="http://www.xbrl.org/2003/arcrole/parent-child" xlink:from="loc_s2c_x0" xlink:to="loc_s2c_x4" order="1" />
    <link:loc xlink:type="locator" xlink:href="mem.xsd#s2c_x1" xlink:label="loc_s2c_x1" />
    <link:presentationArc xlink:type="arc" xlink:arcrole="http://www.xbrl.org/2003/arcrole/parent-child" xlink:from="loc_s2c_x0" xlink:to="loc_s2c_x1" order="2" />
  </link:presentationLink>
  <link:presentationLink xlink:type="extended" xlink:role="http://eiopa.europa.eu/xbrl/s2c/role/dict/dom/AP/3">
    <link:loc xlink:type="locator" xlink:href="../exp.xsd#s2c_AP" xlink:label="loc_s2c_AP" />
    <link:loc xlink:type="locator" xlink:href="mem.xsd#s2c_x3" xlink:label="loc_s2c_x3" />
    <link:presentationArc xlink:type="arc" xlink:arcrole="http://www.xbrl.org/2003/arcrole/parent-child" xlink:from="loc_s2c_AP" xlink:to="loc_s2c_x3" order="1" />
    <link:loc xlink:type="locator" xlink:href="mem.xsd#s2c_x2" xlink:label="loc_s2c_x2" />
    <link:presentationArc xlink:type="arc" xlink:arcrole="http://www.xbrl.org/2003/arcrole/parent-child" xlink:from="loc_s2c_AP" xlink:to="loc_s2c_x2" order="2" />
    <link:loc xlink:type="locator" xlink:href="mem.xsd#s2c_x1" xlink:label="loc_s2c_x1" />
    <link:presentationArc xlink:type="arc" xlink:arcrole="http://www.xbrl.org/2003/arcrole/parent-child" xlink:from="loc_s2c_AP" xlink:to="loc_s2c_x1" order="3" />
  </link:presentationLink>
  <link:presentationLink xlink:type="extended" xlink:role="http://eiopa.europa.eu/xbrl/s2c/role/dict/dom/AP/4">
    <link:loc xlink:type="locator" xlink:href="../exp.xsd#s2c_AP" xlink:label="loc_s2c_AP" />
    <link:loc xlink:type="locator" xlink:href="mem.xsd#s2c_x5" xlink:label="loc_s2c_x5" />
    <link:presentationArc xlink:type="arc" xlink:arcrole="http://www.xbrl.org/2003/arcrole/parent-child" xlink:from="loc_s2c_AP" xlink:to="loc_s2c_x5" order="1" />
    <link:loc xlink:type="locator" xlink:href="mem.xsd#s2c_x6" xlink:label="loc_s2c_x6" />
    <link:presentationArc xlink:type="arc" xlink:arcrole="http://www.xbrl.org/2003/arcrole/parent-child" xlink:from="loc_s2c_AP" xlink:to="loc_s2c_x6" order="2" />
  </link:presentationLink>
  <link:presentationLink xlink:type="extended" xlink:role="http://eiopa.europa.eu/xbrl/s2c/role/dict/dom/AP/5">
    <link:loc xlink:type="locator" xlink:href="../exp.xsd#s2c_AP" xlink:label="loc_s2c_AP" />
    <link:loc xlink:type="locator" xlink:href="mem.xsd#s2c_x7" xlink:label="loc_s2c_x7" />
    <link:presentationArc xlink:type="arc" xlink:arcrole="http://www.xbrl.org/2003/arcrole/parent-child" xlink:from="loc_s2c_AP" xlink:to="loc_s2c_x7" order="1" />
    <link:loc xlink:type="locator" xlink:href="mem.xsd#s2c_x8" xlink:label="loc_s2c_x8" />
    <link:presentationArc xlink:type="arc" xlink:arcrole="http://www.xbrl.org/2003/arcrole/parent-child" xlink:from="loc_s2c_AP" xlink:to="loc_s2c_x8" order="2" />
  </link:presentationLink>
  <link:presentationLink xlink:type="extended" xlink:role="http://eiopa.europa.eu/xbrl/s2c/role/dict/dom/AP/6">
    <link:loc xlink:type="locator" xlink:href="../exp.xsd#s2c_AP" xlink:label="loc_s2c_AP" />
    <link:loc xlink:type="locator" xlink:href="mem.xsd#s2c_x9" xlink:label="loc_s2c_x9" />
    <link:presentationArc xlink:type="arc" xlink:arcrole="http://www.xbrl.org/2003/arcrole/parent-child" xlink:from="loc_s2c_AP" xlink:to="loc_s2c_x9" order="1" />
    <link:loc xlink:type="locator" xlink:href="mem.xsd#s2c_x10" xlink:label="loc_s2c_x10" />
    <link:presentationArc xlink:type="arc" xlink:arcrole="http://www.xbrl.org/2003/arcrole/parent-child" xlink:from="loc_s2c_AP" xlink:to="loc_s2c_x10" order="2" />
  </link:presentationLink>
  <link:presentationLink xlink:type="extended" xlink:role="http://eiopa.europa.eu/xbrl/s2c/role/dict/dom/AP/7">
    <link:loc xlink:type="locator" xlink:href="../exp.xsd#s2c_AP" xlink:label="loc_s2c_AP" />
    <link:loc xlink:type="locator" xlink:href="mem.xsd#s2c_x11" xlink:label="loc_s2c_x11" />
    <link:presentationArc xlink:type="arc" xlink:arcrole="http://www.xbrl.org/2003/arcrole/parent-child" xlink:from="loc_s2c_AP" xlink:to="loc_s2c_x11" order="1" />
    <link:loc xlink:type="locator" xlink:href="mem.xsd#s2c_x12" xlink:label="loc_s2c_x12" />
    <link:presentationArc xlink:type="arc" xlink:arcrole="http://www.xbrl.org/2003/arcrole/parent-child" xlink:from="loc_s2c_AP" xlink:to="loc_s2c_x12" order="2" />
  </link:presentationLink>
  <link:presentationLink xlink:type="extended" xlink:role="http://eiopa.europa.eu/xbrl/s2c/role/dict/dom/AP/8">
    <link:loc xlink:type="locator" xlink:href="../exp.xsd#s2c_AP" xlink:label="loc_s2c_AP" />
    <link:loc xlink:type="locator" xlink:href="mem.xsd#s2c_x13" xlink:label="loc_s2c_x13" />
    <link:presentationArc xlink:type="arc" xlink:arcrole="http://www.xbrl.org/2003/arcrole/parent-child" xlink:from="loc_s2c_AP" xlink:to="loc_s2c_x13" order="1" />
    <link:loc xlink:type="locator" xlink:href="mem.xsd#s2c_x14" xlink:label="loc_s2c_x14" />
    <link:presentationArc xlink:type="arc" xlink:arcrole="http://www.xbrl.org/2003/arcrole/parent-child" xlink:from="loc_s2c_AP" xlink:to="loc_s2c_x14" order="2" />
  </link:presentationLink>
  <link:presentationLink xlink:type="extended" xlink:role="http://eiopa.europa.eu/xbrl/s2c/role/dict/dom/AP/9">
    <link:loc xlink:type="locator" xlink:href="../exp.xsd#s2c_AP" xlink:label="loc_s2c_AP" />
    <link:loc xlink:type="locator" xlink:href="mem.xsd#s2c_x15" xlink:label="loc_s2c_x15" />
    <link:presentationArc xlink:type="arc" xlink:arcrole="http://www.xbrl.org/2003/arcrole/parent-child" xlink:from="loc_s2c_AP" xlink:to="loc_s2c_x15" order="1" />
    <link:loc xlink:type="locator" xlink:href="mem.xsd#s2c_x16" xlink:label="loc_s2c_x16" />
    <link:presentationArc xlink:type="arc" xlink:arcrole="http://www.xbrl.org/2003/arcrole/parent-child" xlink:from="loc_s2c_AP" xlink:to="loc_s2c_x16" order="2" />
    <link:loc xlink:type="locator" xlink:href="mem.xsd#s2c_x17" xlink:label="loc_s2c_x17" />
    <link:presentationArc xlink:type="arc" xlink:arcrole="http://www.xbrl.org/2003/arcrole/parent-child" xlink:from="loc_s2c_AP" xlink:to="loc_s2c_x17" order="3" />
  </link:presentationLink>
  <link:presentationLink xlink:type="extended" xlink:role="http://eiopa.europa.eu/xbrl/s2c/role/dict/dom/AP/10">
    <link:loc xlink:type="locator" xlink:href="../exp.xsd#s2c_AP" xlink:label="loc_s2c_AP" />
    <link:loc xlink:type="locator" xlink:href="mem.xsd#s2c_x0" xlink:label="loc_s2c_x0" />
    <link:presentationArc xlink:type="arc" xlink:arcrole="http://www.xbrl.org/2003/arcrole/parent-child" xlink:from="loc_s2c_AP" xlink:to="loc_s2c_x0" order="1" />
    <link:loc xlink:type="locator" xlink:href="mem.xsd#s2c_x11" xlink:label="loc_s2c_x11" />
    <link:presentationArc xlink:type="arc" xlink:arcrole="http://www.xbrl.org/2003/arcrole/parent-child" xlink:from="loc_s2c_x0" xlink:to="loc_s2c_x11" order="1" />
    <link:loc xlink:type="locator" xlink:href="mem.xsd#s2c_x9" xlink:label="loc_s2c_x9" />
    <link:presentationArc xlink:type="arc" xlink:arcrole="http://www.xbrl.org/2003/arcrole/parent-child" xlink:from="loc_s2c_x11" xlink:to="loc_s2c_x9" order="1" />
    <link:loc xlink:type="locator" xlink:href="mem.xsd#s2c_x7" xlink:label="loc_s2c_x7" />
    <link:presentationArc xlink:type="arc" xlink:arcrole="http://www.xbrl.org/2003/arcrole/parent-child" xlink:from="loc_s2c_x11" xlink:to="loc_s2c_x7" order="2" />
    <link:loc xlink:type="locator" xlink:href="mem.xsd#s2c_x18" xlink:label="loc_s2c_x18" />
    <link:presentationArc xlink:type="arc" xlink:arcrole="http://www.xbrl.org/2003/arcrole/parent-child" xlink:from="loc_s2c_x11" xlink:to="loc_s2c_x18" order="3" />
    <link:loc xlink:type="locator" xlink:href="mem.xsd#s2c_x12" xlink:label="loc_s2c_x12" />
    <link:presentationArc xlink:type="arc" xlink:arcrole="http://www.xbrl.org/2003/arcrole/parent-child" xlink:from="loc_s2c_x0" xlink:to="loc_s2c_x12" order="2" />
  </link:presentationLink>
  <link:presentationLink xlink:type="extended" xlink:role="http://eiopa.europa.eu/xbrl/s2c/role/dict/dom/AP/11">
    <link:loc xlink:type="locator" xlink:href="../exp.xsd#s2c_AP" xlink:label="loc_s2c_AP" />
    <link:loc xlink:type="locator" xlink:href="mem.xsd#s2c_x21" xlink:label="loc_s2c_x21" />
    <link:presentationArc xlink:type="arc" xlink:arcrole="http://www.xbrl.org/2003/arcrole/parent-child" xlink:from="loc_s2c_AP" xlink:to="loc_s2c_x21" order="1" />
    <link:loc xlink:type="locator" xlink:href="mem.xsd#s2c_x22" xlink:label="loc_s2c_x22" />
    <link:presentationArc xlink:type="arc" xlink:arcrole="http://www.xbrl.org/2003/arcrole/parent-child" xlink:from="loc_s2c_AP" xlink:to="loc_s2c_x22" order="2" />
  </link:presentationLink>
  <link:presentationLink xlink:type="extended" xlink:role="http://eiopa.europa.eu/xbrl/s2c/role/dict/dom/AP/12">
    <link:loc xlink:type="locator" xlink:href="../exp.xsd#s2c_AP" xlink:label="loc_s2c_AP" />
    <link:loc xlink:type="locator" xlink:href="mem.xsd#s2c_x19" xlink:label="loc_s2c_x19" />
    <link:presentationArc xlink:type="arc" xlink:arcrole="http://www.xbrl.org/2003/arcrole/parent-child" xlink:from="loc_s2c_AP" xlink:to="loc_s2c_x19" order="1" />
    <link:loc xlink:type="locator" xlink:href="mem.xsd#s2c_x20" xlink:label="loc_s2c_x20" />
    <link:presentationArc xlink:type="arc" xlink:arcrole="http://www.xbrl.org/2003/arcrole/parent-child" xlink:from="loc_s2c_AP" xlink:to="loc_s2c_x20" order="2" />
  </link:presentationLink>
  <link:presentationLink xlink:type="extended" xlink:role="http://eiopa.europa.eu/xbrl/s2c/role/dict/dom/AP/13">
    <link:loc xlink:type="locator" xlink:href="../exp.xsd#s2c_AP" xlink:label="loc_s2c_AP" />
    <link:loc xlink:type="locator" xlink:href="mem.xsd#s2c_x23" xlink:label="loc_s2c_x23" />
    <link:presentationArc xlink:type="arc" xlink:arcrole="http://www.xbrl.org/2003/arcrole/parent-child" xlink:from="loc_s2c_AP" xlink:to="loc_s2c_x23" order="1" />
    <link:loc xlink:type="locator" xlink:href="mem.xsd#s2c_x24" xlink:label="loc_s2c_x24" />
    <link:presentationArc xlink:type="arc" xlink:arcrole="http://www.xbrl.org/2003/arcrole/parent-child" xlink:from="loc_s2c_AP" xlink:to="loc_s2c_x24" order="2" />
  </link:presentationLink>
  <link:presentationLink xlink:type="extended" xlink:role="http://eiopa.europa.eu/xbrl/s2c/role/dict/dom/AP/14">
    <link:loc xlink:type="locator" xlink:href="../exp.xsd#s2c_AP" xlink:label="loc_s2c_AP" />
    <link:loc xlink:type="locator" xlink:href="mem.xsd#s2c_x25" xlink:label="loc_s2c_x25" />
    <link:presentationArc xlink:type="arc" xlink:arcrole="http://www.xbrl.org/2003/arcrole/parent-child" xlink:from="loc_s2c_AP" xlink:to="loc_s2c_x25" order="1" />
    <link:loc xlink:type="locator" xlink:href="mem.xsd#s2c_x26" xlink:label="loc_s2c_x26" />
    <link:presentationArc xlink:type="arc" xlink:arcrole="http://www.xbrl.org/2003/arcrole/parent-child" xlink:from="loc_s2c_AP" xlink:to="loc_s2c_x26" order="2" />
    <link:loc xlink:type="locator" xlink:href="mem.xsd#s2c_x27" xlink:label="loc_s2c_x27" />
    <link:presentationArc xlink:type="arc" xlink:arcrole="http://www.xbrl.org/2003/arcrole/parent-child" xlink:from="loc_s2c_AP" xlink:to="loc_s2c_x27" order="3" />
    <link:loc xlink:type="locator" xlink:href="mem.xsd#s2c_x28" xlink:label="loc_s2c_x28" />
    <link:presentationArc xlink:type="arc" xlink:arcrole="http://www.xbrl.org/2003/arcrole/parent-child" xlink:from="loc_s2c_AP" xlink:to="loc_s2c_x28" order="4" />
  </link:presentationLink>
  <link:presentationLink xlink:type="extended" xlink:role="http://eiopa.europa.eu/xbrl/s2c/role/dict/dom/AP/15">
    <link:loc xlink:type="locator" xlink:href="../exp.xsd#s2c_AP" xlink:label="loc_s2c_AP" />
    <link:loc xlink:type="locator" xlink:href="mem.xsd#s2c_x29" xlink:label="loc_s2c_x29" />
    <link:presentationArc xlink:type="arc" xlink:arcrole="http://www.xbrl.org/2003/arcrole/parent-child" xlink:from="loc_s2c_AP" xlink:to="loc_s2c_x29" order="1" />
    <link:loc xlink:type="locator" xlink:href="mem.xsd#s2c_x30" xlink:label="loc_s2c_x30" />
    <link:presentationArc xlink:type="arc" xlink:arcrole="http://www.xbrl.org/2003/arcrole/parent-child" xlink:from="loc_s2c_AP" xlink:to="loc_s2c_x30" order="2" />
  </link:presentationLink>
  <link:presentationLink xlink:type="extended" xlink:role="http://eiopa.europa.eu/xbrl/s2c/role/dict/dom/AP/16">
    <link:loc xlink:type="locator" xlink:href="../exp.xsd#s2c_AP" xlink:label="loc_s2c_AP" />
    <link:loc xlink:type="locator" xlink:href="mem.xsd#s2c_x31" xlink:label="loc_s2c_x31" />
    <link:presentationArc xlink:type="arc" xlink:arcrole="http://www.xbrl.org/2003/arcrole/parent-child" xlink:from="loc_s2c_AP" xlink:to="loc_s2c_x31" order="1" />
    <link:loc xlink:type="locator" xlink:href="mem.xsd#s2c_x32" xlink:label="loc_s2c_x32" />
    <link:presentationArc xlink:type="arc" xlink:arcrole="http://www.xbrl.org/2003/arcrole/parent-child" xlink:from="loc_s2c_AP" xlink:to="loc_s2c_x32" order="2" />
  </link:presentationLink>
  <link:presentationLink xlink:type="extended" xlink:role="http://eiopa.europa.eu/xbrl/s2c/role/dict/dom/AP/17">
    <link:loc xlink:type="locator" xlink:href="../exp.xsd#s2c_AP" xlink:label="loc_s2c_AP" />
    <link:loc xlink:type="locator" xlink:href="mem.xsd#s2c_x33" xlink:label="loc_s2c_x33" />
    <link:presentationArc xlink:type="arc" xlink:arcrole="http://www.xbrl.org/2003/arcrole/parent-child" xlink:from="loc_s2c_AP" xlink:to="loc_s2c_x33" order="1" />
    <link:loc xlink:type="locator" xlink:href="mem.xsd#s2c_x34" xlink:label="loc_s2c_x34" />
    <link:presentationArc xlink:type="arc" xlink:arcrole="http://www.xbrl.org/2003/arcrole/parent-child" xlink:from="loc_s2c_AP" xlink:to="loc_s2c_x34" order="2" />
  </link:presentationLink>
  <link:presentationLink xlink:type="extended" xlink:role="http://eiopa.europa.eu/xbrl/s2c/role/dict/dom/AP/18">
    <link:loc xlink:type="locator" xlink:href="../exp.xsd#s2c_AP" xlink:label="loc_s2c_AP" />
    <link:loc xlink:type="locator" xlink:href="mem.xsd#s2c_x35" xlink:label="loc_s2c_x35" />
    <link:presentationArc xlink:type="arc" xlink:arcrole="http://www.xbrl.org/2003/arcrole/parent-child" xlink:from="loc_s2c_AP" xlink:to="loc_s2c_x35" order="1" />
    <link:loc xlink:type="locator" xlink:href="mem.xsd#s2c_x36" xlink:label="loc_s2c_x36" />
    <link:presentationArc xlink:type="arc" xlink:arcrole="http://www.xbrl.org/2003/arcrole/parent-child" xlink:from="loc_s2c_AP" xlink:to="loc_s2c_x36" order="2" />
    <link:loc xlink:type="locator" xlink:href="mem.xsd#s2c_x37" xlink:label="loc_s2c_x37" />
    <link:presentationArc xlink:type="arc" xlink:arcrole="http://www.xbrl.org/2003/arcrole/parent-child" xlink:from="loc_s2c_AP" xlink:to="loc_s2c_x37" order="3" />
    <link:loc xlink:type="locator" xlink:href="mem.xsd#s2c_x38" xlink:label="loc_s2c_x38" />
    <link:presentationArc xlink:type="arc" xlink:arcrole="http://www.xbrl.org/2003/arcrole/parent-child" xlink:from="loc_s2c_AP" xlink:to="loc_s2c_x38" order="4" />
  </link:presentationLink>
  <link:presentationLink xlink:type="extended" xlink:role="http://eiopa.europa.eu/xbrl/s2c/role/dict/dom/AP/19">
    <link:loc xlink:type="locator" xlink:href="../exp.xsd#s2c_AP" xlink:label="loc_s2c_AP" />
    <link:loc xlink:type="locator" xlink:href="mem.xsd#s2c_x39" xlink:label="loc_s2c_x39" />
    <link:presentationArc xlink:type="arc" xlink:arcrole="http://www.xbrl.org/2003/arcrole/parent-child" xlink:from="loc_s2c_AP" xlink:to="loc_s2c_x39" order="1" />
    <link:loc xlink:type="locator" xlink:href="mem.xsd#s2c_x40" xlink:label="loc_s2c_x40" />
    <link:presentationArc xlink:type="arc" xlink:arcrole="http://www.xbrl.org/2003/arcrole/parent-child" xlink:from="loc_s2c_AP" xlink:to="loc_s2c_x40" order="2" />
  </link:presentationLink>
  <link:presentationLink xlink:type="extended" xlink:role="http://eiopa.europa.eu/xbrl/s2c/role/dict/dom/AP/20">
    <link:loc xlink:type="locator" xlink:href="../exp.xsd#s2c_AP" xlink:label="loc_s2c_AP" />
    <link:loc xlink:type="locator" xlink:href="mem.xsd#s2c_x39" xlink:label="loc_s2c_x39" />
    <link:presentationArc xlink:type="arc" xlink:arcrole="http://www.xbrl.org/2003/arcrole/parent-child" xlink:from="loc_s2c_AP" xlink:to="loc_s2c_x39" order="1" />
    <link:loc xlink:type="locator" xlink:href="mem.xsd#s2c_x41" xlink:label="loc_s2c_x41" />
    <link:presentationArc xlink:type="arc" xlink:arcrole="http://www.xbrl.org/2003/arcrole/parent-child" xlink:from="loc_s2c_AP" xlink:to="loc_s2c_x41" order="2" />
    <link:loc xlink:type="locator" xlink:href="mem.xsd#s2c_x42" xlink:label="loc_s2c_x42" />
    <link:presentationArc xlink:type="arc" xlink:arcrole="http://www.xbrl.org/2003/arcrole/parent-child" xlink:from="loc_s2c_AP" xlink:to="loc_s2c_x42" order="3" />
    <link:loc xlink:type="locator" xlink:href="mem.xsd#s2c_x43" xlink:label="loc_s2c_x43" />
    <link:presentationArc xlink:type="arc" xlink:arcrole="http://www.xbrl.org/2003/arcrole/parent-child" xlink:from="loc_s2c_AP" xlink:to="loc_s2c_x43" order="4" />
    <link:loc xlink:type="locator" xlink:href="mem.xsd#s2c_x44" xlink:label="loc_s2c_x44" />
    <link:presentationArc xlink:type="arc" xlink:arcrole="http://www.xbrl.org/2003/arcrole/parent-child" xlink:from="loc_s2c_AP" xlink:to="loc_s2c_x44" order="5" />
    <link:loc xlink:type="locator" xlink:href="mem.xsd#s2c_x40" xlink:label="loc_s2c_x40" />
    <link:presentationArc xlink:type="arc" xlink:arcrole="http://www.xbrl.org/2003/arcrole/parent-child" xlink:from="loc_s2c_AP" xlink:to="loc_s2c_x40" order="6" />
  </link:presentationLink>
  <link:presentationLink xlink:type="extended" xlink:role="http://eiopa.europa.eu/xbrl/s2c/role/dict/dom/AP/21">
    <link:loc xlink:type="locator" xlink:href="../exp.xsd#s2c_AP" xlink:label="loc_s2c_AP" />
    <link:loc xlink:type="locator" xlink:href="mem.xsd#s2c_x45" xlink:label="loc_s2c_x45" />
    <link:presentationArc xlink:type="arc" xlink:arcrole="http://www.xbrl.org/2003/arcrole/parent-child" xlink:from="loc_s2c_AP" xlink:to="loc_s2c_x45" order="1" />
    <link:loc xlink:type="locator" xlink:href="mem.xsd#s2c_x46" xlink:label="loc_s2c_x46" />
    <link:presentationArc xlink:type="arc" xlink:arcrole="http://www.xbrl.org/2003/arcrole/parent-child" xlink:from="loc_s2c_AP" xlink:to="loc_s2c_x46" order="2" />
    <link:loc xlink:type="locator" xlink:href="mem.xsd#s2c_x43" xlink:label="loc_s2c_x43" />
    <link:presentationArc xlink:type="arc" xlink:arcrole="http://www.xbrl.org/2003/arcrole/parent-child" xlink:from="loc_s2c_AP" xlink:to="loc_s2c_x43" order="3" />
    <link:loc xlink:type="locator" xlink:href="mem.xsd#s2c_x47" xlink:label="loc_s2c_x47" />
    <link:presentationArc xlink:type="arc" xlink:arcrole="http://www.xbrl.org/2003/arcrole/parent-child" xlink:from="loc_s2c_AP" xlink:to="loc_s2c_x47" order="4" />
    <link:loc xlink:type="locator" xlink:href="mem.xsd#s2c_x40" xlink:label="loc_s2c_x40" />
    <link:presentationArc xlink:type="arc" xlink:arcrole="http://www.xbrl.org/2003/arcrole/parent-child" xlink:from="loc_s2c_AP" xlink:to="loc_s2c_x40" order="5" />
  </link:presentationLink>
  <link:presentationLink xlink:type="extended" xlink:role="http://eiopa.europa.eu/xbrl/s2c/role/dict/dom/AP/22">
    <link:loc xlink:type="locator" xlink:href="../exp.xsd#s2c_AP" xlink:label="loc_s2c_AP" />
    <link:loc xlink:type="locator" xlink:href="mem.xsd#s2c_x39" xlink:label="loc_s2c_x39" />
    <link:presentationArc xlink:type="arc" xlink:arcrole="http://www.xbrl.org/2003/arcrole/parent-child" xlink:from="loc_s2c_AP" xlink:to="loc_s2c_x39" order="1" />
    <link:loc xlink:type="locator" xlink:href="mem.xsd#s2c_x41" xlink:label="loc_s2c_x41" />
    <link:presentationArc xlink:type="arc" xlink:arcrole="http://www.xbrl.org/2003/arcrole/parent-child" xlink:from="loc_s2c_AP" xlink:to="loc_s2c_x41" order="2" />
    <link:loc xlink:type="locator" xlink:href="mem.xsd#s2c_x42" xlink:label="loc_s2c_x42" />
    <link:presentationArc xlink:type="arc" xlink:arcrole="http://www.xbrl.org/2003/arcrole/parent-child" xlink:from="loc_s2c_AP" xlink:to="loc_s2c_x42" order="3" />
    <link:loc xlink:type="locator" xlink:href="mem.xsd#s2c_x43" xlink:label="loc_s2c_x43" />
    <link:presentationArc xlink:type="arc" xlink:arcrole="http://www.xbrl.org/2003/arcrole/parent-child" xlink:from="loc_s2c_AP" xlink:to="loc_s2c_x43" order="4" />
    <link:loc xlink:type="locator" xlink:href="mem.xsd#s2c_x44" xlink:label="loc_s2c_x44" />
    <link:presentationArc xlink:type="arc" xlink:arcrole="http://www.xbrl.org/2003/arcrole/parent-child" xlink:from="loc_s2c_AP" xlink:to="loc_s2c_x44" order="5" />
    <link:loc xlink:type="locator" xlink:href="mem.xsd#s2c_x45" xlink:label="loc_s2c_x45" />
    <link:presentationArc xlink:type="arc" xlink:arcrole="http://www.xbrl.org/2003/arcrole/parent-child" xlink:from="loc_s2c_AP" xlink:to="loc_s2c_x45" order="6" />
    <link:loc xlink:type="locator" xlink:href="mem.xsd#s2c_x46" xlink:label="loc_s2c_x46" />
    <link:presentationArc xlink:type="arc" xlink:arcrole="http://www.xbrl.org/2003/arcrole/parent-child" xlink:from="loc_s2c_AP" xlink:to="loc_s2c_x46" order="7" />
    <link:loc xlink:type="locator" xlink:href="mem.xsd#s2c_x47" xlink:label="loc_s2c_x47" />
    <link:presentationArc xlink:type="arc" xlink:arcrole="http://www.xbrl.org/2003/arcrole/parent-child" xlink:from="loc_s2c_AP" xlink:to="loc_s2c_x47" order="8" />
    <link:loc xlink:type="locator" xlink:href="mem.xsd#s2c_x40" xlink:label="loc_s2c_x40" />
    <link:presentationArc xlink:type="arc" xlink:arcrole="http://www.xbrl.org/2003/arcrole/parent-child" xlink:from="loc_s2c_AP" xlink:to="loc_s2c_x40" order="9" />
  </link:presentationLink>
  <link:presentationLink xlink:type="extended" xlink:role="http://eiopa.europa.eu/xbrl/s2c/role/dict/dom/AP/23">
    <link:loc xlink:type="locator" xlink:href="../exp.xsd#s2c_AP" xlink:label="loc_s2c_AP" />
    <link:loc xlink:type="locator" xlink:href="mem.xsd#s2c_x48" xlink:label="loc_s2c_x48" />
    <link:presentationArc xlink:type="arc" xlink:arcrole="http://www.xbrl.org/2003/arcrole/parent-child" xlink:from="loc_s2c_AP" xlink:to="loc_s2c_x48" order="1" />
    <link:loc xlink:type="locator" xlink:href="mem.xsd#s2c_x49" xlink:label="loc_s2c_x49" />
    <link:presentationArc xlink:type="arc" xlink:arcrole="http://www.xbrl.org/2003/arcrole/parent-child" xlink:from="loc_s2c_AP" xlink:to="loc_s2c_x49" order="2" />
    <link:loc xlink:type="locator" xlink:href="mem.xsd#s2c_x50" xlink:label="loc_s2c_x50" />
    <link:presentationArc xlink:type="arc" xlink:arcrole="http://www.xbrl.org/2003/arcrole/parent-child" xlink:from="loc_s2c_AP" xlink:to="loc_s2c_x50" order="3" />
    <link:loc xlink:type="locator" xlink:href="mem.xsd#s2c_x53" xlink:label="loc_s2c_x53" />
    <link:presentationArc xlink:type="arc" xlink:arcrole="http://www.xbrl.org/2003/arcrole/parent-child" xlink:from="loc_s2c_AP" xlink:to="loc_s2c_x53" order="4" />
    <link:loc xlink:type="locator" xlink:href="mem.xsd#s2c_x54" xlink:label="loc_s2c_x54" />
    <link:presentationArc xlink:type="arc" xlink:arcrole="http://www.xbrl.org/2003/arcrole/parent-child" xlink:from="loc_s2c_AP" xlink:to="loc_s2c_x54" order="5" />
  </link:presentationLink>
  <link:presentationLink xlink:type="extended" xlink:role="http://eiopa.europa.eu/xbrl/s2c/role/dict/dom/AP/24">
    <link:loc xlink:type="locator" xlink:href="../exp.xsd#s2c_AP" xlink:label="loc_s2c_AP" />
    <link:loc xlink:type="locator" xlink:href="mem.xsd#s2c_x55" xlink:label="loc_s2c_x55" />
    <link:presentationArc xlink:type="arc" xlink:arcrole="http://www.xbrl.org/2003/arcrole/parent-child" xlink:from="loc_s2c_AP" xlink:to="loc_s2c_x55" order="1" />
    <link:loc xlink:type="locator" xlink:href="mem.xsd#s2c_x56" xlink:label="loc_s2c_x56" />
    <link:presentationArc xlink:type="arc" xlink:arcrole="http://www.xbrl.org/2003/arcrole/parent-child" xlink:from="loc_s2c_AP" xlink:to="loc_s2c_x56" order="2" />
    <link:loc xlink:type="locator" xlink:href="mem.xsd#s2c_x77" xlink:label="loc_s2c_x77" />
    <link:presentationArc xlink:type="arc" xlink:arcrole="http://www.xbrl.org/2003/arcrole/parent-child" xlink:from="loc_s2c_AP" xlink:to="loc_s2c_x77" order="3" />
  </link:presentationLink>
  <link:presentationLink xlink:type="extended" xlink:role="http://eiopa.europa.eu/xbrl/s2c/role/dict/dom/AP/25">
    <link:loc xlink:type="locator" xlink:href="../exp.xsd#s2c_AP" xlink:label="loc_s2c_AP" />
    <link:loc xlink:type="locator" xlink:href="mem.xsd#s2c_x57" xlink:label="loc_s2c_x57" />
    <link:presentationArc xlink:type="arc" xlink:arcrole="http://www.xbrl.org/2003/arcrole/parent-child" xlink:from="loc_s2c_AP" xlink:to="loc_s2c_x57" order="1" />
    <link:loc xlink:type="locator" xlink:href="mem.xsd#s2c_x34" xlink:label="loc_s2c_x34" />
    <link:presentationArc xlink:type="arc" xlink:arcrole="http://www.xbrl.org/2003/arcrole/parent-child" xlink:from="loc_s2c_AP" xlink:to="loc_s2c_x34" order="2" />
  </link:presentationLink>
  <link:presentationLink xlink:type="extended" xlink:role="http://eiopa.europa.eu/xbrl/s2c/role/dict/dom/AP/26">
    <link:loc xlink:type="locator" xlink:href="../exp.xsd#s2c_AP" xlink:label="loc_s2c_AP" />
    <link:loc xlink:type="locator" xlink:href="mem.xsd#s2c_x58" xlink:label="loc_s2c_x58" />
    <link:presentationArc xlink:type="arc" xlink:arcrole="http://www.xbrl.org/2003/arcrole/parent-child" xlink:from="loc_s2c_AP" xlink:to="loc_s2c_x58" order="1" />
    <link:loc xlink:type="locator" xlink:href="mem.xsd#s2c_x34" xlink:label="loc_s2c_x34" />
    <link:presentationArc xlink:type="arc" xlink:arcrole="http://www.xbrl.org/2003/arcrole/parent-child" xlink:from="loc_s2c_AP" xlink:to="loc_s2c_x34" order="2" />
  </link:presentationLink>
  <link:presentationLink xlink:type="extended" xlink:role="http://eiopa.europa.eu/xbrl/s2c/role/dict/dom/AP/27">
    <link:loc xlink:type="locator" xlink:href="../exp.xsd#s2c_AP" xlink:label="loc_s2c_AP" />
    <link:loc xlink:type="locator" xlink:href="mem.xsd#s2c_x59" xlink:label="loc_s2c_x59" />
    <link:presentationArc xlink:type="arc" xlink:arcrole="http://www.xbrl.org/2003/arcrole/parent-child" xlink:from="loc_s2c_AP" xlink:to="loc_s2c_x59" order="1" />
    <link:loc xlink:type="locator" xlink:href="mem.xsd#s2c_x34" xlink:label="loc_s2c_x34" />
    <link:presentationArc xlink:type="arc" xlink:arcrole="http://www.xbrl.org/2003/arcrole/parent-child" xlink:from="loc_s2c_AP" xlink:to="loc_s2c_x34" order="2" />
  </link:presentationLink>
  <link:presentationLink xlink:type="extended" xlink:role="http://eiopa.europa.eu/xbrl/s2c/role/dict/dom/AP/28">
    <link:loc xlink:type="locator" xlink:href="../exp.xsd#s2c_AP" xlink:label="loc_s2c_AP" />
    <link:loc xlink:type="locator" xlink:href="mem.xsd#s2c_x60" xlink:label="loc_s2c_x60" />
    <link:presentationArc xlink:type="arc" xlink:arcrole="http://www.xbrl.org/2003/arcrole/parent-child" xlink:from="loc_s2c_AP" xlink:to="loc_s2c_x60" order="1" />
    <link:loc xlink:type="locator" xlink:href="mem.xsd#s2c_x34" xlink:label="loc_s2c_x34" />
    <link:presentationArc xlink:type="arc" xlink:arcrole="http://www.xbrl.org/2003/arcrole/parent-child" xlink:from="loc_s2c_AP" xlink:to="loc_s2c_x34" order="2" />
  </link:presentationLink>
  <link:presentationLink xlink:type="extended" xlink:role="http://eiopa.europa.eu/xbrl/s2c/role/dict/dom/AP/29">
    <link:loc xlink:type="locator" xlink:href="../exp.xsd#s2c_AP" xlink:label="loc_s2c_AP" />
    <link:loc xlink:type="locator" xlink:href="mem.xsd#s2c_x0" xlink:label="loc_s2c_x0" />
    <link:presentationArc xlink:type="arc" xlink:arcrole="http://www.xbrl.org/2003/arcrole/parent-child" xlink:from="loc_s2c_AP" xlink:to="loc_s2c_x0" order="1" />
    <link:loc xlink:type="locator" xlink:href="mem.xsd#s2c_x61" xlink:label="loc_s2c_x61" />
    <link:presentationArc xlink:type="arc" xlink:arcrole="http://www.xbrl.org/2003/arcrole/parent-child" xlink:from="loc_s2c_x0" xlink:to="loc_s2c_x61" order="1" />
    <link:loc xlink:type="locator" xlink:href="mem.xsd#s2c_x71" xlink:label="loc_s2c_x71" />
    <link:presentationArc xlink:type="arc" xlink:arcrole="http://www.xbrl.org/2003/arcrole/parent-child" xlink:from="loc_s2c_x61" xlink:to="loc_s2c_x71" order="1" />
    <link:loc xlink:type="locator" xlink:href="mem.xsd#s2c_x72" xlink:label="loc_s2c_x72" />
    <link:presentationArc xlink:type="arc" xlink:arcrole="http://www.xbrl.org/2003/arcrole/parent-child" xlink:from="loc_s2c_x61" xlink:to="loc_s2c_x72" order="2" />
    <link:loc xlink:type="locator" xlink:href="mem.xsd#s2c_x73" xlink:label="loc_s2c_x73" />
    <link:presentationArc xlink:type="arc" xlink:arcrole="http://www.xbrl.org/2003/arcrole/parent-child" xlink:from="loc_s2c_x61" xlink:to="loc_s2c_x73" order="3" />
    <link:loc xlink:type="locator" xlink:href="mem.xsd#s2c_x74" xlink:label="loc_s2c_x74" />
    <link:presentationArc xlink:type="arc" xlink:arcrole="http://www.xbrl.org/2003/arcrole/parent-child" xlink:from="loc_s2c_x61" xlink:to="loc_s2c_x74" order="4" />
    <link:loc xlink:type="locator" xlink:href="mem.xsd#s2c_x75" xlink:label="loc_s2c_x75" />
    <link:presentationArc xlink:type="arc" xlink:arcrole="http://www.xbrl.org/2003/arcrole/parent-child" xlink:from="loc_s2c_x61" xlink:to="loc_s2c_x75" order="5" />
    <link:loc xlink:type="locator" xlink:href="mem.xsd#s2c_x60" xlink:label="loc_s2c_x60" />
    <link:presentationArc xlink:type="arc" xlink:arcrole="http://www.xbrl.org/2003/arcrole/parent-child" xlink:from="loc_s2c_x0" xlink:to="loc_s2c_x60" order="2" />
    <link:loc xlink:type="locator" xlink:href="mem.xsd#s2c_x76" xlink:label="loc_s2c_x76" />
    <link:presentationArc xlink:type="arc" xlink:arcrole="http://www.xbrl.org/2003/arcrole/parent-child" xlink:from="loc_s2c_x0" xlink:to="loc_s2c_x76" order="3" />
  </link:presentationLink>
  <link:presentationLink xlink:type="extended" xlink:role="http://eiopa.europa.eu/xbrl/s2c/role/dict/dom/AP/30">
    <link:loc xlink:type="locator" xlink:href="../exp.xsd#s2c_AP" xlink:label="loc_s2c_AP" />
    <link:loc xlink:type="locator" xlink:href="mem.xsd#s2c_x64" xlink:label="loc_s2c_x64" />
    <link:presentationArc xlink:type="arc" xlink:arcrole="http://www.xbrl.org/2003/arcrole/parent-child" xlink:from="loc_s2c_AP" xlink:to="loc_s2c_x64" order="1" />
    <link:loc xlink:type="locator" xlink:href="mem.xsd#s2c_x57" xlink:label="loc_s2c_x57" />
    <link:presentationArc xlink:type="arc" xlink:arcrole="http://www.xbrl.org/2003/arcrole/parent-child" xlink:from="loc_s2c_AP" xlink:to="loc_s2c_x57" order="2" />
    <link:loc xlink:type="locator" xlink:href="mem.xsd#s2c_x34" xlink:label="loc_s2c_x34" />
    <link:presentationArc xlink:type="arc" xlink:arcrole="http://www.xbrl.org/2003/arcrole/parent-child" xlink:from="loc_s2c_AP" xlink:to="loc_s2c_x34" order="3" />
  </link:presentationLink>
  <link:presentationLink xlink:type="extended" xlink:role="http://eiopa.europa.eu/xbrl/s2c/role/dict/dom/AP/31">
    <link:loc xlink:type="locator" xlink:href="../exp.xsd#s2c_AP" xlink:label="loc_s2c_AP" />
    <link:loc xlink:type="locator" xlink:href="mem.xsd#s2c_x65" xlink:label="loc_s2c_x65" />
    <link:presentationArc xlink:type="arc" xlink:arcrole="http://www.xbrl.org/2003/arcrole/parent-child" xlink:from="loc_s2c_AP" xlink:to="loc_s2c_x65" order="1" />
    <link:loc xlink:type="locator" xlink:href="mem.xsd#s2c_x66" xlink:label="loc_s2c_x66" />
    <link:presentationArc xlink:type="arc" xlink:arcrole="http://www.xbrl.org/2003/arcrole/parent-child" xlink:from="loc_s2c_AP" xlink:to="loc_s2c_x66" order="2" />
    <link:loc xlink:type="locator" xlink:href="mem.xsd#s2c_x67" xlink:label="loc_s2c_x67" />
    <link:presentationArc xlink:type="arc" xlink:arcrole="http://www.xbrl.org/2003/arcrole/parent-child" xlink:from="loc_s2c_AP" xlink:to="loc_s2c_x67" order="3" />
    <link:loc xlink:type="locator" xlink:href="mem.xsd#s2c_x68" xlink:label="loc_s2c_x68" />
    <link:presentationArc xlink:type="arc" xlink:arcrole="http://www.xbrl.org/2003/arcrole/parent-child" xlink:from="loc_s2c_AP" xlink:to="loc_s2c_x68" order="4" />
    <link:loc xlink:type="locator" xlink:href="mem.xsd#s2c_x69" xlink:label="loc_s2c_x69" />
    <link:presentationArc xlink:type="arc" xlink:arcrole="http://www.xbrl.org/2003/arcrole/parent-child" xlink:from="loc_s2c_AP" xlink:to="loc_s2c_x69" order="5" />
    <link:loc xlink:type="locator" xlink:href="mem.xsd#s2c_x34" xlink:label="loc_s2c_x34" />
    <link:presentationArc xlink:type="arc" xlink:arcrole="http://www.xbrl.org/2003/arcrole/parent-child" xlink:from="loc_s2c_AP" xlink:to="loc_s2c_x34" order="6" />
  </link:presentationLink>
  <link:presentationLink xlink:type="extended" xlink:role="http://eiopa.europa.eu/xbrl/s2c/role/dict/dom/AP/32">
    <link:loc xlink:type="locator" xlink:href="../exp.xsd#s2c_AP" xlink:label="loc_s2c_AP" />
    <link:loc xlink:type="locator" xlink:href="mem.xsd#s2c_x62" xlink:label="loc_s2c_x62" />
    <link:presentationArc xlink:type="arc" xlink:arcrole="http://www.xbrl.org/2003/arcrole/parent-child" xlink:from="loc_s2c_AP" xlink:to="loc_s2c_x62" order="1" />
    <link:loc xlink:type="locator" xlink:href="mem.xsd#s2c_x63" xlink:label="loc_s2c_x63" />
    <link:presentationArc xlink:type="arc" xlink:arcrole="http://www.xbrl.org/2003/arcrole/parent-child" xlink:from="loc_s2c_AP" xlink:to="loc_s2c_x63" order="2" />
    <link:loc xlink:type="locator" xlink:href="mem.xsd#s2c_x34" xlink:label="loc_s2c_x34" />
    <link:presentationArc xlink:type="arc" xlink:arcrole="http://www.xbrl.org/2003/arcrole/parent-child" xlink:from="loc_s2c_AP" xlink:to="loc_s2c_x34" order="3" />
  </link:presentationLink>
  <link:presentationLink xlink:type="extended" xlink:role="http://eiopa.europa.eu/xbrl/s2c/role/dict/dom/AP/33">
    <link:loc xlink:type="locator" xlink:href="../exp.xsd#s2c_AP" xlink:label="loc_s2c_AP" />
    <link:loc xlink:type="locator" xlink:href="mem.xsd#s2c_x78" xlink:label="loc_s2c_x78" />
    <link:presentationArc xlink:type="arc" xlink:arcrole="http://www.xbrl.org/2003/arcrole/parent-child" xlink:from="loc_s2c_AP" xlink:to="loc_s2c_x78" order="1" />
    <link:loc xlink:type="locator" xlink:href="mem.xsd#s2c_x70" xlink:label="loc_s2c_x70" />
    <link:presentationArc xlink:type="arc" xlink:arcrole="http://www.xbrl.org/2003/arcrole/parent-child" xlink:from="loc_s2c_AP" xlink:to="loc_s2c_x70" order="2" />
    <link:loc xlink:type="locator" xlink:href="mem.xsd#s2c_x34" xlink:label="loc_s2c_x34" />
    <link:presentationArc xlink:type="arc" xlink:arcrole="http://www.xbrl.org/2003/arcrole/parent-child" xlink:from="loc_s2c_AP" xlink:to="loc_s2c_x34" order="3" />
  </link:presentationLink>
  <link:presentationLink xlink:type="extended" xlink:role="http://eiopa.europa.eu/xbrl/s2c/role/dict/dom/AP/34">
    <link:loc xlink:type="locator" xlink:href="../exp.xsd#s2c_AP" xlink:label="loc_s2c_AP" />
    <link:loc xlink:type="locator" xlink:href="mem.xsd#s2c_x71" xlink:label="loc_s2c_x71" />
    <link:presentationArc xlink:type="arc" xlink:arcrole="http://www.xbrl.org/2003/arcrole/parent-child" xlink:from="loc_s2c_AP" xlink:to="loc_s2c_x71" order="1" />
    <link:loc xlink:type="locator" xlink:href="mem.xsd#s2c_x72" xlink:label="loc_s2c_x72" />
    <link:presentationArc xlink:type="arc" xlink:arcrole="http://www.xbrl.org/2003/arcrole/parent-child" xlink:from="loc_s2c_AP" xlink:to="loc_s2c_x72" order="2" />
    <link:loc xlink:type="locator" xlink:href="mem.xsd#s2c_x73" xlink:label="loc_s2c_x73" />
    <link:presentationArc xlink:type="arc" xlink:arcrole="http://www.xbrl.org/2003/arcrole/parent-child" xlink:from="loc_s2c_AP" xlink:to="loc_s2c_x73" order="3" />
    <link:loc xlink:type="locator" xlink:href="mem.xsd#s2c_x74" xlink:label="loc_s2c_x74" />
    <link:presentationArc xlink:type="arc" xlink:arcrole="http://www.xbrl.org/2003/arcrole/parent-child" xlink:from="loc_s2c_AP" xlink:to="loc_s2c_x74" order="4" />
    <link:loc xlink:type="locator" xlink:href="mem.xsd#s2c_x75" xlink:label="loc_s2c_x75" />
    <link:presentationArc xlink:type="arc" xlink:arcrole="http://www.xbrl.org/2003/arcrole/parent-child" xlink:from="loc_s2c_AP" xlink:to="loc_s2c_x75" order="5" />
    <link:loc xlink:type="locator" xlink:href="mem.xsd#s2c_x34" xlink:label="loc_s2c_x34" />
    <link:presentationArc xlink:type="arc" xlink:arcrole="http://www.xbrl.org/2003/arcrole/parent-child" xlink:from="loc_s2c_AP" xlink:to="loc_s2c_x34" order="6" />
  </link:presentationLink>
</link:linkbase>