<?xml version="1.0" encoding="UTF-8"?>
<!--(C) EIOPA - XBRL Taxonomy-->
<?officialURI http://eiopa.europa.eu/eu/xbrl/s2c/dict/dom/se/hier-lab-en.xml?>
<?taxonomy-version 2.4.0?>
<?taxonomy-date 2019-07-15?>
<link:linkbase xmlns:xsi="http://www.w3.org/2001/XMLSchema-instance" xmlns:xlink="http://www.w3.org/1999/xlink" xmlns:link="http://www.xbrl.org/2003/linkbase" xmlns:gen="http://xbrl.org/2008/generic" xmlns:label="http://xbrl.org/2008/label" xsi:schemaLocation="http://www.xbrl.org/2003/linkbase http://www.xbrl.org/2003/xbrl-linkbase-2003-12-31.xsd http://xbrl.org/2008/generic http://www.xbrl.org/2008/generic-link.xsd http://xbrl.org/2008/label http://www.xbrl.org/2008/generic-label.xsd">
  <link:arcroleRef arcroleURI="http://xbrl.org/arcrole/2008/element-label" xlink:type="simple" xlink:href="http://www.xbrl.org/2008/generic-label.xsd#element-label" />
  <link:roleRef roleURI="http://www.xbrl.org/2008/role/label" xlink:type="simple" xlink:href="http://www.xbrl.org/2008/generic-label.xsd#standard-label" />
  <link:roleRef roleURI="http://www.xbrl.org/2008/role/verboseLabel" xlink:type="simple" xlink:href="http://www.xbrl.org/2008/generic-label.xsd#verbose-label" />
  <gen:link xlink:type="extended" xlink:role="http://www.xbrl.org/2003/role/link">
    <link:loc xlink:type="locator" xlink:href="hier.xsd#s2c_1" xlink:label="loc_s2c_SE_1." />
    <label:label xlink:type="resource" xlink:label="label_s2c_SE_1." xml:lang="en" xlink:role="http://www.xbrl.org/2008/role/label">Counterparties</label:label>
    <gen:arc xlink:type="arc" xlink:arcrole="http://xbrl.org/arcrole/2008/element-label" xlink:from="loc_s2c_SE_1." xlink:to="label_s2c_SE_1." />
    <label:label xlink:type="resource" xlink:label="label_s2c_SE_1._1" xml:lang="en" xlink:role="http://www.xbrl.org/2008/role/verboseLabel">CT</label:label>
    <gen:arc xlink:type="arc" xlink:arcrole="http://xbrl.org/arcrole/2008/element-label" xlink:from="loc_s2c_SE_1." xlink:to="label_s2c_SE_1._1" />
    <link:loc xlink:type="locator" xlink:href="hier.xsd#s2c_2" xlink:label="loc_s2c_SE_2." />
    <label:label xlink:type="resource" xlink:label="label_s2c_SE_2." xml:lang="en" xlink:role="http://www.xbrl.org/2008/role/label">Counterparties</label:label>
    <gen:arc xlink:type="arc" xlink:arcrole="http://xbrl.org/arcrole/2008/element-label" xlink:from="loc_s2c_SE_2." xlink:to="label_s2c_SE_2." />
    <label:label xlink:type="resource" xlink:label="label_s2c_SE_2._1" xml:lang="en" xlink:role="http://www.xbrl.org/2008/role/verboseLabel">CT</label:label>
    <gen:arc xlink:type="arc" xlink:arcrole="http://xbrl.org/arcrole/2008/element-label" xlink:from="loc_s2c_SE_2." xlink:to="label_s2c_SE_2._1" />
    <link:loc xlink:type="locator" xlink:href="hier.xsd#s2c_3" xlink:label="loc_s2c_SE_3." />
    <label:label xlink:type="resource" xlink:label="label_s2c_SE_3." xml:lang="en" xlink:role="http://www.xbrl.org/2008/role/label">Reinsurance counterparties</label:label>
    <gen:arc xlink:type="arc" xlink:arcrole="http://xbrl.org/arcrole/2008/element-label" xlink:from="loc_s2c_SE_3." xlink:to="label_s2c_SE_3." />
    <label:label xlink:type="resource" xlink:label="label_s2c_SE_3._1" xml:lang="en" xlink:role="http://www.xbrl.org/2008/role/verboseLabel">N/A</label:label>
    <gen:arc xlink:type="arc" xlink:arcrole="http://xbrl.org/arcrole/2008/element-label" xlink:from="loc_s2c_SE_3." xlink:to="label_s2c_SE_3._1" />
    <link:loc xlink:type="locator" xlink:href="hier.xsd#s2c_4" xlink:label="loc_s2c_SE_4." />
    <label:label xlink:type="resource" xlink:label="label_s2c_SE_4." xml:lang="en" xlink:role="http://www.xbrl.org/2008/role/label">Counterparties</label:label>
    <gen:arc xlink:type="arc" xlink:arcrole="http://xbrl.org/arcrole/2008/element-label" xlink:from="loc_s2c_SE_4." xlink:to="label_s2c_SE_4." />
    <label:label xlink:type="resource" xlink:label="label_s2c_SE_4._1" xml:lang="en" xlink:role="http://www.xbrl.org/2008/role/verboseLabel">CT</label:label>
    <gen:arc xlink:type="arc" xlink:arcrole="http://xbrl.org/arcrole/2008/element-label" xlink:from="loc_s2c_SE_4." xlink:to="label_s2c_SE_4._1" />
    <link:loc xlink:type="locator" xlink:href="hier.xsd#s2c_5" xlink:label="loc_s2c_SE_5." />
    <label:label xlink:type="resource" xlink:label="label_s2c_SE_5." xml:lang="en" xlink:role="http://www.xbrl.org/2008/role/label">Entities under consolidation</label:label>
    <gen:arc xlink:type="arc" xlink:arcrole="http://xbrl.org/arcrole/2008/element-label" xlink:from="loc_s2c_SE_5." xlink:to="label_s2c_SE_5." />
    <label:label xlink:type="resource" xlink:label="label_s2c_SE_5._1" xml:lang="en" xlink:role="http://www.xbrl.org/2008/role/verboseLabel">SO</label:label>
    <gen:arc xlink:type="arc" xlink:arcrole="http://xbrl.org/arcrole/2008/element-label" xlink:from="loc_s2c_SE_5." xlink:to="label_s2c_SE_5._1" />
    <link:loc xlink:type="locator" xlink:href="hier.xsd#s2c_6" xlink:label="loc_s2c_SE_6." />
    <label:label xlink:type="resource" xlink:label="label_s2c_SE_6." xml:lang="en" xlink:role="http://www.xbrl.org/2008/role/label">Issuer sector</label:label>
    <gen:arc xlink:type="arc" xlink:arcrole="http://xbrl.org/arcrole/2008/element-label" xlink:from="loc_s2c_SE_6." xlink:to="label_s2c_SE_6." />
    <label:label xlink:type="resource" xlink:label="label_s2c_SE_6._1" xml:lang="en" xlink:role="http://www.xbrl.org/2008/role/verboseLabel">IS</label:label>
    <gen:arc xlink:type="arc" xlink:arcrole="http://xbrl.org/arcrole/2008/element-label" xlink:from="loc_s2c_SE_6." xlink:to="label_s2c_SE_6._1" />
    <link:loc xlink:type="locator" xlink:href="hier.xsd#s2c_7" xlink:label="loc_s2c_SE_7." />
    <label:label xlink:type="resource" xlink:label="label_s2c_SE_7." xml:lang="en" xlink:role="http://www.xbrl.org/2008/role/label">Counterparties (Preparatory scope)</label:label>
    <gen:arc xlink:type="arc" xlink:arcrole="http://xbrl.org/arcrole/2008/element-label" xlink:from="loc_s2c_SE_7." xlink:to="label_s2c_SE_7." />
    <label:label xlink:type="resource" xlink:label="label_s2c_SE_7._1" xml:lang="en" xlink:role="http://www.xbrl.org/2008/role/verboseLabel">CT</label:label>
    <gen:arc xlink:type="arc" xlink:arcrole="http://xbrl.org/arcrole/2008/element-label" xlink:from="loc_s2c_SE_7." xlink:to="label_s2c_SE_7._1" />
    <link:loc xlink:type="locator" xlink:href="hier.xsd#s2c_8" xlink:label="loc_s2c_SE_8." />
    <label:label xlink:type="resource" xlink:label="label_s2c_SE_8." xml:lang="en" xlink:role="http://www.xbrl.org/2008/role/label">Legal form</label:label>
    <gen:arc xlink:type="arc" xlink:arcrole="http://xbrl.org/arcrole/2008/element-label" xlink:from="loc_s2c_SE_8." xlink:to="label_s2c_SE_8." />
    <label:label xlink:type="resource" xlink:label="label_s2c_SE_8._1" xml:lang="en" xlink:role="http://www.xbrl.org/2008/role/verboseLabel">N/A</label:label>
    <gen:arc xlink:type="arc" xlink:arcrole="http://xbrl.org/arcrole/2008/element-label" xlink:from="loc_s2c_SE_8." xlink:to="label_s2c_SE_8._1" />
    <link:loc xlink:type="locator" xlink:href="hier.xsd#s2c_10" xlink:label="loc_s2c_SE_10." />
    <label:label xlink:type="resource" xlink:label="label_s2c_SE_10." xml:lang="en" xlink:role="http://www.xbrl.org/2008/role/label">Counterparties</label:label>
    <gen:arc xlink:type="arc" xlink:arcrole="http://xbrl.org/arcrole/2008/element-label" xlink:from="loc_s2c_SE_10." xlink:to="label_s2c_SE_10." />
    <label:label xlink:type="resource" xlink:label="label_s2c_SE_10._1" xml:lang="en" xlink:role="http://www.xbrl.org/2008/role/verboseLabel">CT</label:label>
    <gen:arc xlink:type="arc" xlink:arcrole="http://xbrl.org/arcrole/2008/element-label" xlink:from="loc_s2c_SE_10." xlink:to="label_s2c_SE_10._1" />
    <link:loc xlink:type="locator" xlink:href="hier.xsd#s2c_11" xlink:label="loc_s2c_SE_11." />
    <label:label xlink:type="resource" xlink:label="label_s2c_SE_11." xml:lang="en" xlink:role="http://www.xbrl.org/2008/role/label">Legal form</label:label>
    <gen:arc xlink:type="arc" xlink:arcrole="http://xbrl.org/arcrole/2008/element-label" xlink:from="loc_s2c_SE_11." xlink:to="label_s2c_SE_11." />
    <label:label xlink:type="resource" xlink:label="label_s2c_SE_11._1" xml:lang="en" xlink:role="http://www.xbrl.org/2008/role/verboseLabel">N/A</label:label>
    <gen:arc xlink:type="arc" xlink:arcrole="http://xbrl.org/arcrole/2008/element-label" xlink:from="loc_s2c_SE_11." xlink:to="label_s2c_SE_11._1" />
    <link:loc xlink:type="locator" xlink:href="hier.xsd#s2c_12" xlink:label="loc_s2c_SE_12." />
    <label:label xlink:type="resource" xlink:label="label_s2c_SE_12." xml:lang="en" xlink:role="http://www.xbrl.org/2008/role/label">Counterparties</label:label>
    <gen:arc xlink:type="arc" xlink:arcrole="http://xbrl.org/arcrole/2008/element-label" xlink:from="loc_s2c_SE_12." xlink:to="label_s2c_SE_12." />
    <label:label xlink:type="resource" xlink:label="label_s2c_SE_12._1" xml:lang="en" xlink:role="http://www.xbrl.org/2008/role/verboseLabel">CT</label:label>
    <gen:arc xlink:type="arc" xlink:arcrole="http://xbrl.org/arcrole/2008/element-label" xlink:from="loc_s2c_SE_12." xlink:to="label_s2c_SE_12._1" />
    <link:loc xlink:type="locator" xlink:href="hier.xsd#s2c_13" xlink:label="loc_s2c_SE_13." />
    <label:label xlink:type="resource" xlink:label="label_s2c_SE_13." xml:lang="en" xlink:role="http://www.xbrl.org/2008/role/label">Type of undertaking</label:label>
    <gen:arc xlink:type="arc" xlink:arcrole="http://xbrl.org/arcrole/2008/element-label" xlink:from="loc_s2c_SE_13." xlink:to="label_s2c_SE_13." />
    <label:label xlink:type="resource" xlink:label="label_s2c_SE_13._1" xml:lang="en" xlink:role="http://www.xbrl.org/2008/role/verboseLabel">N/A</label:label>
    <gen:arc xlink:type="arc" xlink:arcrole="http://xbrl.org/arcrole/2008/element-label" xlink:from="loc_s2c_SE_13." xlink:to="label_s2c_SE_13._1" />
    <link:loc xlink:type="locator" xlink:href="hier.xsd#s2c_14" xlink:label="loc_s2c_SE_14." />
    <label:label xlink:type="resource" xlink:label="label_s2c_SE_14." xml:lang="en" xlink:role="http://www.xbrl.org/2008/role/label">Counterparties</label:label>
    <gen:arc xlink:type="arc" xlink:arcrole="http://xbrl.org/arcrole/2008/element-label" xlink:from="loc_s2c_SE_14." xlink:to="label_s2c_SE_14." />
    <label:label xlink:type="resource" xlink:label="label_s2c_SE_14._1" xml:lang="en" xlink:role="http://www.xbrl.org/2008/role/verboseLabel">CT</label:label>
    <gen:arc xlink:type="arc" xlink:arcrole="http://xbrl.org/arcrole/2008/element-label" xlink:from="loc_s2c_SE_14." xlink:to="label_s2c_SE_14._1" />
    <link:loc xlink:type="locator" xlink:href="hier.xsd#s2c_15" xlink:label="loc_s2c_SE_15." />
    <label:label xlink:type="resource" xlink:label="label_s2c_SE_15." xml:lang="en" xlink:role="http://www.xbrl.org/2008/role/label">Counterparties (Full scope)</label:label>
    <gen:arc xlink:type="arc" xlink:arcrole="http://xbrl.org/arcrole/2008/element-label" xlink:from="loc_s2c_SE_15." xlink:to="label_s2c_SE_15." />
    <label:label xlink:type="resource" xlink:label="label_s2c_SE_15._1" xml:lang="en" xlink:role="http://www.xbrl.org/2008/role/verboseLabel">CT</label:label>
    <gen:arc xlink:type="arc" xlink:arcrole="http://xbrl.org/arcrole/2008/element-label" xlink:from="loc_s2c_SE_15." xlink:to="label_s2c_SE_15._1" />
    <link:loc xlink:type="locator" xlink:href="hier.xsd#s2c_16" xlink:label="loc_s2c_SE_16." />
    <label:label xlink:type="resource" xlink:label="label_s2c_SE_16." xml:lang="en" xlink:role="http://www.xbrl.org/2008/role/label">Issuer sector</label:label>
    <gen:arc xlink:type="arc" xlink:arcrole="http://xbrl.org/arcrole/2008/element-label" xlink:from="loc_s2c_SE_16." xlink:to="label_s2c_SE_16." />
    <label:label xlink:type="resource" xlink:label="label_s2c_SE_16._1" xml:lang="en" xlink:role="http://www.xbrl.org/2008/role/verboseLabel">IS</label:label>
    <gen:arc xlink:type="arc" xlink:arcrole="http://xbrl.org/arcrole/2008/element-label" xlink:from="loc_s2c_SE_16." xlink:to="label_s2c_SE_16._1" />
    <link:loc xlink:type="locator" xlink:href="hier.xsd#s2c_17" xlink:label="loc_s2c_SE_17." />
    <label:label xlink:type="resource" xlink:label="label_s2c_SE_17." xml:lang="en" xlink:role="http://www.xbrl.org/2008/role/label">Legal nature of SPV</label:label>
    <gen:arc xlink:type="arc" xlink:arcrole="http://xbrl.org/arcrole/2008/element-label" xlink:from="loc_s2c_SE_17." xlink:to="label_s2c_SE_17." />
    <label:label xlink:type="resource" xlink:label="label_s2c_SE_17._1" xml:lang="en" xlink:role="http://www.xbrl.org/2008/role/verboseLabel">N/A</label:label>
    <gen:arc xlink:type="arc" xlink:arcrole="http://xbrl.org/arcrole/2008/element-label" xlink:from="loc_s2c_SE_17." xlink:to="label_s2c_SE_17._1" />
    <link:loc xlink:type="locator" xlink:href="hier.xsd#s2c_18" xlink:label="loc_s2c_SE_18." />
    <label:label xlink:type="resource" xlink:label="label_s2c_SE_18." xml:lang="en" xlink:role="http://www.xbrl.org/2008/role/label">Issuer sector</label:label>
    <gen:arc xlink:type="arc" xlink:arcrole="http://xbrl.org/arcrole/2008/element-label" xlink:from="loc_s2c_SE_18." xlink:to="label_s2c_SE_18." />
    <label:label xlink:type="resource" xlink:label="label_s2c_SE_18._1" xml:lang="en" xlink:role="http://www.xbrl.org/2008/role/verboseLabel">IS</label:label>
    <gen:arc xlink:type="arc" xlink:arcrole="http://xbrl.org/arcrole/2008/element-label" xlink:from="loc_s2c_SE_18." xlink:to="label_s2c_SE_18._1" />
    <link:loc xlink:type="locator" xlink:href="hier.xsd#s2c_19" xlink:label="loc_s2c_SE_19." />
    <label:label xlink:type="resource" xlink:label="label_s2c_SE_19." xml:lang="en" xlink:role="http://www.xbrl.org/2008/role/label">Entities under consolidation</label:label>
    <gen:arc xlink:type="arc" xlink:arcrole="http://xbrl.org/arcrole/2008/element-label" xlink:from="loc_s2c_SE_19." xlink:to="label_s2c_SE_19." />
    <label:label xlink:type="resource" xlink:label="label_s2c_SE_19._1" xml:lang="en" xlink:role="http://www.xbrl.org/2008/role/verboseLabel">SO</label:label>
    <gen:arc xlink:type="arc" xlink:arcrole="http://xbrl.org/arcrole/2008/element-label" xlink:from="loc_s2c_SE_19." xlink:to="label_s2c_SE_19._1" />
    <link:loc xlink:type="locator" xlink:href="hier.xsd#s2c_20" xlink:label="loc_s2c_SE_20." />
    <label:label xlink:type="resource" xlink:label="label_s2c_SE_20." xml:lang="en" xlink:role="http://www.xbrl.org/2008/role/label">Entities under consolidation</label:label>
    <gen:arc xlink:type="arc" xlink:arcrole="http://xbrl.org/arcrole/2008/element-label" xlink:from="loc_s2c_SE_20." xlink:to="label_s2c_SE_20." />
    <label:label xlink:type="resource" xlink:label="label_s2c_SE_20._1" xml:lang="en" xlink:role="http://www.xbrl.org/2008/role/verboseLabel">SO</label:label>
    <gen:arc xlink:type="arc" xlink:arcrole="http://xbrl.org/arcrole/2008/element-label" xlink:from="loc_s2c_SE_20." xlink:to="label_s2c_SE_20._1" />
    <link:loc xlink:type="locator" xlink:href="hier.xsd#s2c_21" xlink:label="loc_s2c_SE_21." />
    <label:label xlink:type="resource" xlink:label="label_s2c_SE_21." xml:lang="en" xlink:role="http://www.xbrl.org/2008/role/label">Type of undertaking [220]</label:label>
    <gen:arc xlink:type="arc" xlink:arcrole="http://xbrl.org/arcrole/2008/element-label" xlink:from="loc_s2c_SE_21." xlink:to="label_s2c_SE_21." />
    <label:label xlink:type="resource" xlink:label="label_s2c_SE_21._1" xml:lang="en" xlink:role="http://www.xbrl.org/2008/role/verboseLabel">N/A</label:label>
    <gen:arc xlink:type="arc" xlink:arcrole="http://xbrl.org/arcrole/2008/element-label" xlink:from="loc_s2c_SE_21." xlink:to="label_s2c_SE_21._1" />
    <link:loc xlink:type="locator" xlink:href="hier.xsd#s2c_22" xlink:label="loc_s2c_SE_22." />
    <label:label xlink:type="resource" xlink:label="label_s2c_SE_22." xml:lang="en" xlink:role="http://www.xbrl.org/2008/role/label">Type of branch [220]</label:label>
    <gen:arc xlink:type="arc" xlink:arcrole="http://xbrl.org/arcrole/2008/element-label" xlink:from="loc_s2c_SE_22." xlink:to="label_s2c_SE_22." />
    <label:label xlink:type="resource" xlink:label="label_s2c_SE_22._1" xml:lang="en" xlink:role="http://www.xbrl.org/2008/role/verboseLabel">N/A</label:label>
    <gen:arc xlink:type="arc" xlink:arcrole="http://xbrl.org/arcrole/2008/element-label" xlink:from="loc_s2c_SE_22." xlink:to="label_s2c_SE_22._1" />
    <link:loc xlink:type="locator" xlink:href="hier.xsd#s2c_23" xlink:label="loc_s2c_SE_23." />
    <label:label xlink:type="resource" xlink:label="label_s2c_SE_23." xml:lang="en" xlink:role="http://www.xbrl.org/2008/role/label">Counterparties (Full scope)[220]</label:label>
    <gen:arc xlink:type="arc" xlink:arcrole="http://xbrl.org/arcrole/2008/element-label" xlink:from="loc_s2c_SE_23." xlink:to="label_s2c_SE_23." />
    <label:label xlink:type="resource" xlink:label="label_s2c_SE_23._1" xml:lang="en" xlink:role="http://www.xbrl.org/2008/role/verboseLabel">CT</label:label>
    <gen:arc xlink:type="arc" xlink:arcrole="http://xbrl.org/arcrole/2008/element-label" xlink:from="loc_s2c_SE_23." xlink:to="label_s2c_SE_23._1" />
    <link:loc xlink:type="locator" xlink:href="hier.xsd#s2c_24" xlink:label="loc_s2c_SE_24." />
    <label:label xlink:type="resource" xlink:label="label_s2c_SE_24." xml:lang="en" xlink:role="http://www.xbrl.org/2008/role/label">Nominated ECAI</label:label>
    <gen:arc xlink:type="arc" xlink:arcrole="http://xbrl.org/arcrole/2008/element-label" xlink:from="loc_s2c_SE_24." xlink:to="label_s2c_SE_24." />
    <label:label xlink:type="resource" xlink:label="label_s2c_SE_24._1" xml:lang="en" xlink:role="http://www.xbrl.org/2008/role/verboseLabel">N/A</label:label>
    <gen:arc xlink:type="arc" xlink:arcrole="http://xbrl.org/arcrole/2008/element-label" xlink:from="loc_s2c_SE_24." xlink:to="label_s2c_SE_24._1" />
    <link:loc xlink:type="locator" xlink:href="hier.xsd#s2c_25" xlink:label="loc_s2c_SE_25." />
    <label:label xlink:type="resource" xlink:label="label_s2c_SE_25." xml:lang="en" xlink:role="http://www.xbrl.org/2008/role/label">Nominated ECAI (including Multiple ECAI)</label:label>
    <gen:arc xlink:type="arc" xlink:arcrole="http://xbrl.org/arcrole/2008/element-label" xlink:from="loc_s2c_SE_25." xlink:to="label_s2c_SE_25." />
    <label:label xlink:type="resource" xlink:label="label_s2c_SE_25._1" xml:lang="en" xlink:role="http://www.xbrl.org/2008/role/verboseLabel">N/A</label:label>
    <gen:arc xlink:type="arc" xlink:arcrole="http://xbrl.org/arcrole/2008/element-label" xlink:from="loc_s2c_SE_25." xlink:to="label_s2c_SE_25._1" />
    <link:loc xlink:type="locator" xlink:href="hier.xsd#s2c_500" xlink:label="loc_s2c_SE_500." />
    <label:label xlink:type="resource" xlink:label="label_s2c_SE_500." xml:lang="en" xlink:role="http://www.xbrl.org/2008/role/label">Issuer sector (Pension funds)</label:label>
    <gen:arc xlink:type="arc" xlink:arcrole="http://xbrl.org/arcrole/2008/element-label" xlink:from="loc_s2c_SE_500." xlink:to="label_s2c_SE_500." />
    <label:label xlink:type="resource" xlink:label="label_s2c_SE_500._1" xml:lang="en" xlink:role="http://www.xbrl.org/2008/role/verboseLabel">IS</label:label>
    <gen:arc xlink:type="arc" xlink:arcrole="http://xbrl.org/arcrole/2008/element-label" xlink:from="loc_s2c_SE_500." xlink:to="label_s2c_SE_500._1" />
    <link:loc xlink:type="locator" xlink:href="hier.xsd#s2c_600" xlink:label="loc_s2c_SE_600." />
    <label:label xlink:type="resource" xlink:label="label_s2c_SE_600." xml:lang="en" xlink:role="http://www.xbrl.org/2008/role/label">Issuer sector [Pension funds for ECB]</label:label>
    <gen:arc xlink:type="arc" xlink:arcrole="http://xbrl.org/arcrole/2008/element-label" xlink:from="loc_s2c_SE_600." xlink:to="label_s2c_SE_600." />
    <label:label xlink:type="resource" xlink:label="label_s2c_SE_600._1" xml:lang="en" xlink:role="http://www.xbrl.org/2008/role/verboseLabel">IS</label:label>
    <gen:arc xlink:type="arc" xlink:arcrole="http://xbrl.org/arcrole/2008/element-label" xlink:from="loc_s2c_SE_600." xlink:to="label_s2c_SE_600._1" />
    <link:loc xlink:type="locator" xlink:href="hier.xsd#s2c_602" xlink:label="loc_s2c_SE_602." />
    <label:label xlink:type="resource" xlink:label="label_s2c_SE_602." xml:lang="en" xlink:role="http://www.xbrl.org/2008/role/label">Counterparty Sector according to ESA 2010 [Pension funds for ECB]</label:label>
    <gen:arc xlink:type="arc" xlink:arcrole="http://xbrl.org/arcrole/2008/element-label" xlink:from="loc_s2c_SE_602." xlink:to="label_s2c_SE_602." />
    <label:label xlink:type="resource" xlink:label="label_s2c_SE_602._1" xml:lang="en" xlink:role="http://www.xbrl.org/2008/role/verboseLabel">IS</label:label>
    <gen:arc xlink:type="arc" xlink:arcrole="http://xbrl.org/arcrole/2008/element-label" xlink:from="loc_s2c_SE_602." xlink:to="label_s2c_SE_602._1" />
    <link:loc xlink:type="locator" xlink:href="hier.xsd#s2c_26" xlink:label="loc_s2c_SE_26." />
    <label:label xlink:type="resource" xlink:label="label_s2c_SE_26." xml:lang="en" xlink:role="http://www.xbrl.org/2008/role/label">Nominated ECAI (SCR simplification included) [240]</label:label>
    <gen:arc xlink:type="arc" xlink:arcrole="http://xbrl.org/arcrole/2008/element-label" xlink:from="loc_s2c_SE_26." xlink:to="label_s2c_SE_26." />
    <label:label xlink:type="resource" xlink:label="label_s2c_SE_26._1" xml:lang="en" xlink:role="http://www.xbrl.org/2008/role/verboseLabel">N/A</label:label>
    <gen:arc xlink:type="arc" xlink:arcrole="http://xbrl.org/arcrole/2008/element-label" xlink:from="loc_s2c_SE_26." xlink:to="label_s2c_SE_26._1" />
    <link:loc xlink:type="locator" xlink:href="hier.xsd#s2c_27" xlink:label="loc_s2c_SE_27." />
    <label:label xlink:type="resource" xlink:label="label_s2c_SE_27." xml:lang="en" xlink:role="http://www.xbrl.org/2008/role/label">Nominated ECAI [240]</label:label>
    <gen:arc xlink:type="arc" xlink:arcrole="http://xbrl.org/arcrole/2008/element-label" xlink:from="loc_s2c_SE_27." xlink:to="label_s2c_SE_27." />
    <label:label xlink:type="resource" xlink:label="label_s2c_SE_27._1" xml:lang="en" xlink:role="http://www.xbrl.org/2008/role/verboseLabel">N/A</label:label>
    <gen:arc xlink:type="arc" xlink:arcrole="http://xbrl.org/arcrole/2008/element-label" xlink:from="loc_s2c_SE_27." xlink:to="label_s2c_SE_27._1" />
    <link:loc xlink:type="locator" xlink:href="hier.xsd#s2c_28" xlink:label="loc_s2c_SE_28." />
    <label:label xlink:type="resource" xlink:label="label_s2c_SE_28." xml:lang="en" xlink:role="http://www.xbrl.org/2008/role/label">Nominated ECAI (including multiple ECAI) [240]</label:label>
    <gen:arc xlink:type="arc" xlink:arcrole="http://xbrl.org/arcrole/2008/element-label" xlink:from="loc_s2c_SE_28." xlink:to="label_s2c_SE_28." />
    <label:label xlink:type="resource" xlink:label="label_s2c_SE_28._1" xml:lang="en" xlink:role="http://www.xbrl.org/2008/role/verboseLabel">N/A</label:label>
    <gen:arc xlink:type="arc" xlink:arcrole="http://xbrl.org/arcrole/2008/element-label" xlink:from="loc_s2c_SE_28." xlink:to="label_s2c_SE_28._1" />
    <link:loc xlink:type="locator" xlink:href="hier.xsd#s2c_29" xlink:label="loc_s2c_SE_29." />
    <label:label xlink:type="resource" xlink:label="label_s2c_SE_29." xml:lang="en" xlink:role="http://www.xbrl.org/2008/role/label">Nominated ECAI (including SCR simplification and multiple ECAI) [240]</label:label>
    <gen:arc xlink:type="arc" xlink:arcrole="http://xbrl.org/arcrole/2008/element-label" xlink:from="loc_s2c_SE_29." xlink:to="label_s2c_SE_29." />
    <label:label xlink:type="resource" xlink:label="label_s2c_SE_29._1" xml:lang="en" xlink:role="http://www.xbrl.org/2008/role/verboseLabel">N/A</label:label>
    <gen:arc xlink:type="arc" xlink:arcrole="http://xbrl.org/arcrole/2008/element-label" xlink:from="loc_s2c_SE_29." xlink:to="label_s2c_SE_29._1" />
  </gen:link>
</link:linkbase>