<?xml version="1.0" encoding="UTF-8"?>
<!--(C) EIOPA - XBRL Taxonomy-->
<?officialURI http://eiopa.europa.eu/eu/xbrl/s2c/dict/dom/am/mem-lab-en.xml?>
<?taxonomy-version 2.4.0?>
<?taxonomy-date 2019-07-15?>
<link:linkbase xmlns:xsi="http://www.w3.org/2001/XMLSchema-instance" xmlns:xlink="http://www.w3.org/1999/xlink" xmlns:link="http://www.xbrl.org/2003/linkbase" xsi:schemaLocation="http://www.xbrl.org/2003/linkbase http://www.xbrl.org/2003/xbrl-linkbase-2003-12-31.xsd">
  <link:labelLink xlink:type="extended" xlink:role="http://www.xbrl.org/2003/role/link">
    <link:loc xlink:type="locator" xlink:href="mem.xsd#s2c_x47" xlink:label="loc_s2c_x47" />
    <link:label xlink:type="resource" xlink:label="label_s2c_x47" xml:lang="en" xlink:role="http://www.xbrl.org/2003/role/label">Initial amount approved</link:label>
    <link:labelArc xlink:type="arc" xlink:arcrole="http://www.xbrl.org/2003/arcrole/concept-label" xlink:from="loc_s2c_x47" xlink:to="label_s2c_x47" />
    <link:loc xlink:type="locator" xlink:href="mem.xsd#s2c_x48" xlink:label="loc_s2c_x48" />
    <link:label xlink:type="resource" xlink:label="label_s2c_x48" xml:lang="en" xlink:role="http://www.xbrl.org/2003/role/label">Limit</link:label>
    <link:labelArc xlink:type="arc" xlink:arcrole="http://www.xbrl.org/2003/arcrole/concept-label" xlink:from="loc_s2c_x48" xlink:to="label_s2c_x48" />
    <link:loc xlink:type="locator" xlink:href="mem.xsd#s2c_x49" xlink:label="loc_s2c_x49" />
    <link:label xlink:type="resource" xlink:label="label_s2c_x49" xml:lang="en" xlink:role="http://www.xbrl.org/2003/role/label">Linear</link:label>
    <link:labelArc xlink:type="arc" xlink:arcrole="http://www.xbrl.org/2003/arcrole/concept-label" xlink:from="loc_s2c_x49" xlink:to="label_s2c_x49" />
    <link:loc xlink:type="locator" xlink:href="mem.xsd#s2c_x50" xlink:label="loc_s2c_x50" />
    <link:label xlink:type="resource" xlink:label="label_s2c_x50" xml:lang="en" xlink:role="http://www.xbrl.org/2003/role/label">Local GAAP</link:label>
    <link:labelArc xlink:type="arc" xlink:arcrole="http://www.xbrl.org/2003/arcrole/concept-label" xlink:from="loc_s2c_x50" xlink:to="label_s2c_x50" />
    <link:loc xlink:type="locator" xlink:href="mem.xsd#s2c_x51" xlink:label="loc_s2c_x51" />
    <link:label xlink:type="resource" xlink:label="label_s2c_x51" xml:lang="en" xlink:role="http://www.xbrl.org/2003/role/label">Maximum cover</link:label>
    <link:labelArc xlink:type="arc" xlink:arcrole="http://www.xbrl.org/2003/arcrole/concept-label" xlink:from="loc_s2c_x51" xlink:to="label_s2c_x51" />
    <link:loc xlink:type="locator" xlink:href="mem.xsd#s2c_x53" xlink:label="loc_s2c_x53" />
    <link:label xlink:type="resource" xlink:label="label_s2c_x53" xml:lang="en" xlink:role="http://www.xbrl.org/2003/role/label">Maximum loss under unwinding event</link:label>
    <link:labelArc xlink:type="arc" xlink:arcrole="http://www.xbrl.org/2003/arcrole/concept-label" xlink:from="loc_s2c_x53" xlink:to="label_s2c_x53" />
    <link:loc xlink:type="locator" xlink:href="mem.xsd#s2c_x54" xlink:label="loc_s2c_x54" />
    <link:label xlink:type="resource" xlink:label="label_s2c_x54" xml:lang="en" xlink:role="http://www.xbrl.org/2003/role/label">Maximum value</link:label>
    <link:labelArc xlink:type="arc" xlink:arcrole="http://www.xbrl.org/2003/arcrole/concept-label" xlink:from="loc_s2c_x54" xlink:to="label_s2c_x54" />
    <link:loc xlink:type="locator" xlink:href="mem.xsd#s2c_x55" xlink:label="loc_s2c_x55" />
    <link:label xlink:type="resource" xlink:label="label_s2c_x55" xml:lang="en" xlink:role="http://www.xbrl.org/2003/role/label">Near leg</link:label>
    <link:labelArc xlink:type="arc" xlink:arcrole="http://www.xbrl.org/2003/arcrole/concept-label" xlink:from="loc_s2c_x55" xlink:to="label_s2c_x55" />
    <link:loc xlink:type="locator" xlink:href="mem.xsd#s2c_x56" xlink:label="loc_s2c_x56" />
    <link:label xlink:type="resource" xlink:label="label_s2c_x56" xml:lang="en" xlink:role="http://www.xbrl.org/2003/role/label">No capital requirement</link:label>
    <link:labelArc xlink:type="arc" xlink:arcrole="http://www.xbrl.org/2003/arcrole/concept-label" xlink:from="loc_s2c_x56" xlink:to="label_s2c_x56" />
    <link:loc xlink:type="locator" xlink:href="mem.xsd#s2c_x57" xlink:label="loc_s2c_x57" />
    <link:label xlink:type="resource" xlink:label="label_s2c_x57" xml:lang="en" xlink:role="http://www.xbrl.org/2003/role/label">Non-cumulative</link:label>
    <link:labelArc xlink:type="arc" xlink:arcrole="http://www.xbrl.org/2003/arcrole/concept-label" xlink:from="loc_s2c_x57" xlink:to="label_s2c_x57" />
    <link:loc xlink:type="locator" xlink:href="mem.xsd#s2c_x58" xlink:label="loc_s2c_x58" />
    <link:label xlink:type="resource" xlink:label="label_s2c_x58" xml:lang="en" xlink:role="http://www.xbrl.org/2003/role/label">Not based on a flat premium [N]</link:label>
    <link:labelArc xlink:type="arc" xlink:arcrole="http://www.xbrl.org/2003/arcrole/concept-label" xlink:from="loc_s2c_x58" xlink:to="label_s2c_x58" />
    <link:loc xlink:type="locator" xlink:href="mem.xsd#s2c_x59" xlink:label="loc_s2c_x59" />
    <link:label xlink:type="resource" xlink:label="label_s2c_x59" xml:lang="en" xlink:role="http://www.xbrl.org/2003/role/label">Not realized</link:label>
    <link:labelArc xlink:type="arc" xlink:arcrole="http://www.xbrl.org/2003/arcrole/concept-label" xlink:from="loc_s2c_x59" xlink:to="label_s2c_x59" />
    <link:loc xlink:type="locator" xlink:href="mem.xsd#s2c_x60" xlink:label="loc_s2c_x60" />
    <link:label xlink:type="resource" xlink:label="label_s2c_x60" xml:lang="en" xlink:role="http://www.xbrl.org/2003/role/label">Notional</link:label>
    <link:labelArc xlink:type="arc" xlink:arcrole="http://www.xbrl.org/2003/arcrole/concept-label" xlink:from="loc_s2c_x60" xlink:to="label_s2c_x60" />
    <link:loc xlink:type="locator" xlink:href="mem.xsd#s2c_x61" xlink:label="loc_s2c_x61" />
    <link:label xlink:type="resource" xlink:label="label_s2c_x61" xml:lang="en" xlink:role="http://www.xbrl.org/2003/role/label">Notional amount</link:label>
    <link:labelArc xlink:type="arc" xlink:arcrole="http://www.xbrl.org/2003/arcrole/concept-label" xlink:from="loc_s2c_x61" xlink:to="label_s2c_x61" />
    <link:loc xlink:type="locator" xlink:href="mem.xsd#s2c_x62" xlink:label="loc_s2c_x62" />
    <link:label xlink:type="resource" xlink:label="label_s2c_x62" xml:lang="en" xlink:role="http://www.xbrl.org/2003/role/label">Notional amount [at transaction date]</link:label>
    <link:labelArc xlink:type="arc" xlink:arcrole="http://www.xbrl.org/2003/arcrole/concept-label" xlink:from="loc_s2c_x62" xlink:to="label_s2c_x62" />
    <link:loc xlink:type="locator" xlink:href="mem.xsd#s2c_x63" xlink:label="loc_s2c_x63" />
    <link:label xlink:type="resource" xlink:label="label_s2c_x63" xml:lang="en" xlink:role="http://www.xbrl.org/2003/role/label">Original contractual amount</link:label>
    <link:labelArc xlink:type="arc" xlink:arcrole="http://www.xbrl.org/2003/arcrole/concept-label" xlink:from="loc_s2c_x63" xlink:to="label_s2c_x63" />
    <link:loc xlink:type="locator" xlink:href="mem.xsd#s2c_x64" xlink:label="loc_s2c_x64" />
    <link:label xlink:type="resource" xlink:label="label_s2c_x64" xml:lang="en" xlink:role="http://www.xbrl.org/2003/role/label">Outflow amount</link:label>
    <link:labelArc xlink:type="arc" xlink:arcrole="http://www.xbrl.org/2003/arcrole/concept-label" xlink:from="loc_s2c_x64" xlink:to="label_s2c_x64" />
    <link:loc xlink:type="locator" xlink:href="mem.xsd#s2c_x65" xlink:label="loc_s2c_x65" />
    <link:label xlink:type="resource" xlink:label="label_s2c_x65" xml:lang="en" xlink:role="http://www.xbrl.org/2003/role/label">Par amount</link:label>
    <link:labelArc xlink:type="arc" xlink:arcrole="http://www.xbrl.org/2003/arcrole/concept-label" xlink:from="loc_s2c_x65" xlink:to="label_s2c_x65" />
    <link:loc xlink:type="locator" xlink:href="mem.xsd#s2c_x66" xlink:label="loc_s2c_x66" />
    <link:label xlink:type="resource" xlink:label="label_s2c_x66" xml:lang="en" xlink:role="http://www.xbrl.org/2003/role/label">Percentage [30%]</link:label>
    <link:labelArc xlink:type="arc" xlink:arcrole="http://www.xbrl.org/2003/arcrole/concept-label" xlink:from="loc_s2c_x66" xlink:to="label_s2c_x66" />
    <link:loc xlink:type="locator" xlink:href="mem.xsd#s2c_x67" xlink:label="loc_s2c_x67" />
    <link:label xlink:type="resource" xlink:label="label_s2c_x67" xml:lang="en" xlink:role="http://www.xbrl.org/2003/role/label">Possible negative</link:label>
    <link:labelArc xlink:type="arc" xlink:arcrole="http://www.xbrl.org/2003/arcrole/concept-label" xlink:from="loc_s2c_x67" xlink:to="label_s2c_x67" />
    <link:loc xlink:type="locator" xlink:href="mem.xsd#s2c_x68" xlink:label="loc_s2c_x68" />
    <link:label xlink:type="resource" xlink:label="label_s2c_x68" xml:lang="en" xlink:role="http://www.xbrl.org/2003/role/label">Premium paid/received to date</link:label>
    <link:labelArc xlink:type="arc" xlink:arcrole="http://www.xbrl.org/2003/arcrole/concept-label" xlink:from="loc_s2c_x68" xlink:to="label_s2c_x68" />
    <link:loc xlink:type="locator" xlink:href="mem.xsd#s2c_x69" xlink:label="loc_s2c_x69" />
    <link:label xlink:type="resource" xlink:label="label_s2c_x69" xml:lang="en" xlink:role="http://www.xbrl.org/2003/role/label">Profit and loss to date</link:label>
    <link:labelArc xlink:type="arc" xlink:arcrole="http://www.xbrl.org/2003/arcrole/concept-label" xlink:from="loc_s2c_x69" xlink:to="label_s2c_x69" />
    <link:loc xlink:type="locator" xlink:href="mem.xsd#s2c_x70" xlink:label="loc_s2c_x70" />
    <link:label xlink:type="resource" xlink:label="label_s2c_x70" xml:lang="en" xlink:role="http://www.xbrl.org/2003/role/label">Profits included in future premiums</link:label>
    <link:labelArc xlink:type="arc" xlink:arcrole="http://www.xbrl.org/2003/arcrole/concept-label" xlink:from="loc_s2c_x70" xlink:to="label_s2c_x70" />
    <link:loc xlink:type="locator" xlink:href="mem.xsd#s2c_x71" xlink:label="loc_s2c_x71" />
    <link:label xlink:type="resource" xlink:label="label_s2c_x71" xml:lang="en" xlink:role="http://www.xbrl.org/2003/role/label">Prospective</link:label>
    <link:labelArc xlink:type="arc" xlink:arcrole="http://www.xbrl.org/2003/arcrole/concept-label" xlink:from="loc_s2c_x71" xlink:to="label_s2c_x71" />
    <link:loc xlink:type="locator" xlink:href="mem.xsd#s2c_x72" xlink:label="loc_s2c_x72" />
    <link:label xlink:type="resource" xlink:label="label_s2c_x72" xml:lang="en" xlink:role="http://www.xbrl.org/2003/role/label">Prudential other than Solvency II</link:label>
    <link:labelArc xlink:type="arc" xlink:arcrole="http://www.xbrl.org/2003/arcrole/concept-label" xlink:from="loc_s2c_x72" xlink:to="label_s2c_x72" />
    <link:loc xlink:type="locator" xlink:href="mem.xsd#s2c_x73" xlink:label="loc_s2c_x73" />
    <link:label xlink:type="resource" xlink:label="label_s2c_x73" xml:lang="en" xlink:role="http://www.xbrl.org/2003/role/label">Realized</link:label>
    <link:labelArc xlink:type="arc" xlink:arcrole="http://www.xbrl.org/2003/arcrole/concept-label" xlink:from="loc_s2c_x73" xlink:to="label_s2c_x73" />
    <link:loc xlink:type="locator" xlink:href="mem.xsd#s2c_x74" xlink:label="loc_s2c_x74" />
    <link:label xlink:type="resource" xlink:label="label_s2c_x74" xml:lang="en" xlink:role="http://www.xbrl.org/2003/role/label">Redemptions/prepayments/paybacks</link:label>
    <link:labelArc xlink:type="arc" xlink:arcrole="http://www.xbrl.org/2003/arcrole/concept-label" xlink:from="loc_s2c_x74" xlink:to="label_s2c_x74" />
    <link:loc xlink:type="locator" xlink:href="mem.xsd#s2c_x75" xlink:label="loc_s2c_x75" />
    <link:label xlink:type="resource" xlink:label="label_s2c_x75" xml:lang="en" xlink:role="http://www.xbrl.org/2003/role/label">Result of transaction</link:label>
    <link:labelArc xlink:type="arc" xlink:arcrole="http://www.xbrl.org/2003/arcrole/concept-label" xlink:from="loc_s2c_x75" xlink:to="label_s2c_x75" />
    <link:loc xlink:type="locator" xlink:href="mem.xsd#s2c_x76" xlink:label="loc_s2c_x76" />
    <link:label xlink:type="resource" xlink:label="label_s2c_x76" xml:lang="en" xlink:role="http://www.xbrl.org/2003/role/label">Retained</link:label>
    <link:labelArc xlink:type="arc" xlink:arcrole="http://www.xbrl.org/2003/arcrole/concept-label" xlink:from="loc_s2c_x76" xlink:to="label_s2c_x76" />
    <link:loc xlink:type="locator" xlink:href="mem.xsd#s2c_x77" xlink:label="loc_s2c_x77" />
    <link:label xlink:type="resource" xlink:label="label_s2c_x77" xml:lang="en" xlink:role="http://www.xbrl.org/2003/role/label">Retention or priority</link:label>
    <link:labelArc xlink:type="arc" xlink:arcrole="http://www.xbrl.org/2003/arcrole/concept-label" xlink:from="loc_s2c_x77" xlink:to="label_s2c_x77" />
    <link:loc xlink:type="locator" xlink:href="mem.xsd#s2c_x78" xlink:label="loc_s2c_x78" />
    <link:label xlink:type="resource" xlink:label="label_s2c_x78" xml:lang="en" xlink:role="http://www.xbrl.org/2003/role/label">Retrospective</link:label>
    <link:labelArc xlink:type="arc" xlink:arcrole="http://www.xbrl.org/2003/arcrole/concept-label" xlink:from="loc_s2c_x78" xlink:to="label_s2c_x78" />
    <link:loc xlink:type="locator" xlink:href="mem.xsd#s2c_x79" xlink:label="loc_s2c_x79" />
    <link:label xlink:type="resource" xlink:label="label_s2c_x79" xml:lang="en" xlink:role="http://www.xbrl.org/2003/role/label">Sectoral</link:label>
    <link:labelArc xlink:type="arc" xlink:arcrole="http://www.xbrl.org/2003/arcrole/concept-label" xlink:from="loc_s2c_x79" xlink:to="label_s2c_x79" />
    <link:loc xlink:type="locator" xlink:href="mem.xsd#s2c_x80" xlink:label="loc_s2c_x80" />
    <link:label xlink:type="resource" xlink:label="label_s2c_x80" xml:lang="en" xlink:role="http://www.xbrl.org/2003/role/label">Solvency II</link:label>
    <link:labelArc xlink:type="arc" xlink:arcrole="http://www.xbrl.org/2003/arcrole/concept-label" xlink:from="loc_s2c_x80" xlink:to="label_s2c_x80" />
    <link:loc xlink:type="locator" xlink:href="mem.xsd#s2c_x81" xlink:label="loc_s2c_x81" />
    <link:label xlink:type="resource" xlink:label="label_s2c_x81" xml:lang="en" xlink:role="http://www.xbrl.org/2003/role/label">Solvency II without accrued interests</link:label>
    <link:labelArc xlink:type="arc" xlink:arcrole="http://www.xbrl.org/2003/arcrole/concept-label" xlink:from="loc_s2c_x81" xlink:to="label_s2c_x81" />
    <link:loc xlink:type="locator" xlink:href="mem.xsd#s2c_x82" xlink:label="loc_s2c_x82" />
    <link:label xlink:type="resource" xlink:label="label_s2c_x82" xml:lang="en" xlink:role="http://www.xbrl.org/2003/role/label">Specified</link:label>
    <link:labelArc xlink:type="arc" xlink:arcrole="http://www.xbrl.org/2003/arcrole/concept-label" xlink:from="loc_s2c_x82" xlink:to="label_s2c_x82" />
    <link:loc xlink:type="locator" xlink:href="mem.xsd#s2c_x83" xlink:label="loc_s2c_x83" />
    <link:label xlink:type="resource" xlink:label="label_s2c_x83" xml:lang="en" xlink:role="http://www.xbrl.org/2003/role/label">Start amount of the interval</link:label>
    <link:labelArc xlink:type="arc" xlink:arcrole="http://www.xbrl.org/2003/arcrole/concept-label" xlink:from="loc_s2c_x83" xlink:to="label_s2c_x83" />
    <link:loc xlink:type="locator" xlink:href="mem.xsd#s2c_x84" xlink:label="loc_s2c_x84" />
    <link:label xlink:type="resource" xlink:label="label_s2c_x84" xml:lang="en" xlink:role="http://www.xbrl.org/2003/role/label">Statutory accounts</link:label>
    <link:labelArc xlink:type="arc" xlink:arcrole="http://www.xbrl.org/2003/arcrole/concept-label" xlink:from="loc_s2c_x84" xlink:to="label_s2c_x84" />
    <link:loc xlink:type="locator" xlink:href="mem.xsd#s2c_x85" xlink:label="loc_s2c_x85" />
    <link:label xlink:type="resource" xlink:label="label_s2c_x85" xml:lang="en" xlink:role="http://www.xbrl.org/2003/role/label">Statutory accounts values adjusted for Solvency II valuation differences</link:label>
    <link:labelArc xlink:type="arc" xlink:arcrole="http://www.xbrl.org/2003/arcrole/concept-label" xlink:from="loc_s2c_x85" xlink:to="label_s2c_x85" />
    <link:loc xlink:type="locator" xlink:href="mem.xsd#s2c_x86" xlink:label="loc_s2c_x86" />
    <link:label xlink:type="resource" xlink:label="label_s2c_x86" xml:lang="en" xlink:role="http://www.xbrl.org/2003/role/label">Surrender value</link:label>
    <link:labelArc xlink:type="arc" xlink:arcrole="http://www.xbrl.org/2003/arcrole/concept-label" xlink:from="loc_s2c_x86" xlink:to="label_s2c_x86" />
    <link:loc xlink:type="locator" xlink:href="mem.xsd#s2c_x87" xlink:label="loc_s2c_x87" />
    <link:label xlink:type="resource" xlink:label="label_s2c_x87" xml:lang="en" xlink:role="http://www.xbrl.org/2003/role/label">Top-ups</link:label>
    <link:labelArc xlink:type="arc" xlink:arcrole="http://www.xbrl.org/2003/arcrole/concept-label" xlink:from="loc_s2c_x87" xlink:to="label_s2c_x87" />
    <link:loc xlink:type="locator" xlink:href="mem.xsd#s2c_x88" xlink:label="loc_s2c_x88" />
    <link:label xlink:type="resource" xlink:label="label_s2c_x88" xml:lang="en" xlink:role="http://www.xbrl.org/2003/role/label">Underwriting year [UWY]</link:label>
    <link:labelArc xlink:type="arc" xlink:arcrole="http://www.xbrl.org/2003/arcrole/concept-label" xlink:from="loc_s2c_x88" xlink:to="label_s2c_x88" />
    <link:loc xlink:type="locator" xlink:href="mem.xsd#s2c_x89" xlink:label="loc_s2c_x89" />
    <link:label xlink:type="resource" xlink:label="label_s2c_x89" xml:lang="en" xlink:role="http://www.xbrl.org/2003/role/label">Undiscounted</link:label>
    <link:labelArc xlink:type="arc" xlink:arcrole="http://www.xbrl.org/2003/arcrole/concept-label" xlink:from="loc_s2c_x89" xlink:to="label_s2c_x89" />
    <link:loc xlink:type="locator" xlink:href="mem.xsd#s2c_x90" xlink:label="loc_s2c_x90" />
    <link:label xlink:type="resource" xlink:label="label_s2c_x90" xml:lang="en" xlink:role="http://www.xbrl.org/2003/role/label">Unit price</link:label>
    <link:labelArc xlink:type="arc" xlink:arcrole="http://www.xbrl.org/2003/arcrole/concept-label" xlink:from="loc_s2c_x90" xlink:to="label_s2c_x90" />
    <link:loc xlink:type="locator" xlink:href="mem.xsd#s2c_x91" xlink:label="loc_s2c_x91" />
    <link:label xlink:type="resource" xlink:label="label_s2c_x91" xml:lang="en" xlink:role="http://www.xbrl.org/2003/role/label">Realized and not realized</link:label>
    <link:labelArc xlink:type="arc" xlink:arcrole="http://www.xbrl.org/2003/arcrole/concept-label" xlink:from="loc_s2c_x91" xlink:to="label_s2c_x91" />
    <link:loc xlink:type="locator" xlink:href="mem.xsd#s2c_x92" xlink:label="loc_s2c_x92" />
    <link:label xlink:type="resource" xlink:label="label_s2c_x92" xml:lang="en" xlink:role="http://www.xbrl.org/2003/role/label">Maximum cover per treaty</link:label>
    <link:labelArc xlink:type="arc" xlink:arcrole="http://www.xbrl.org/2003/arcrole/concept-label" xlink:from="loc_s2c_x92" xlink:to="label_s2c_x92" />
    <link:loc xlink:type="locator" xlink:href="mem.xsd#s2c_x93" xlink:label="loc_s2c_x93" />
    <link:label xlink:type="resource" xlink:label="label_s2c_x93" xml:lang="en" xlink:role="http://www.xbrl.org/2003/role/label">After capping</link:label>
    <link:labelArc xlink:type="arc" xlink:arcrole="http://www.xbrl.org/2003/arcrole/concept-label" xlink:from="loc_s2c_x93" xlink:to="label_s2c_x93" />
    <link:loc xlink:type="locator" xlink:href="mem.xsd#s2c_x94" xlink:label="loc_s2c_x94" />
    <link:label xlink:type="resource" xlink:label="label_s2c_x94" xml:lang="en" xlink:role="http://www.xbrl.org/2003/role/label">Other than Solvency II</link:label>
    <link:labelArc xlink:type="arc" xlink:arcrole="http://www.xbrl.org/2003/arcrole/concept-label" xlink:from="loc_s2c_x94" xlink:to="label_s2c_x94" />
    <link:loc xlink:type="locator" xlink:href="mem.xsd#s2c_x95" xlink:label="loc_s2c_x95" />
    <link:label xlink:type="resource" xlink:label="label_s2c_x95" xml:lang="en" xlink:role="http://www.xbrl.org/2003/role/label">Prudential</link:label>
    <link:labelArc xlink:type="arc" xlink:arcrole="http://www.xbrl.org/2003/arcrole/concept-label" xlink:from="loc_s2c_x95" xlink:to="label_s2c_x95" />
    <link:loc xlink:type="locator" xlink:href="mem.xsd#s2c_x96" xlink:label="loc_s2c_x96" />
    <link:label xlink:type="resource" xlink:label="label_s2c_x96" xml:lang="en" xlink:role="http://www.xbrl.org/2003/role/label">Reinsurance Commission</link:label>
    <link:labelArc xlink:type="arc" xlink:arcrole="http://www.xbrl.org/2003/arcrole/concept-label" xlink:from="loc_s2c_x96" xlink:to="label_s2c_x96" />
    <link:loc xlink:type="locator" xlink:href="mem.xsd#s2c_x97" xlink:label="loc_s2c_x97" />
    <link:label xlink:type="resource" xlink:label="label_s2c_x97" xml:lang="en" xlink:role="http://www.xbrl.org/2003/role/label">Reinsurance Commission [Maximum]</link:label>
    <link:labelArc xlink:type="arc" xlink:arcrole="http://www.xbrl.org/2003/arcrole/concept-label" xlink:from="loc_s2c_x97" xlink:to="label_s2c_x97" />
    <link:loc xlink:type="locator" xlink:href="mem.xsd#s2c_x98" xlink:label="loc_s2c_x98" />
    <link:label xlink:type="resource" xlink:label="label_s2c_x98" xml:lang="en" xlink:role="http://www.xbrl.org/2003/role/label">Reinsurance Commission [Minimum]</link:label>
    <link:labelArc xlink:type="arc" xlink:arcrole="http://www.xbrl.org/2003/arcrole/concept-label" xlink:from="loc_s2c_x98" xlink:to="label_s2c_x98" />
    <link:loc xlink:type="locator" xlink:href="mem.xsd#s2c_x99" xlink:label="loc_s2c_x99" />
    <link:label xlink:type="resource" xlink:label="label_s2c_x99" xml:lang="en" xlink:role="http://www.xbrl.org/2003/role/label">Reinsurance Commission [Expected]</link:label>
    <link:labelArc xlink:type="arc" xlink:arcrole="http://www.xbrl.org/2003/arcrole/concept-label" xlink:from="loc_s2c_x99" xlink:to="label_s2c_x99" />
    <link:loc xlink:type="locator" xlink:href="mem.xsd#s2c_x100" xlink:label="loc_s2c_x100" />
    <link:label xlink:type="resource" xlink:label="label_s2c_x100" xml:lang="en" xlink:role="http://www.xbrl.org/2003/role/label">Overriding Commission</link:label>
    <link:labelArc xlink:type="arc" xlink:arcrole="http://www.xbrl.org/2003/arcrole/concept-label" xlink:from="loc_s2c_x100" xlink:to="label_s2c_x100" />
    <link:loc xlink:type="locator" xlink:href="mem.xsd#s2c_x101" xlink:label="loc_s2c_x101" />
    <link:label xlink:type="resource" xlink:label="label_s2c_x101" xml:lang="en" xlink:role="http://www.xbrl.org/2003/role/label">Overriding Commission [Maximum]</link:label>
    <link:labelArc xlink:type="arc" xlink:arcrole="http://www.xbrl.org/2003/arcrole/concept-label" xlink:from="loc_s2c_x101" xlink:to="label_s2c_x101" />
    <link:loc xlink:type="locator" xlink:href="mem.xsd#s2c_x102" xlink:label="loc_s2c_x102" />
    <link:label xlink:type="resource" xlink:label="label_s2c_x102" xml:lang="en" xlink:role="http://www.xbrl.org/2003/role/label">Overriding Commission [Minimum]</link:label>
    <link:labelArc xlink:type="arc" xlink:arcrole="http://www.xbrl.org/2003/arcrole/concept-label" xlink:from="loc_s2c_x102" xlink:to="label_s2c_x102" />
    <link:loc xlink:type="locator" xlink:href="mem.xsd#s2c_x103" xlink:label="loc_s2c_x103" />
    <link:label xlink:type="resource" xlink:label="label_s2c_x103" xml:lang="en" xlink:role="http://www.xbrl.org/2003/role/label">Overriding Commission [Expected]</link:label>
    <link:labelArc xlink:type="arc" xlink:arcrole="http://www.xbrl.org/2003/arcrole/concept-label" xlink:from="loc_s2c_x103" xlink:to="label_s2c_x103" />
    <link:loc xlink:type="locator" xlink:href="mem.xsd#s2c_x104" xlink:label="loc_s2c_x104" />
    <link:label xlink:type="resource" xlink:label="label_s2c_x104" xml:lang="en" xlink:role="http://www.xbrl.org/2003/role/label">Profit Commission</link:label>
    <link:labelArc xlink:type="arc" xlink:arcrole="http://www.xbrl.org/2003/arcrole/concept-label" xlink:from="loc_s2c_x104" xlink:to="label_s2c_x104" />
    <link:loc xlink:type="locator" xlink:href="mem.xsd#s2c_x105" xlink:label="loc_s2c_x105" />
    <link:label xlink:type="resource" xlink:label="label_s2c_x105" xml:lang="en" xlink:role="http://www.xbrl.org/2003/role/label">Profit Commission [Maximum]</link:label>
    <link:labelArc xlink:type="arc" xlink:arcrole="http://www.xbrl.org/2003/arcrole/concept-label" xlink:from="loc_s2c_x105" xlink:to="label_s2c_x105" />
    <link:loc xlink:type="locator" xlink:href="mem.xsd#s2c_x106" xlink:label="loc_s2c_x106" />
    <link:label xlink:type="resource" xlink:label="label_s2c_x106" xml:lang="en" xlink:role="http://www.xbrl.org/2003/role/label">Profit Commission [Minimum]</link:label>
    <link:labelArc xlink:type="arc" xlink:arcrole="http://www.xbrl.org/2003/arcrole/concept-label" xlink:from="loc_s2c_x106" xlink:to="label_s2c_x106" />
    <link:loc xlink:type="locator" xlink:href="mem.xsd#s2c_x107" xlink:label="loc_s2c_x107" />
    <link:label xlink:type="resource" xlink:label="label_s2c_x107" xml:lang="en" xlink:role="http://www.xbrl.org/2003/role/label">Profit Commission [Expected]</link:label>
    <link:labelArc xlink:type="arc" xlink:arcrole="http://www.xbrl.org/2003/arcrole/concept-label" xlink:from="loc_s2c_x107" xlink:to="label_s2c_x107" />
    <link:loc xlink:type="locator" xlink:href="mem.xsd#s2c_x108" xlink:label="loc_s2c_x108" />
    <link:label xlink:type="resource" xlink:label="label_s2c_x108" xml:lang="en" xlink:role="http://www.xbrl.org/2003/role/label">The undertaking is using IFRS</link:label>
    <link:labelArc xlink:type="arc" xlink:arcrole="http://www.xbrl.org/2003/arcrole/concept-label" xlink:from="loc_s2c_x108" xlink:to="label_s2c_x108" />
    <link:loc xlink:type="locator" xlink:href="mem.xsd#s2c_x109" xlink:label="loc_s2c_x109" />
    <link:label xlink:type="resource" xlink:label="label_s2c_x109" xml:lang="en" xlink:role="http://www.xbrl.org/2003/role/label">The undertaking is using local GAAP (other than IFRS)</link:label>
    <link:labelArc xlink:type="arc" xlink:arcrole="http://www.xbrl.org/2003/arcrole/concept-label" xlink:from="loc_s2c_x109" xlink:to="label_s2c_x109" />
    <link:loc xlink:type="locator" xlink:href="mem.xsd#s2c_x110" xlink:label="loc_s2c_x110" />
    <link:label xlink:type="resource" xlink:label="label_s2c_x110" xml:lang="en" xlink:role="http://www.xbrl.org/2003/role/label">The group is using IFRS</link:label>
    <link:labelArc xlink:type="arc" xlink:arcrole="http://www.xbrl.org/2003/arcrole/concept-label" xlink:from="loc_s2c_x110" xlink:to="label_s2c_x110" />
    <link:loc xlink:type="locator" xlink:href="mem.xsd#s2c_x111" xlink:label="loc_s2c_x111" />
    <link:label xlink:type="resource" xlink:label="label_s2c_x111" xml:lang="en" xlink:role="http://www.xbrl.org/2003/role/label">The group is using local GAAP (other than IFRS)</link:label>
    <link:labelArc xlink:type="arc" xlink:arcrole="http://www.xbrl.org/2003/arcrole/concept-label" xlink:from="loc_s2c_x111" xlink:to="label_s2c_x111" />
    <link:loc xlink:type="locator" xlink:href="mem.xsd#s2c_x112" xlink:label="loc_s2c_x112" />
    <link:label xlink:type="resource" xlink:label="label_s2c_x112" xml:lang="en" xlink:role="http://www.xbrl.org/2003/role/label">Collateralized assets value</link:label>
    <link:labelArc xlink:type="arc" xlink:arcrole="http://www.xbrl.org/2003/arcrole/concept-label" xlink:from="loc_s2c_x112" xlink:to="label_s2c_x112" />
    <link:loc xlink:type="locator" xlink:href="mem.xsd#s2c_x113" xlink:label="loc_s2c_x113" />
    <link:label xlink:type="resource" xlink:label="label_s2c_x113" xml:lang="en" xlink:role="http://www.xbrl.org/2003/role/label">Collateralized liabilities value</link:label>
    <link:labelArc xlink:type="arc" xlink:arcrole="http://www.xbrl.org/2003/arcrole/concept-label" xlink:from="loc_s2c_x113" xlink:to="label_s2c_x113" />
    <link:loc xlink:type="locator" xlink:href="mem.xsd#s2c_x114" xlink:label="loc_s2c_x114" />
    <link:label xlink:type="resource" xlink:label="label_s2c_x114" xml:lang="en" xlink:role="http://www.xbrl.org/2003/role/label">Acquisition value</link:label>
    <link:labelArc xlink:type="arc" xlink:arcrole="http://www.xbrl.org/2003/arcrole/concept-label" xlink:from="loc_s2c_x114" xlink:to="label_s2c_x114" />
    <link:loc xlink:type="locator" xlink:href="mem.xsd#s2c_x115" xlink:label="loc_s2c_x115" />
    <link:label xlink:type="resource" xlink:label="label_s2c_x115" xml:lang="en" xlink:role="http://www.xbrl.org/2003/role/label">Longevity, mortality and revision obligations cash outflows</link:label>
    <link:labelArc xlink:type="arc" xlink:arcrole="http://www.xbrl.org/2003/arcrole/concept-label" xlink:from="loc_s2c_x115" xlink:to="label_s2c_x115" />
    <link:loc xlink:type="locator" xlink:href="mem.xsd#s2c_x116" xlink:label="loc_s2c_x116" />
    <link:label xlink:type="resource" xlink:label="label_s2c_x116" xml:lang="en" xlink:role="http://www.xbrl.org/2003/role/label">Expenses cash outflows</link:label>
    <link:labelArc xlink:type="arc" xlink:arcrole="http://www.xbrl.org/2003/arcrole/concept-label" xlink:from="loc_s2c_x116" xlink:to="label_s2c_x116" />
    <link:loc xlink:type="locator" xlink:href="mem.xsd#s2c_x117" xlink:label="loc_s2c_x117" />
    <link:label xlink:type="resource" xlink:label="label_s2c_x117" xml:lang="en" xlink:role="http://www.xbrl.org/2003/role/label">De-risked assets cash-flows</link:label>
    <link:labelArc xlink:type="arc" xlink:arcrole="http://www.xbrl.org/2003/arcrole/concept-label" xlink:from="loc_s2c_x117" xlink:to="label_s2c_x117" />
    <link:loc xlink:type="locator" xlink:href="mem.xsd#s2c_x118" xlink:label="loc_s2c_x118" />
    <link:label xlink:type="resource" xlink:label="label_s2c_x118" xml:lang="en" xlink:role="http://www.xbrl.org/2003/role/label">Positive undiscounted mismatch</link:label>
    <link:labelArc xlink:type="arc" xlink:arcrole="http://www.xbrl.org/2003/arcrole/concept-label" xlink:from="loc_s2c_x118" xlink:to="label_s2c_x118" />
    <link:loc xlink:type="locator" xlink:href="mem.xsd#s2c_x119" xlink:label="loc_s2c_x119" />
    <link:label xlink:type="resource" xlink:label="label_s2c_x119" xml:lang="en" xlink:role="http://www.xbrl.org/2003/role/label">Negative undiscounted mismatch</link:label>
    <link:labelArc xlink:type="arc" xlink:arcrole="http://www.xbrl.org/2003/arcrole/concept-label" xlink:from="loc_s2c_x119" xlink:to="label_s2c_x119" />
    <link:loc xlink:type="locator" xlink:href="mem.xsd#s2c_x120" xlink:label="loc_s2c_x120" />
    <link:label xlink:type="resource" xlink:label="label_s2c_x120" xml:lang="en" xlink:role="http://www.xbrl.org/2003/role/label">Market value</link:label>
    <link:labelArc xlink:type="arc" xlink:arcrole="http://www.xbrl.org/2003/arcrole/concept-label" xlink:from="loc_s2c_x120" xlink:to="label_s2c_x120" />
    <link:loc xlink:type="locator" xlink:href="mem.xsd#s2c_x121" xlink:label="loc_s2c_x121" />
    <link:label xlink:type="resource" xlink:label="label_s2c_x121" xml:lang="en" xlink:role="http://www.xbrl.org/2003/role/label">Solvency I</link:label>
    <link:labelArc xlink:type="arc" xlink:arcrole="http://www.xbrl.org/2003/arcrole/concept-label" xlink:from="loc_s2c_x121" xlink:to="label_s2c_x121" />
    <link:loc xlink:type="locator" xlink:href="mem.xsd#s2c_x122" xlink:label="loc_s2c_x122" />
    <link:label xlink:type="resource" xlink:label="label_s2c_x122" xml:lang="en" xlink:role="http://www.xbrl.org/2003/role/label">Amount of the adjustment to the technical provisions after any limitation applied in accordance to Article 308d (4) of the Directive 2009/138/EC</link:label>
    <link:labelArc xlink:type="arc" xlink:arcrole="http://www.xbrl.org/2003/arcrole/concept-label" xlink:from="loc_s2c_x122" xlink:to="label_s2c_x122" />
    <link:loc xlink:type="locator" xlink:href="mem.xsd#s2c_x123" xlink:label="loc_s2c_x123" />
    <link:label xlink:type="resource" xlink:label="label_s2c_x123" xml:lang="en" xlink:role="http://www.xbrl.org/2003/role/label">Technical provision after transitional on technical provisions</link:label>
    <link:labelArc xlink:type="arc" xlink:arcrole="http://www.xbrl.org/2003/arcrole/concept-label" xlink:from="loc_s2c_x123" xlink:to="label_s2c_x123" />
    <link:loc xlink:type="locator" xlink:href="mem.xsd#s2c_x124" xlink:label="loc_s2c_x124" />
    <link:label xlink:type="resource" xlink:label="label_s2c_x124" xml:lang="en" xlink:role="http://www.xbrl.org/2003/role/label">Premium paid to date</link:label>
    <link:labelArc xlink:type="arc" xlink:arcrole="http://www.xbrl.org/2003/arcrole/concept-label" xlink:from="loc_s2c_x124" xlink:to="label_s2c_x124" />
    <link:loc xlink:type="locator" xlink:href="mem.xsd#s2c_x125" xlink:label="loc_s2c_x125" />
    <link:label xlink:type="resource" xlink:label="label_s2c_x125" xml:lang="en" xlink:role="http://www.xbrl.org/2003/role/label">Premium received to date</link:label>
    <link:labelArc xlink:type="arc" xlink:arcrole="http://www.xbrl.org/2003/arcrole/concept-label" xlink:from="loc_s2c_x125" xlink:to="label_s2c_x125" />
    <link:loc xlink:type="locator" xlink:href="mem.xsd#s2c_x126" xlink:label="loc_s2c_x126" />
    <link:label xlink:type="resource" xlink:label="label_s2c_x126" xml:lang="en" xlink:role="http://www.xbrl.org/2003/role/label">Amount subject to prior security interests</link:label>
    <link:labelArc xlink:type="arc" xlink:arcrole="http://www.xbrl.org/2003/arcrole/concept-label" xlink:from="loc_s2c_x126" xlink:to="label_s2c_x126" />
    <link:loc xlink:type="locator" xlink:href="mem.xsd#s2c_x127" xlink:label="loc_s2c_x127" />
    <link:label xlink:type="resource" xlink:label="label_s2c_x127" xml:lang="en" xlink:role="http://www.xbrl.org/2003/role/label">Value net of encumbrance</link:label>
    <link:labelArc xlink:type="arc" xlink:arcrole="http://www.xbrl.org/2003/arcrole/concept-label" xlink:from="loc_s2c_x127" xlink:to="label_s2c_x127" />
    <link:loc xlink:type="locator" xlink:href="mem.xsd#s2c_x128" xlink:label="loc_s2c_x128" />
    <link:label xlink:type="resource" xlink:label="label_s2c_x128" xml:lang="en" xlink:role="http://www.xbrl.org/2003/role/label">Preferential claim</link:label>
    <link:labelArc xlink:type="arc" xlink:arcrole="http://www.xbrl.org/2003/arcrole/concept-label" xlink:from="loc_s2c_x128" xlink:to="label_s2c_x128" />
    <link:loc xlink:type="locator" xlink:href="mem.xsd#s2c_x129" xlink:label="loc_s2c_x129" />
    <link:label xlink:type="resource" xlink:label="label_s2c_x129" xml:lang="en" xlink:role="http://www.xbrl.org/2003/role/label">Value net of preferential claim</link:label>
    <link:labelArc xlink:type="arc" xlink:arcrole="http://www.xbrl.org/2003/arcrole/concept-label" xlink:from="loc_s2c_x129" xlink:to="label_s2c_x129" />
    <link:loc xlink:type="locator" xlink:href="mem.xsd#s2c_x130" xlink:label="loc_s2c_x130" />
    <link:label xlink:type="resource" xlink:label="label_s2c_x130" xml:lang="en" xlink:role="http://www.xbrl.org/2003/role/label">Reclassification adjustments</link:label>
    <link:labelArc xlink:type="arc" xlink:arcrole="http://www.xbrl.org/2003/arcrole/concept-label" xlink:from="loc_s2c_x130" xlink:to="label_s2c_x130" />
    <link:loc xlink:type="locator" xlink:href="mem.xsd#s2c_x131" xlink:label="loc_s2c_x131" />
    <link:label xlink:type="resource" xlink:label="label_s2c_x131" xml:lang="en" xlink:role="http://www.xbrl.org/2003/role/label">Write-offs/write-downs</link:label>
    <link:labelArc xlink:type="arc" xlink:arcrole="http://www.xbrl.org/2003/arcrole/concept-label" xlink:from="loc_s2c_x131" xlink:to="label_s2c_x131" />
    <link:loc xlink:type="locator" xlink:href="mem.xsd#s2c_x132" xlink:label="loc_s2c_x132" />
    <link:label xlink:type="resource" xlink:label="label_s2c_x132" xml:lang="en" xlink:role="http://www.xbrl.org/2003/role/label">Aggregate maximum value per arrangement</link:label>
    <link:labelArc xlink:type="arc" xlink:arcrole="http://www.xbrl.org/2003/arcrole/concept-label" xlink:from="loc_s2c_x132" xlink:to="label_s2c_x132" />
    <link:loc xlink:type="locator" xlink:href="mem.xsd#s2c_x133" xlink:label="loc_s2c_x133" />
    <link:label xlink:type="resource" xlink:label="label_s2c_x133" xml:lang="en" xlink:role="http://www.xbrl.org/2003/role/label">Amount where national supervisor could require standard formula reference even when undertakings is using internal models or partial internal model to calculate the SCR</link:label>
    <link:labelArc xlink:type="arc" xlink:arcrole="http://www.xbrl.org/2003/arcrole/concept-label" xlink:from="loc_s2c_x133" xlink:to="label_s2c_x133" />
    <link:loc xlink:type="locator" xlink:href="mem.xsd#s2c_x134" xlink:label="loc_s2c_x134" />
    <link:label xlink:type="resource" xlink:label="label_s2c_x134" xml:lang="en" xlink:role="http://www.xbrl.org/2003/role/label">Absolute floor before considering article 253 of the Delegated Regulation (EU) 2015/35</link:label>
    <link:labelArc xlink:type="arc" xlink:arcrole="http://www.xbrl.org/2003/arcrole/concept-label" xlink:from="loc_s2c_x134" xlink:to="label_s2c_x134" />
    <link:loc xlink:type="locator" xlink:href="mem.xsd#s2c_x135" xlink:label="loc_s2c_x135" />
    <link:label xlink:type="resource" xlink:label="label_s2c_x135" xml:lang="en" xlink:role="http://www.xbrl.org/2003/role/label">Amount after allocation from adjustments due to RFF and Matching adjustments portfolios</link:label>
    <link:labelArc xlink:type="arc" xlink:arcrole="http://www.xbrl.org/2003/arcrole/concept-label" xlink:from="loc_s2c_x135" xlink:to="label_s2c_x135" />
    <link:loc xlink:type="locator" xlink:href="mem.xsd#s2c_x136" xlink:label="loc_s2c_x136" />
    <link:label xlink:type="resource" xlink:label="label_s2c_x136" xml:lang="en" xlink:role="http://www.xbrl.org/2003/role/label">Amount calculated based on obligations</link:label>
    <link:labelArc xlink:type="arc" xlink:arcrole="http://www.xbrl.org/2003/arcrole/concept-label" xlink:from="loc_s2c_x136" xlink:to="label_s2c_x136" />
    <link:loc xlink:type="locator" xlink:href="mem.xsd#s2c_x6000" xlink:label="loc_s2c_x6000" />
    <link:label xlink:type="resource" xlink:label="label_s2c_x6000" xml:lang="en" xlink:role="http://www.xbrl.org/2003/role/label">Stock</link:label>
    <link:labelArc xlink:type="arc" xlink:arcrole="http://www.xbrl.org/2003/arcrole/concept-label" xlink:from="loc_s2c_x6000" xlink:to="label_s2c_x6000" />
    <link:loc xlink:type="locator" xlink:href="mem.xsd#s2c_x6002" xlink:label="loc_s2c_x6002" />
    <link:label xlink:type="resource" xlink:label="label_s2c_x6002" xml:lang="en" xlink:role="http://www.xbrl.org/2003/role/label">Revaluation adjustments (including exchange rate adjustments)</link:label>
    <link:labelArc xlink:type="arc" xlink:arcrole="http://www.xbrl.org/2003/arcrole/concept-label" xlink:from="loc_s2c_x6002" xlink:to="label_s2c_x6002" />
    <link:loc xlink:type="locator" xlink:href="mem.xsd#s2c_x6003" xlink:label="loc_s2c_x6003" />
    <link:label xlink:type="resource" xlink:label="label_s2c_x6003" xml:lang="en" xlink:role="http://www.xbrl.org/2003/role/label">Financial transactions</link:label>
    <link:labelArc xlink:type="arc" xlink:arcrole="http://www.xbrl.org/2003/arcrole/concept-label" xlink:from="loc_s2c_x6003" xlink:to="label_s2c_x6003" />
    <link:loc xlink:type="locator" xlink:href="mem.xsd#s2c_x0" xlink:label="loc_s2c_x0" />
    <link:label xlink:type="resource" xlink:label="label_s2c_x0" xml:lang="en" xlink:role="http://www.xbrl.org/2003/role/label">NA</link:label>
    <link:labelArc xlink:type="arc" xlink:arcrole="http://www.xbrl.org/2003/arcrole/concept-label" xlink:from="loc_s2c_x0" xlink:to="label_s2c_x0" />
    <link:loc xlink:type="locator" xlink:href="mem.xsd#s2c_x1" xlink:label="loc_s2c_x1" />
    <link:label xlink:type="resource" xlink:label="label_s2c_x1" xml:lang="en" xlink:role="http://www.xbrl.org/2003/role/label">Absolute floor</link:label>
    <link:labelArc xlink:type="arc" xlink:arcrole="http://www.xbrl.org/2003/arcrole/concept-label" xlink:from="loc_s2c_x1" xlink:to="label_s2c_x1" />
    <link:loc xlink:type="locator" xlink:href="mem.xsd#s2c_x2" xlink:label="loc_s2c_x2" />
    <link:label xlink:type="resource" xlink:label="label_s2c_x2" xml:lang="en" xlink:role="http://www.xbrl.org/2003/role/label">Absolute value after shock</link:label>
    <link:labelArc xlink:type="arc" xlink:arcrole="http://www.xbrl.org/2003/arcrole/concept-label" xlink:from="loc_s2c_x2" xlink:to="label_s2c_x2" />
    <link:loc xlink:type="locator" xlink:href="mem.xsd#s2c_x3" xlink:label="loc_s2c_x3" />
    <link:label xlink:type="resource" xlink:label="label_s2c_x3" xml:lang="en" xlink:role="http://www.xbrl.org/2003/role/label">Absolute value before shock</link:label>
    <link:labelArc xlink:type="arc" xlink:arcrole="http://www.xbrl.org/2003/arcrole/concept-label" xlink:from="loc_s2c_x3" xlink:to="label_s2c_x3" />
    <link:loc xlink:type="locator" xlink:href="mem.xsd#s2c_x4" xlink:label="loc_s2c_x4" />
    <link:label xlink:type="resource" xlink:label="label_s2c_x4" xml:lang="en" xlink:role="http://www.xbrl.org/2003/role/label">Accident year [AY]</link:label>
    <link:labelArc xlink:type="arc" xlink:arcrole="http://www.xbrl.org/2003/arcrole/concept-label" xlink:from="loc_s2c_x4" xlink:to="label_s2c_x4" />
    <link:loc xlink:type="locator" xlink:href="mem.xsd#s2c_x5" xlink:label="loc_s2c_x5" />
    <link:label xlink:type="resource" xlink:label="label_s2c_x5" xml:lang="en" xlink:role="http://www.xbrl.org/2003/role/label">Accrued interests</link:label>
    <link:labelArc xlink:type="arc" xlink:arcrole="http://www.xbrl.org/2003/arcrole/concept-label" xlink:from="loc_s2c_x5" xlink:to="label_s2c_x5" />
    <link:loc xlink:type="locator" xlink:href="mem.xsd#s2c_x6" xlink:label="loc_s2c_x6" />
    <link:label xlink:type="resource" xlink:label="label_s2c_x6" xml:lang="en" xlink:role="http://www.xbrl.org/2003/role/label">Accumulated</link:label>
    <link:labelArc xlink:type="arc" xlink:arcrole="http://www.xbrl.org/2003/arcrole/concept-label" xlink:from="loc_s2c_x6" xlink:to="label_s2c_x6" />
    <link:loc xlink:type="locator" xlink:href="mem.xsd#s2c_x7" xlink:label="loc_s2c_x7" />
    <link:label xlink:type="resource" xlink:label="label_s2c_x7" xml:lang="en" xlink:role="http://www.xbrl.org/2003/role/label">Acquisition price [per unit]</link:label>
    <link:labelArc xlink:type="arc" xlink:arcrole="http://www.xbrl.org/2003/arcrole/concept-label" xlink:from="loc_s2c_x7" xlink:to="label_s2c_x7" />
    <link:loc xlink:type="locator" xlink:href="mem.xsd#s2c_x8" xlink:label="loc_s2c_x8" />
    <link:label xlink:type="resource" xlink:label="label_s2c_x8" xml:lang="en" xlink:role="http://www.xbrl.org/2003/role/label">Adjustment of valuation of assets held for unit-linked funds</link:label>
    <link:labelArc xlink:type="arc" xlink:arcrole="http://www.xbrl.org/2003/arcrole/concept-label" xlink:from="loc_s2c_x8" xlink:to="label_s2c_x8" />
    <link:loc xlink:type="locator" xlink:href="mem.xsd#s2c_x9" xlink:label="loc_s2c_x9" />
    <link:label xlink:type="resource" xlink:label="label_s2c_x9" xml:lang="en" xlink:role="http://www.xbrl.org/2003/role/label">Aggregate deductibles</link:label>
    <link:labelArc xlink:type="arc" xlink:arcrole="http://www.xbrl.org/2003/arcrole/concept-label" xlink:from="loc_s2c_x9" xlink:to="label_s2c_x9" />
    <link:loc xlink:type="locator" xlink:href="mem.xsd#s2c_x10" xlink:label="loc_s2c_x10" />
    <link:label xlink:type="resource" xlink:label="label_s2c_x10" xml:lang="en" xlink:role="http://www.xbrl.org/2003/role/label">Average</link:label>
    <link:labelArc xlink:type="arc" xlink:arcrole="http://www.xbrl.org/2003/arcrole/concept-label" xlink:from="loc_s2c_x10" xlink:to="label_s2c_x10" />
    <link:loc xlink:type="locator" xlink:href="mem.xsd#s2c_x11" xlink:label="loc_s2c_x11" />
    <link:label xlink:type="resource" xlink:label="label_s2c_x11" xml:lang="en" xlink:role="http://www.xbrl.org/2003/role/label">Average [arithmetic]</link:label>
    <link:labelArc xlink:type="arc" xlink:arcrole="http://www.xbrl.org/2003/arcrole/concept-label" xlink:from="loc_s2c_x11" xlink:to="label_s2c_x11" />
    <link:loc xlink:type="locator" xlink:href="mem.xsd#s2c_x12" xlink:label="loc_s2c_x12" />
    <link:label xlink:type="resource" xlink:label="label_s2c_x12" xml:lang="en" xlink:role="http://www.xbrl.org/2003/role/label">Average [weighted]</link:label>
    <link:labelArc xlink:type="arc" xlink:arcrole="http://www.xbrl.org/2003/arcrole/concept-label" xlink:from="loc_s2c_x12" xlink:to="label_s2c_x12" />
    <link:loc xlink:type="locator" xlink:href="mem.xsd#s2c_x13" xlink:label="loc_s2c_x13" />
    <link:label xlink:type="resource" xlink:label="label_s2c_x13" xml:lang="en" xlink:role="http://www.xbrl.org/2003/role/label">Balance of contractual amount</link:label>
    <link:labelArc xlink:type="arc" xlink:arcrole="http://www.xbrl.org/2003/arcrole/concept-label" xlink:from="loc_s2c_x13" xlink:to="label_s2c_x13" />
    <link:loc xlink:type="locator" xlink:href="mem.xsd#s2c_x14" xlink:label="loc_s2c_x14" />
    <link:label xlink:type="resource" xlink:label="label_s2c_x14" xml:lang="en" xlink:role="http://www.xbrl.org/2003/role/label">Based on flat premium [Y]</link:label>
    <link:labelArc xlink:type="arc" xlink:arcrole="http://www.xbrl.org/2003/arcrole/concept-label" xlink:from="loc_s2c_x14" xlink:to="label_s2c_x14" />
    <link:loc xlink:type="locator" xlink:href="mem.xsd#s2c_x15" xlink:label="loc_s2c_x15" />
    <link:label xlink:type="resource" xlink:label="label_s2c_x15" xml:lang="en" xlink:role="http://www.xbrl.org/2003/role/label">Before capping</link:label>
    <link:labelArc xlink:type="arc" xlink:arcrole="http://www.xbrl.org/2003/arcrole/concept-label" xlink:from="loc_s2c_x15" xlink:to="label_s2c_x15" />
    <link:loc xlink:type="locator" xlink:href="mem.xsd#s2c_x16" xlink:label="loc_s2c_x16" />
    <link:label xlink:type="resource" xlink:label="label_s2c_x16" xml:lang="en" xlink:role="http://www.xbrl.org/2003/role/label">Cap</link:label>
    <link:labelArc xlink:type="arc" xlink:arcrole="http://www.xbrl.org/2003/arcrole/concept-label" xlink:from="loc_s2c_x16" xlink:to="label_s2c_x16" />
    <link:loc xlink:type="locator" xlink:href="mem.xsd#s2c_x17" xlink:label="loc_s2c_x17" />
    <link:label xlink:type="resource" xlink:label="label_s2c_x17" xml:lang="en" xlink:role="http://www.xbrl.org/2003/role/label">Cash in-flows</link:label>
    <link:labelArc xlink:type="arc" xlink:arcrole="http://www.xbrl.org/2003/arcrole/concept-label" xlink:from="loc_s2c_x17" xlink:to="label_s2c_x17" />
    <link:loc xlink:type="locator" xlink:href="mem.xsd#s2c_x18" xlink:label="loc_s2c_x18" />
    <link:label xlink:type="resource" xlink:label="label_s2c_x18" xml:lang="en" xlink:role="http://www.xbrl.org/2003/role/label">Cash in-flows other than future premiums</link:label>
    <link:labelArc xlink:type="arc" xlink:arcrole="http://www.xbrl.org/2003/arcrole/concept-label" xlink:from="loc_s2c_x18" xlink:to="label_s2c_x18" />
    <link:loc xlink:type="locator" xlink:href="mem.xsd#s2c_x19" xlink:label="loc_s2c_x19" />
    <link:label xlink:type="resource" xlink:label="label_s2c_x19" xml:lang="en" xlink:role="http://www.xbrl.org/2003/role/label">Cash out-flows</link:label>
    <link:labelArc xlink:type="arc" xlink:arcrole="http://www.xbrl.org/2003/arcrole/concept-label" xlink:from="loc_s2c_x19" xlink:to="label_s2c_x19" />
    <link:loc xlink:type="locator" xlink:href="mem.xsd#s2c_x20" xlink:label="loc_s2c_x20" />
    <link:label xlink:type="resource" xlink:label="label_s2c_x20" xml:lang="en" xlink:role="http://www.xbrl.org/2003/role/label">Collateralized value</link:label>
    <link:labelArc xlink:type="arc" xlink:arcrole="http://www.xbrl.org/2003/arcrole/concept-label" xlink:from="loc_s2c_x20" xlink:to="label_s2c_x20" />
    <link:loc xlink:type="locator" xlink:href="mem.xsd#s2c_x21" xlink:label="loc_s2c_x21" />
    <link:label xlink:type="resource" xlink:label="label_s2c_x21" xml:lang="en" xlink:role="http://www.xbrl.org/2003/role/label">Combined</link:label>
    <link:labelArc xlink:type="arc" xlink:arcrole="http://www.xbrl.org/2003/arcrole/concept-label" xlink:from="loc_s2c_x21" xlink:to="label_s2c_x21" />
    <link:loc xlink:type="locator" xlink:href="mem.xsd#s2c_x22" xlink:label="loc_s2c_x22" />
    <link:label xlink:type="resource" xlink:label="label_s2c_x22" xml:lang="en" xlink:role="http://www.xbrl.org/2003/role/label">Contribution to the group</link:label>
    <link:labelArc xlink:type="arc" xlink:arcrole="http://www.xbrl.org/2003/arcrole/concept-label" xlink:from="loc_s2c_x22" xlink:to="label_s2c_x22" />
    <link:loc xlink:type="locator" xlink:href="mem.xsd#s2c_x23" xlink:label="loc_s2c_x23" />
    <link:label xlink:type="resource" xlink:label="label_s2c_x23" xml:lang="en" xlink:role="http://www.xbrl.org/2003/role/label">Current amount</link:label>
    <link:labelArc xlink:type="arc" xlink:arcrole="http://www.xbrl.org/2003/arcrole/concept-label" xlink:from="loc_s2c_x23" xlink:to="label_s2c_x23" />
    <link:loc xlink:type="locator" xlink:href="mem.xsd#s2c_x24" xlink:label="loc_s2c_x24" />
    <link:label xlink:type="resource" xlink:label="label_s2c_x24" xml:lang="en" xlink:role="http://www.xbrl.org/2003/role/label">Difference between Solvency II and statutory account</link:label>
    <link:labelArc xlink:type="arc" xlink:arcrole="http://www.xbrl.org/2003/arcrole/concept-label" xlink:from="loc_s2c_x24" xlink:to="label_s2c_x24" />
    <link:loc xlink:type="locator" xlink:href="mem.xsd#s2c_x25" xlink:label="loc_s2c_x25" />
    <link:label xlink:type="resource" xlink:label="label_s2c_x25" xml:lang="en" xlink:role="http://www.xbrl.org/2003/role/label">Discounted</link:label>
    <link:labelArc xlink:type="arc" xlink:arcrole="http://www.xbrl.org/2003/arcrole/concept-label" xlink:from="loc_s2c_x25" xlink:to="label_s2c_x25" />
    <link:loc xlink:type="locator" xlink:href="mem.xsd#s2c_x26" xlink:label="loc_s2c_x26" />
    <link:label xlink:type="resource" xlink:label="label_s2c_x26" xml:lang="en" xlink:role="http://www.xbrl.org/2003/role/label">End amount of the interval</link:label>
    <link:labelArc xlink:type="arc" xlink:arcrole="http://www.xbrl.org/2003/arcrole/concept-label" xlink:from="loc_s2c_x26" xlink:to="label_s2c_x26" />
    <link:loc xlink:type="locator" xlink:href="mem.xsd#s2c_x27" xlink:label="loc_s2c_x27" />
    <link:label xlink:type="resource" xlink:label="label_s2c_x27" xml:lang="en" xlink:role="http://www.xbrl.org/2003/role/label">Estimated subject</link:label>
    <link:labelArc xlink:type="arc" xlink:arcrole="http://www.xbrl.org/2003/arcrole/concept-label" xlink:from="loc_s2c_x27" xlink:to="label_s2c_x27" />
    <link:loc xlink:type="locator" xlink:href="mem.xsd#s2c_x28" xlink:label="loc_s2c_x28" />
    <link:label xlink:type="resource" xlink:label="label_s2c_x28" xml:lang="en" xlink:role="http://www.xbrl.org/2003/role/label">Estimated treaty</link:label>
    <link:labelArc xlink:type="arc" xlink:arcrole="http://www.xbrl.org/2003/arcrole/concept-label" xlink:from="loc_s2c_x28" xlink:to="label_s2c_x28" />
    <link:loc xlink:type="locator" xlink:href="mem.xsd#s2c_x29" xlink:label="loc_s2c_x29" />
    <link:label xlink:type="resource" xlink:label="label_s2c_x29" xml:lang="en" xlink:role="http://www.xbrl.org/2003/role/label">Estimation</link:label>
    <link:labelArc xlink:type="arc" xlink:arcrole="http://www.xbrl.org/2003/arcrole/concept-label" xlink:from="loc_s2c_x29" xlink:to="label_s2c_x29" />
    <link:loc xlink:type="locator" xlink:href="mem.xsd#s2c_x30" xlink:label="loc_s2c_x30" />
    <link:label xlink:type="resource" xlink:label="label_s2c_x30" xml:lang="en" xlink:role="http://www.xbrl.org/2003/role/label">Excess/(shortage)</link:label>
    <link:labelArc xlink:type="arc" xlink:arcrole="http://www.xbrl.org/2003/arcrole/concept-label" xlink:from="loc_s2c_x30" xlink:to="label_s2c_x30" />
    <link:loc xlink:type="locator" xlink:href="mem.xsd#s2c_x31" xlink:label="loc_s2c_x31" />
    <link:label xlink:type="resource" xlink:label="label_s2c_x31" xml:lang="en" xlink:role="http://www.xbrl.org/2003/role/label">Expected</link:label>
    <link:labelArc xlink:type="arc" xlink:arcrole="http://www.xbrl.org/2003/arcrole/concept-label" xlink:from="loc_s2c_x31" xlink:to="label_s2c_x31" />
    <link:loc xlink:type="locator" xlink:href="mem.xsd#s2c_x32" xlink:label="loc_s2c_x32" />
    <link:label xlink:type="resource" xlink:label="label_s2c_x32" xml:lang="en" xlink:role="http://www.xbrl.org/2003/role/label">Expected [endogenous]</link:label>
    <link:labelArc xlink:type="arc" xlink:arcrole="http://www.xbrl.org/2003/arcrole/concept-label" xlink:from="loc_s2c_x32" xlink:to="label_s2c_x32" />
    <link:loc xlink:type="locator" xlink:href="mem.xsd#s2c_x33" xlink:label="loc_s2c_x33" />
    <link:label xlink:type="resource" xlink:label="label_s2c_x33" xml:lang="en" xlink:role="http://www.xbrl.org/2003/role/label">Expected [external]</link:label>
    <link:labelArc xlink:type="arc" xlink:arcrole="http://www.xbrl.org/2003/arcrole/concept-label" xlink:from="loc_s2c_x33" xlink:to="label_s2c_x33" />
    <link:loc xlink:type="locator" xlink:href="mem.xsd#s2c_x34" xlink:label="loc_s2c_x34" />
    <link:label xlink:type="resource" xlink:label="label_s2c_x34" xml:lang="en" xlink:role="http://www.xbrl.org/2003/role/label">Far leg</link:label>
    <link:labelArc xlink:type="arc" xlink:arcrole="http://www.xbrl.org/2003/arcrole/concept-label" xlink:from="loc_s2c_x34" xlink:to="label_s2c_x34" />
    <link:loc xlink:type="locator" xlink:href="mem.xsd#s2c_x35" xlink:label="loc_s2c_x35" />
    <link:label xlink:type="resource" xlink:label="label_s2c_x35" xml:lang="en" xlink:role="http://www.xbrl.org/2003/role/label">Floor</link:label>
    <link:labelArc xlink:type="arc" xlink:arcrole="http://www.xbrl.org/2003/arcrole/concept-label" xlink:from="loc_s2c_x35" xlink:to="label_s2c_x35" />
    <link:loc xlink:type="locator" xlink:href="mem.xsd#s2c_x36" xlink:label="loc_s2c_x36" />
    <link:label xlink:type="resource" xlink:label="label_s2c_x36" xml:lang="en" xlink:role="http://www.xbrl.org/2003/role/label">Future discretionary benefits</link:label>
    <link:labelArc xlink:type="arc" xlink:arcrole="http://www.xbrl.org/2003/arcrole/concept-label" xlink:from="loc_s2c_x36" xlink:to="label_s2c_x36" />
    <link:loc xlink:type="locator" xlink:href="mem.xsd#s2c_x37" xlink:label="loc_s2c_x37" />
    <link:label xlink:type="resource" xlink:label="label_s2c_x37" xml:lang="en" xlink:role="http://www.xbrl.org/2003/role/label">Future expenses and cash out-flows other than guaranteed and discretionary benefits</link:label>
    <link:labelArc xlink:type="arc" xlink:arcrole="http://www.xbrl.org/2003/arcrole/concept-label" xlink:from="loc_s2c_x37" xlink:to="label_s2c_x37" />
    <link:loc xlink:type="locator" xlink:href="mem.xsd#s2c_x38" xlink:label="loc_s2c_x38" />
    <link:label xlink:type="resource" xlink:label="label_s2c_x38" xml:lang="en" xlink:role="http://www.xbrl.org/2003/role/label">Future guaranteed and discretionary benefits</link:label>
    <link:labelArc xlink:type="arc" xlink:arcrole="http://www.xbrl.org/2003/arcrole/concept-label" xlink:from="loc_s2c_x38" xlink:to="label_s2c_x38" />
    <link:loc xlink:type="locator" xlink:href="mem.xsd#s2c_x39" xlink:label="loc_s2c_x39" />
    <link:label xlink:type="resource" xlink:label="label_s2c_x39" xml:lang="en" xlink:role="http://www.xbrl.org/2003/role/label">Future guaranteed benefits</link:label>
    <link:labelArc xlink:type="arc" xlink:arcrole="http://www.xbrl.org/2003/arcrole/concept-label" xlink:from="loc_s2c_x39" xlink:to="label_s2c_x39" />
    <link:loc xlink:type="locator" xlink:href="mem.xsd#s2c_x40" xlink:label="loc_s2c_x40" />
    <link:label xlink:type="resource" xlink:label="label_s2c_x40" xml:lang="en" xlink:role="http://www.xbrl.org/2003/role/label">Future premiums</link:label>
    <link:labelArc xlink:type="arc" xlink:arcrole="http://www.xbrl.org/2003/arcrole/concept-label" xlink:from="loc_s2c_x40" xlink:to="label_s2c_x40" />
    <link:loc xlink:type="locator" xlink:href="mem.xsd#s2c_x41" xlink:label="loc_s2c_x41" />
    <link:label xlink:type="resource" xlink:label="label_s2c_x41" xml:lang="en" xlink:role="http://www.xbrl.org/2003/role/label">Future premiums other than profits included in future premiums</link:label>
    <link:labelArc xlink:type="arc" xlink:arcrole="http://www.xbrl.org/2003/arcrole/concept-label" xlink:from="loc_s2c_x41" xlink:to="label_s2c_x41" />
    <link:loc xlink:type="locator" xlink:href="mem.xsd#s2c_x42" xlink:label="loc_s2c_x42" />
    <link:label xlink:type="resource" xlink:label="label_s2c_x42" xml:lang="en" xlink:role="http://www.xbrl.org/2003/role/label">Historical</link:label>
    <link:labelArc xlink:type="arc" xlink:arcrole="http://www.xbrl.org/2003/arcrole/concept-label" xlink:from="loc_s2c_x42" xlink:to="label_s2c_x42" />
    <link:loc xlink:type="locator" xlink:href="mem.xsd#s2c_x43" xlink:label="loc_s2c_x43" />
    <link:label xlink:type="resource" xlink:label="label_s2c_x43" xml:lang="en" xlink:role="http://www.xbrl.org/2003/role/label">Historical [endogenous]</link:label>
    <link:labelArc xlink:type="arc" xlink:arcrole="http://www.xbrl.org/2003/arcrole/concept-label" xlink:from="loc_s2c_x43" xlink:to="label_s2c_x43" />
    <link:loc xlink:type="locator" xlink:href="mem.xsd#s2c_x44" xlink:label="loc_s2c_x44" />
    <link:label xlink:type="resource" xlink:label="label_s2c_x44" xml:lang="en" xlink:role="http://www.xbrl.org/2003/role/label">Historical [external]</link:label>
    <link:labelArc xlink:type="arc" xlink:arcrole="http://www.xbrl.org/2003/arcrole/concept-label" xlink:from="loc_s2c_x44" xlink:to="label_s2c_x44" />
    <link:loc xlink:type="locator" xlink:href="mem.xsd#s2c_x45" xlink:label="loc_s2c_x45" />
    <link:label xlink:type="resource" xlink:label="label_s2c_x45" xml:lang="en" xlink:role="http://www.xbrl.org/2003/role/label">IFRS</link:label>
    <link:labelArc xlink:type="arc" xlink:arcrole="http://www.xbrl.org/2003/arcrole/concept-label" xlink:from="loc_s2c_x45" xlink:to="label_s2c_x45" />
    <link:loc xlink:type="locator" xlink:href="mem.xsd#s2c_x46" xlink:label="loc_s2c_x46" />
    <link:label xlink:type="resource" xlink:label="label_s2c_x46" xml:lang="en" xlink:role="http://www.xbrl.org/2003/role/label">Inflow amount</link:label>
    <link:labelArc xlink:type="arc" xlink:arcrole="http://www.xbrl.org/2003/arcrole/concept-label" xlink:from="loc_s2c_x46" xlink:to="label_s2c_x46" />
  </link:labelLink>
</link:linkbase>