<?xml version="1.0" encoding="UTF-8"?>
<!--(C) EIOPA - XBRL Taxonomy-->
<?officialURI http://eiopa.europa.eu/eu/xbrl/s2c/dict/dom/bc/hier-lab-mem-en.xml?>
<?taxonomy-version 2.4.0?>
<?taxonomy-date 2019-07-15?>
<link:linkbase xmlns:xsi="http://www.w3.org/2001/XMLSchema-instance" xmlns:xlink="http://www.w3.org/1999/xlink" xmlns:link="http://www.xbrl.org/2003/linkbase" xsi:schemaLocation="http://www.xbrl.org/2003/linkbase http://www.xbrl.org/2003/xbrl-linkbase-2003-12-31.xsd">
  <link:roleRef roleURI="http://eiopa.europa.eu/xbrl/s2c/role/dict/dom/BC/1" xlink:type="simple" xlink:href="hier.xsd#s2c_1" />
  <link:labelLink xlink:type="extended" xlink:role="http://eiopa.europa.eu/xbrl/s2c/role/dict/dom/BC/1">
    <link:loc xlink:type="locator" xlink:href="mem.xsd#s2c_x1" xlink:label="loc_s2c_x1" />
    <link:label xlink:type="resource" xlink:label="label_s2c_x1" xml:lang="en" xlink:role="http://www.xbrl.org/2003/role/label">Additional item</link:label>
    <link:labelArc xlink:type="arc" xlink:arcrole="http://www.xbrl.org/2003/arcrole/concept-label" xlink:from="loc_s2c_x1" xlink:to="label_s2c_x1" />
    <link:loc xlink:type="locator" xlink:href="mem.xsd#s2c_x2" xlink:label="loc_s2c_x2" />
    <link:label xlink:type="resource" xlink:label="label_s2c_x2" xml:lang="en" xlink:role="http://www.xbrl.org/2003/role/label">Annual premium</link:label>
    <link:labelArc xlink:type="arc" xlink:arcrole="http://www.xbrl.org/2003/arcrole/concept-label" xlink:from="loc_s2c_x2" xlink:to="label_s2c_x2" />
    <link:loc xlink:type="locator" xlink:href="mem.xsd#s2c_x3" xlink:label="loc_s2c_x3" />
    <link:label xlink:type="resource" xlink:label="label_s2c_x3" xml:lang="en" xlink:role="http://www.xbrl.org/2003/role/label">Assets</link:label>
    <link:labelArc xlink:type="arc" xlink:arcrole="http://www.xbrl.org/2003/arcrole/concept-label" xlink:from="loc_s2c_x3" xlink:to="label_s2c_x3" />
    <link:loc xlink:type="locator" xlink:href="mem.xsd#s2c_x4" xlink:label="loc_s2c_x4" />
    <link:label xlink:type="resource" xlink:label="label_s2c_x4" xml:lang="en" xlink:role="http://www.xbrl.org/2003/role/label">Assets [of another entity]</link:label>
    <link:labelArc xlink:type="arc" xlink:arcrole="http://www.xbrl.org/2003/arcrole/concept-label" xlink:from="loc_s2c_x4" xlink:to="label_s2c_x4" />
    <link:loc xlink:type="locator" xlink:href="mem.xsd#s2c_x5" xlink:label="loc_s2c_x5" />
    <link:label xlink:type="resource" xlink:label="label_s2c_x5" xml:lang="en" xlink:role="http://www.xbrl.org/2003/role/label">Assets and/or liabilities</link:label>
    <link:labelArc xlink:type="arc" xlink:arcrole="http://www.xbrl.org/2003/arcrole/concept-label" xlink:from="loc_s2c_x5" xlink:to="label_s2c_x5" />
    <link:loc xlink:type="locator" xlink:href="mem.xsd#s2c_x6" xlink:label="loc_s2c_x6" />
    <link:label xlink:type="resource" xlink:label="label_s2c_x6" xml:lang="en" xlink:role="http://www.xbrl.org/2003/role/label">Claims incurred</link:label>
    <link:labelArc xlink:type="arc" xlink:arcrole="http://www.xbrl.org/2003/arcrole/concept-label" xlink:from="loc_s2c_x6" xlink:to="label_s2c_x6" />
    <link:loc xlink:type="locator" xlink:href="mem.xsd#s2c_x7" xlink:label="loc_s2c_x7" />
    <link:label xlink:type="resource" xlink:label="label_s2c_x7" xml:lang="en" xlink:role="http://www.xbrl.org/2003/role/label">Claims paid</link:label>
    <link:labelArc xlink:type="arc" xlink:arcrole="http://www.xbrl.org/2003/arcrole/concept-label" xlink:from="loc_s2c_x7" xlink:to="label_s2c_x7" />
    <link:loc xlink:type="locator" xlink:href="mem.xsd#s2c_x8" xlink:label="loc_s2c_x8" />
    <link:label xlink:type="resource" xlink:label="label_s2c_x8" xml:lang="en" xlink:role="http://www.xbrl.org/2003/role/label">Claims paid or due to be paid regarding surrender [full or partial] by policyholders</link:label>
    <link:labelArc xlink:type="arc" xlink:arcrole="http://www.xbrl.org/2003/arcrole/concept-label" xlink:from="loc_s2c_x8" xlink:to="label_s2c_x8" />
    <link:loc xlink:type="locator" xlink:href="mem.xsd#s2c_x9" xlink:label="loc_s2c_x9" />
    <link:label xlink:type="resource" xlink:label="label_s2c_x9" xml:lang="en" xlink:role="http://www.xbrl.org/2003/role/label">Cost of claims</link:label>
    <link:labelArc xlink:type="arc" xlink:arcrole="http://www.xbrl.org/2003/arcrole/concept-label" xlink:from="loc_s2c_x9" xlink:to="label_s2c_x9" />
    <link:loc xlink:type="locator" xlink:href="mem.xsd#s2c_x10" xlink:label="loc_s2c_x10" />
    <link:label xlink:type="resource" xlink:label="label_s2c_x10" xml:lang="en" xlink:role="http://www.xbrl.org/2003/role/label">Economical result</link:label>
    <link:labelArc xlink:type="arc" xlink:arcrole="http://www.xbrl.org/2003/arcrole/concept-label" xlink:from="loc_s2c_x10" xlink:to="label_s2c_x10" />
    <link:loc xlink:type="locator" xlink:href="mem.xsd#s2c_x11" xlink:label="loc_s2c_x11" />
    <link:label xlink:type="resource" xlink:label="label_s2c_x11" xml:lang="en" xlink:role="http://www.xbrl.org/2003/role/label">Eligible own funds in accordance with local rules</link:label>
    <link:labelArc xlink:type="arc" xlink:arcrole="http://www.xbrl.org/2003/arcrole/concept-label" xlink:from="loc_s2c_x11" xlink:to="label_s2c_x11" />
    <link:loc xlink:type="locator" xlink:href="mem.xsd#s2c_x12" xlink:label="loc_s2c_x12" />
    <link:label xlink:type="resource" xlink:label="label_s2c_x12" xml:lang="en" xlink:role="http://www.xbrl.org/2003/role/label">Excess of assets over liabilities</link:label>
    <link:labelArc xlink:type="arc" xlink:arcrole="http://www.xbrl.org/2003/arcrole/concept-label" xlink:from="loc_s2c_x12" xlink:to="label_s2c_x12" />
    <link:loc xlink:type="locator" xlink:href="mem.xsd#s2c_x13" xlink:label="loc_s2c_x13" />
    <link:label xlink:type="resource" xlink:label="label_s2c_x13" xml:lang="en" xlink:role="http://www.xbrl.org/2003/role/label">Excess of technical flow over technical provisions</link:label>
    <link:labelArc xlink:type="arc" xlink:arcrole="http://www.xbrl.org/2003/arcrole/concept-label" xlink:from="loc_s2c_x13" xlink:to="label_s2c_x13" />
    <link:loc xlink:type="locator" xlink:href="mem.xsd#s2c_x14" xlink:label="loc_s2c_x14" />
    <link:label xlink:type="resource" xlink:label="label_s2c_x14" xml:lang="en" xlink:role="http://www.xbrl.org/2003/role/label">Expected profits included in future premiums</link:label>
    <link:labelArc xlink:type="arc" xlink:arcrole="http://www.xbrl.org/2003/arcrole/concept-label" xlink:from="loc_s2c_x14" xlink:to="label_s2c_x14" />
    <link:loc xlink:type="locator" xlink:href="mem.xsd#s2c_x15" xlink:label="loc_s2c_x15" />
    <link:label xlink:type="resource" xlink:label="label_s2c_x15" xml:lang="en" xlink:role="http://www.xbrl.org/2003/role/label">Expenses</link:label>
    <link:labelArc xlink:type="arc" xlink:arcrole="http://www.xbrl.org/2003/arcrole/concept-label" xlink:from="loc_s2c_x15" xlink:to="label_s2c_x15" />
    <link:loc xlink:type="locator" xlink:href="mem.xsd#s2c_x16" xlink:label="loc_s2c_x16" />
    <link:label xlink:type="resource" xlink:label="label_s2c_x16" xml:lang="en" xlink:role="http://www.xbrl.org/2003/role/label">Exposure</link:label>
    <link:labelArc xlink:type="arc" xlink:arcrole="http://www.xbrl.org/2003/arcrole/concept-label" xlink:from="loc_s2c_x16" xlink:to="label_s2c_x16" />
    <link:loc xlink:type="locator" xlink:href="mem.xsd#s2c_x17" xlink:label="loc_s2c_x17" />
    <link:label xlink:type="resource" xlink:label="label_s2c_x17" xml:lang="en" xlink:role="http://www.xbrl.org/2003/role/label">Foreseeable dividends, distributions and charges</link:label>
    <link:labelArc xlink:type="arc" xlink:arcrole="http://www.xbrl.org/2003/arcrole/concept-label" xlink:from="loc_s2c_x17" xlink:to="label_s2c_x17" />
    <link:loc xlink:type="locator" xlink:href="mem.xsd#s2c_x18" xlink:label="loc_s2c_x18" />
    <link:label xlink:type="resource" xlink:label="label_s2c_x18" xml:lang="en" xlink:role="http://www.xbrl.org/2003/role/label">Guarantees received [on- and off-balance]</link:label>
    <link:labelArc xlink:type="arc" xlink:arcrole="http://www.xbrl.org/2003/arcrole/concept-label" xlink:from="loc_s2c_x18" xlink:to="label_s2c_x18" />
    <link:loc xlink:type="locator" xlink:href="mem.xsd#s2c_x20" xlink:label="loc_s2c_x20" />
    <link:label xlink:type="resource" xlink:label="label_s2c_x20" xml:lang="en" xlink:role="http://www.xbrl.org/2003/role/label">Income</link:label>
    <link:labelArc xlink:type="arc" xlink:arcrole="http://www.xbrl.org/2003/arcrole/concept-label" xlink:from="loc_s2c_x20" xlink:to="label_s2c_x20" />
    <link:loc xlink:type="locator" xlink:href="mem.xsd#s2c_x21" xlink:label="loc_s2c_x21" />
    <link:label xlink:type="resource" xlink:label="label_s2c_x21" xml:lang="en" xlink:role="http://www.xbrl.org/2003/role/label">Largest known accident risk concentration</link:label>
    <link:labelArc xlink:type="arc" xlink:arcrole="http://www.xbrl.org/2003/arcrole/concept-label" xlink:from="loc_s2c_x21" xlink:to="label_s2c_x21" />
    <link:loc xlink:type="locator" xlink:href="mem.xsd#s2c_x22" xlink:label="loc_s2c_x22" />
    <link:label xlink:type="resource" xlink:label="label_s2c_x22" xml:lang="en" xlink:role="http://www.xbrl.org/2003/role/label">Largest liability limit provided</link:label>
    <link:labelArc xlink:type="arc" xlink:arcrole="http://www.xbrl.org/2003/arcrole/concept-label" xlink:from="loc_s2c_x22" xlink:to="label_s2c_x22" />
    <link:loc xlink:type="locator" xlink:href="mem.xsd#s2c_x23" xlink:label="loc_s2c_x23" />
    <link:label xlink:type="resource" xlink:label="label_s2c_x23" xml:lang="en" xlink:role="http://www.xbrl.org/2003/role/label">Liability</link:label>
    <link:labelArc xlink:type="arc" xlink:arcrole="http://www.xbrl.org/2003/arcrole/concept-label" xlink:from="loc_s2c_x23" xlink:to="label_s2c_x23" />
    <link:loc xlink:type="locator" xlink:href="mem.xsd#s2c_x24" xlink:label="loc_s2c_x24" />
    <link:label xlink:type="resource" xlink:label="label_s2c_x24" xml:lang="en" xlink:role="http://www.xbrl.org/2003/role/label">Local capital requirement</link:label>
    <link:labelArc xlink:type="arc" xlink:arcrole="http://www.xbrl.org/2003/arcrole/concept-label" xlink:from="loc_s2c_x24" xlink:to="label_s2c_x24" />
    <link:loc xlink:type="locator" xlink:href="mem.xsd#s2c_x25" xlink:label="loc_s2c_x25" />
    <link:label xlink:type="resource" xlink:label="label_s2c_x25" xml:lang="en" xlink:role="http://www.xbrl.org/2003/role/label">Local minimum capital requirement</link:label>
    <link:labelArc xlink:type="arc" xlink:arcrole="http://www.xbrl.org/2003/arcrole/concept-label" xlink:from="loc_s2c_x25" xlink:to="label_s2c_x25" />
    <link:loc xlink:type="locator" xlink:href="mem.xsd#s2c_x26" xlink:label="loc_s2c_x26" />
    <link:label xlink:type="resource" xlink:label="label_s2c_x26" xml:lang="en" xlink:role="http://www.xbrl.org/2003/role/label">Loss</link:label>
    <link:labelArc xlink:type="arc" xlink:arcrole="http://www.xbrl.org/2003/arcrole/concept-label" xlink:from="loc_s2c_x26" xlink:to="label_s2c_x26" />
    <link:loc xlink:type="locator" xlink:href="mem.xsd#s2c_x27" xlink:label="loc_s2c_x27" />
    <link:label xlink:type="resource" xlink:label="label_s2c_x27" xml:lang="en" xlink:role="http://www.xbrl.org/2003/role/label">Minimum capital requirement [MCR]</link:label>
    <link:labelArc xlink:type="arc" xlink:arcrole="http://www.xbrl.org/2003/arcrole/concept-label" xlink:from="loc_s2c_x27" xlink:to="label_s2c_x27" />
    <link:loc xlink:type="locator" xlink:href="mem.xsd#s2c_x28" xlink:label="loc_s2c_x28" />
    <link:label xlink:type="resource" xlink:label="label_s2c_x28" xml:lang="en" xlink:role="http://www.xbrl.org/2003/role/label">Off-balance sheet</link:label>
    <link:labelArc xlink:type="arc" xlink:arcrole="http://www.xbrl.org/2003/arcrole/concept-label" xlink:from="loc_s2c_x28" xlink:to="label_s2c_x28" />
    <link:loc xlink:type="locator" xlink:href="mem.xsd#s2c_x29" xlink:label="loc_s2c_x29" />
    <link:label xlink:type="resource" xlink:label="label_s2c_x29" xml:lang="en" xlink:role="http://www.xbrl.org/2003/role/label">Off-balance sheet [of another entity]</link:label>
    <link:labelArc xlink:type="arc" xlink:arcrole="http://www.xbrl.org/2003/arcrole/concept-label" xlink:from="loc_s2c_x29" xlink:to="label_s2c_x29" />
    <link:loc xlink:type="locator" xlink:href="mem.xsd#s2c_x30" xlink:label="loc_s2c_x30" />
    <link:label xlink:type="resource" xlink:label="label_s2c_x30" xml:lang="en" xlink:role="http://www.xbrl.org/2003/role/label">Own funds</link:label>
    <link:labelArc xlink:type="arc" xlink:arcrole="http://www.xbrl.org/2003/arcrole/concept-label" xlink:from="loc_s2c_x30" xlink:to="label_s2c_x30" />
    <link:loc xlink:type="locator" xlink:href="mem.xsd#s2c_x31" xlink:label="loc_s2c_x31" />
    <link:label xlink:type="resource" xlink:label="label_s2c_x31" xml:lang="en" xlink:role="http://www.xbrl.org/2003/role/label">Payments for reported but not settled claims [RBNS]</link:label>
    <link:labelArc xlink:type="arc" xlink:arcrole="http://www.xbrl.org/2003/arcrole/concept-label" xlink:from="loc_s2c_x31" xlink:to="label_s2c_x31" />
    <link:loc xlink:type="locator" xlink:href="mem.xsd#s2c_x32" xlink:label="loc_s2c_x32" />
    <link:label xlink:type="resource" xlink:label="label_s2c_x32" xml:lang="en" xlink:role="http://www.xbrl.org/2003/role/label">Performance</link:label>
    <link:labelArc xlink:type="arc" xlink:arcrole="http://www.xbrl.org/2003/arcrole/concept-label" xlink:from="loc_s2c_x32" xlink:to="label_s2c_x32" />
    <link:loc xlink:type="locator" xlink:href="mem.xsd#s2c_x33" xlink:label="loc_s2c_x33" />
    <link:label xlink:type="resource" xlink:label="label_s2c_x33" xml:lang="en" xlink:role="http://www.xbrl.org/2003/role/label">Premium (paid)/received</link:label>
    <link:labelArc xlink:type="arc" xlink:arcrole="http://www.xbrl.org/2003/arcrole/concept-label" xlink:from="loc_s2c_x33" xlink:to="label_s2c_x33" />
    <link:loc xlink:type="locator" xlink:href="mem.xsd#s2c_x34" xlink:label="loc_s2c_x34" />
    <link:label xlink:type="resource" xlink:label="label_s2c_x34" xml:lang="en" xlink:role="http://www.xbrl.org/2003/role/label">Premium income</link:label>
    <link:labelArc xlink:type="arc" xlink:arcrole="http://www.xbrl.org/2003/arcrole/concept-label" xlink:from="loc_s2c_x34" xlink:to="label_s2c_x34" />
    <link:loc xlink:type="locator" xlink:href="mem.xsd#s2c_x36" xlink:label="loc_s2c_x36" />
    <link:label xlink:type="resource" xlink:label="label_s2c_x36" xml:lang="en" xlink:role="http://www.xbrl.org/2003/role/label">Premiums written</link:label>
    <link:labelArc xlink:type="arc" xlink:arcrole="http://www.xbrl.org/2003/arcrole/concept-label" xlink:from="loc_s2c_x36" xlink:to="label_s2c_x36" />
    <link:loc xlink:type="locator" xlink:href="mem.xsd#s2c_x37" xlink:label="loc_s2c_x37" />
    <link:label xlink:type="resource" xlink:label="label_s2c_x37" xml:lang="en" xlink:role="http://www.xbrl.org/2003/role/label">Profit/(loss)[after tax]</link:label>
    <link:labelArc xlink:type="arc" xlink:arcrole="http://www.xbrl.org/2003/arcrole/concept-label" xlink:from="loc_s2c_x37" xlink:to="label_s2c_x37" />
    <link:loc xlink:type="locator" xlink:href="mem.xsd#s2c_x38" xlink:label="loc_s2c_x38" />
    <link:label xlink:type="resource" xlink:label="label_s2c_x38" xml:lang="en" xlink:role="http://www.xbrl.org/2003/role/label">Projection of future cash flows</link:label>
    <link:labelArc xlink:type="arc" xlink:arcrole="http://www.xbrl.org/2003/arcrole/concept-label" xlink:from="loc_s2c_x38" xlink:to="label_s2c_x38" />
    <link:loc xlink:type="locator" xlink:href="mem.xsd#s2c_x39" xlink:label="loc_s2c_x39" />
    <link:label xlink:type="resource" xlink:label="label_s2c_x39" xml:lang="en" xlink:role="http://www.xbrl.org/2003/role/label">Reinsurance contract/treaty cover conditions</link:label>
    <link:labelArc xlink:type="arc" xlink:arcrole="http://www.xbrl.org/2003/arcrole/concept-label" xlink:from="loc_s2c_x39" xlink:to="label_s2c_x39" />
    <link:loc xlink:type="locator" xlink:href="mem.xsd#s2c_x40" xlink:label="loc_s2c_x40" />
    <link:label xlink:type="resource" xlink:label="label_s2c_x40" xml:lang="en" xlink:role="http://www.xbrl.org/2003/role/label">Reinsurance result</link:label>
    <link:labelArc xlink:type="arc" xlink:arcrole="http://www.xbrl.org/2003/arcrole/concept-label" xlink:from="loc_s2c_x40" xlink:to="label_s2c_x40" />
    <link:loc xlink:type="locator" xlink:href="mem.xsd#s2c_x41" xlink:label="loc_s2c_x41" />
    <link:label xlink:type="resource" xlink:label="label_s2c_x41" xml:lang="en" xlink:role="http://www.xbrl.org/2003/role/label">Repo and securities lending</link:label>
    <link:labelArc xlink:type="arc" xlink:arcrole="http://www.xbrl.org/2003/arcrole/concept-label" xlink:from="loc_s2c_x41" xlink:to="label_s2c_x41" />
    <link:loc xlink:type="locator" xlink:href="mem.xsd#s2c_x42" xlink:label="loc_s2c_x42" />
    <link:label xlink:type="resource" xlink:label="label_s2c_x42" xml:lang="en" xlink:role="http://www.xbrl.org/2003/role/label">Reported but not settled claims [RBNS]</link:label>
    <link:labelArc xlink:type="arc" xlink:arcrole="http://www.xbrl.org/2003/arcrole/concept-label" xlink:from="loc_s2c_x42" xlink:to="label_s2c_x42" />
    <link:loc xlink:type="locator" xlink:href="mem.xsd#s2c_x43" xlink:label="loc_s2c_x43" />
    <link:label xlink:type="resource" xlink:label="label_s2c_x43" xml:lang="en" xlink:role="http://www.xbrl.org/2003/role/label">Restricted own fund items due to ring fencing</link:label>
    <link:labelArc xlink:type="arc" xlink:arcrole="http://www.xbrl.org/2003/arcrole/concept-label" xlink:from="loc_s2c_x43" xlink:to="label_s2c_x43" />
    <link:loc xlink:type="locator" xlink:href="mem.xsd#s2c_x44" xlink:label="loc_s2c_x44" />
    <link:label xlink:type="resource" xlink:label="label_s2c_x44" xml:lang="en" xlink:role="http://www.xbrl.org/2003/role/label">Shareholder value</link:label>
    <link:labelArc xlink:type="arc" xlink:arcrole="http://www.xbrl.org/2003/arcrole/concept-label" xlink:from="loc_s2c_x44" xlink:to="label_s2c_x44" />
    <link:loc xlink:type="locator" xlink:href="mem.xsd#s2c_x45" xlink:label="loc_s2c_x45" />
    <link:label xlink:type="resource" xlink:label="label_s2c_x45" xml:lang="en" xlink:role="http://www.xbrl.org/2003/role/label">Solvency capital requirement [SCR]</link:label>
    <link:labelArc xlink:type="arc" xlink:arcrole="http://www.xbrl.org/2003/arcrole/concept-label" xlink:from="loc_s2c_x45" xlink:to="label_s2c_x45" />
    <link:loc xlink:type="locator" xlink:href="mem.xsd#s2c_x46" xlink:label="loc_s2c_x46" />
    <link:label xlink:type="resource" xlink:label="label_s2c_x46" xml:lang="en" xlink:role="http://www.xbrl.org/2003/role/label">Sum insured</link:label>
    <link:labelArc xlink:type="arc" xlink:arcrole="http://www.xbrl.org/2003/arcrole/concept-label" xlink:from="loc_s2c_x46" xlink:to="label_s2c_x46" />
    <link:loc xlink:type="locator" xlink:href="mem.xsd#s2c_x47" xlink:label="loc_s2c_x47" />
    <link:label xlink:type="resource" xlink:label="label_s2c_x47" xml:lang="en" xlink:role="http://www.xbrl.org/2003/role/label">Technical flows</link:label>
    <link:labelArc xlink:type="arc" xlink:arcrole="http://www.xbrl.org/2003/arcrole/concept-label" xlink:from="loc_s2c_x47" xlink:to="label_s2c_x47" />
    <link:loc xlink:type="locator" xlink:href="mem.xsd#s2c_x48" xlink:label="loc_s2c_x48" />
    <link:label xlink:type="resource" xlink:label="label_s2c_x48" xml:lang="en" xlink:role="http://www.xbrl.org/2003/role/label">Transaction</link:label>
    <link:labelArc xlink:type="arc" xlink:arcrole="http://www.xbrl.org/2003/arcrole/concept-label" xlink:from="loc_s2c_x48" xlink:to="label_s2c_x48" />
    <link:loc xlink:type="locator" xlink:href="mem.xsd#s2c_x49" xlink:label="loc_s2c_x49" />
    <link:label xlink:type="resource" xlink:label="label_s2c_x49" xml:lang="en" xlink:role="http://www.xbrl.org/2003/role/label">Underwriting performance</link:label>
    <link:labelArc xlink:type="arc" xlink:arcrole="http://www.xbrl.org/2003/arcrole/concept-label" xlink:from="loc_s2c_x49" xlink:to="label_s2c_x49" />
    <link:loc xlink:type="locator" xlink:href="mem.xsd#s2c_x50" xlink:label="loc_s2c_x50" />
    <link:label xlink:type="resource" xlink:label="label_s2c_x50" xml:lang="en" xlink:role="http://www.xbrl.org/2003/role/label">Valuation movements on financial liabilities and subordinated liabilities</link:label>
    <link:labelArc xlink:type="arc" xlink:arcrole="http://www.xbrl.org/2003/arcrole/concept-label" xlink:from="loc_s2c_x50" xlink:to="label_s2c_x50" />
    <link:loc xlink:type="locator" xlink:href="mem.xsd#s2c_x51" xlink:label="loc_s2c_x51" />
    <link:label xlink:type="resource" xlink:label="label_s2c_x51" xml:lang="en" xlink:role="http://www.xbrl.org/2003/role/label">Valuation movements on investments</link:label>
    <link:labelArc xlink:type="arc" xlink:arcrole="http://www.xbrl.org/2003/arcrole/concept-label" xlink:from="loc_s2c_x51" xlink:to="label_s2c_x51" />
    <link:loc xlink:type="locator" xlink:href="mem.xsd#s2c_x52" xlink:label="loc_s2c_x52" />
    <link:label xlink:type="resource" xlink:label="label_s2c_x52" xml:lang="en" xlink:role="http://www.xbrl.org/2003/role/label">Valuation movements on own shares</link:label>
    <link:labelArc xlink:type="arc" xlink:arcrole="http://www.xbrl.org/2003/arcrole/concept-label" xlink:from="loc_s2c_x52" xlink:to="label_s2c_x52" />
    <link:loc xlink:type="locator" xlink:href="mem.xsd#s2c_x53" xlink:label="loc_s2c_x53" />
    <link:label xlink:type="resource" xlink:label="label_s2c_x53" xml:lang="en" xlink:role="http://www.xbrl.org/2003/role/label">Sum reinsured</link:label>
    <link:labelArc xlink:type="arc" xlink:arcrole="http://www.xbrl.org/2003/arcrole/concept-label" xlink:from="loc_s2c_x53" xlink:to="label_s2c_x53" />
    <link:loc xlink:type="locator" xlink:href="mem.xsd#s2c_x54" xlink:label="loc_s2c_x54" />
    <link:label xlink:type="resource" xlink:label="label_s2c_x54" xml:lang="en" xlink:role="http://www.xbrl.org/2003/role/label">Liability and Off-balance sheet liabilities</link:label>
    <link:labelArc xlink:type="arc" xlink:arcrole="http://www.xbrl.org/2003/arcrole/concept-label" xlink:from="loc_s2c_x54" xlink:to="label_s2c_x54" />
    <link:loc xlink:type="locator" xlink:href="mem.xsd#s2c_x55" xlink:label="loc_s2c_x55" />
    <link:label xlink:type="resource" xlink:label="label_s2c_x55" xml:lang="en" xlink:role="http://www.xbrl.org/2003/role/label">Loss given default</link:label>
    <link:labelArc xlink:type="arc" xlink:arcrole="http://www.xbrl.org/2003/arcrole/concept-label" xlink:from="loc_s2c_x55" xlink:to="label_s2c_x55" />
    <link:loc xlink:type="locator" xlink:href="mem.xsd#s2c_x56" xlink:label="loc_s2c_x56" />
    <link:label xlink:type="resource" xlink:label="label_s2c_x56" xml:lang="en" xlink:role="http://www.xbrl.org/2003/role/label">Premium paid</link:label>
    <link:labelArc xlink:type="arc" xlink:arcrole="http://www.xbrl.org/2003/arcrole/concept-label" xlink:from="loc_s2c_x56" xlink:to="label_s2c_x56" />
    <link:loc xlink:type="locator" xlink:href="mem.xsd#s2c_x57" xlink:label="loc_s2c_x57" />
    <link:label xlink:type="resource" xlink:label="label_s2c_x57" xml:lang="en" xlink:role="http://www.xbrl.org/2003/role/label">Premium received</link:label>
    <link:labelArc xlink:type="arc" xlink:arcrole="http://www.xbrl.org/2003/arcrole/concept-label" xlink:from="loc_s2c_x57" xlink:to="label_s2c_x57" />
    <link:loc xlink:type="locator" xlink:href="mem.xsd#s2c_x58" xlink:label="loc_s2c_x58" />
    <link:label xlink:type="resource" xlink:label="label_s2c_x58" xml:lang="en" xlink:role="http://www.xbrl.org/2003/role/label">Profit/(loss)</link:label>
    <link:labelArc xlink:type="arc" xlink:arcrole="http://www.xbrl.org/2003/arcrole/concept-label" xlink:from="loc_s2c_x58" xlink:to="label_s2c_x58" />
    <link:loc xlink:type="locator" xlink:href="mem.xsd#s2c_x59" xlink:label="loc_s2c_x59" />
    <link:label xlink:type="resource" xlink:label="label_s2c_x59" xml:lang="en" xlink:role="http://www.xbrl.org/2003/role/label">Repo</link:label>
    <link:labelArc xlink:type="arc" xlink:arcrole="http://www.xbrl.org/2003/arcrole/concept-label" xlink:from="loc_s2c_x59" xlink:to="label_s2c_x59" />
    <link:loc xlink:type="locator" xlink:href="mem.xsd#s2c_x60" xlink:label="loc_s2c_x60" />
    <link:label xlink:type="resource" xlink:label="label_s2c_x60" xml:lang="en" xlink:role="http://www.xbrl.org/2003/role/label">Securities lending</link:label>
    <link:labelArc xlink:type="arc" xlink:arcrole="http://www.xbrl.org/2003/arcrole/concept-label" xlink:from="loc_s2c_x60" xlink:to="label_s2c_x60" />
    <link:loc xlink:type="locator" xlink:href="mem.xsd#s2c_x61" xlink:label="loc_s2c_x61" />
    <link:label xlink:type="resource" xlink:label="label_s2c_x61" xml:lang="en" xlink:role="http://www.xbrl.org/2003/role/label">Restricted own fund items due to ring fencing and matching portfolio</link:label>
    <link:labelArc xlink:type="arc" xlink:arcrole="http://www.xbrl.org/2003/arcrole/concept-label" xlink:from="loc_s2c_x61" xlink:to="label_s2c_x61" />
    <link:loc xlink:type="locator" xlink:href="mem.xsd#s2c_x62" xlink:label="loc_s2c_x62" />
    <link:label xlink:type="resource" xlink:label="label_s2c_x62" xml:lang="en" xlink:role="http://www.xbrl.org/2003/role/label">Assets applied to pay surrenders</link:label>
    <link:labelArc xlink:type="arc" xlink:arcrole="http://www.xbrl.org/2003/arcrole/concept-label" xlink:from="loc_s2c_x62" xlink:to="label_s2c_x62" />
    <link:loc xlink:type="locator" xlink:href="mem.xsd#s2c_x63" xlink:label="loc_s2c_x63" />
    <link:label xlink:type="resource" xlink:label="label_s2c_x63" xml:lang="en" xlink:role="http://www.xbrl.org/2003/role/label">Surrended contracts</link:label>
    <link:labelArc xlink:type="arc" xlink:arcrole="http://www.xbrl.org/2003/arcrole/concept-label" xlink:from="loc_s2c_x63" xlink:to="label_s2c_x63" />
    <link:loc xlink:type="locator" xlink:href="mem.xsd#s2c_x64" xlink:label="loc_s2c_x64" />
    <link:label xlink:type="resource" xlink:label="label_s2c_x64" xml:lang="en" xlink:role="http://www.xbrl.org/2003/role/label">Payments</link:label>
    <link:labelArc xlink:type="arc" xlink:arcrole="http://www.xbrl.org/2003/arcrole/concept-label" xlink:from="loc_s2c_x64" xlink:to="label_s2c_x64" />
    <link:loc xlink:type="locator" xlink:href="mem.xsd#s2c_x65" xlink:label="loc_s2c_x65" />
    <link:label xlink:type="resource" xlink:label="label_s2c_x65" xml:lang="en" xlink:role="http://www.xbrl.org/2003/role/label">Equity</link:label>
    <link:labelArc xlink:type="arc" xlink:arcrole="http://www.xbrl.org/2003/arcrole/concept-label" xlink:from="loc_s2c_x65" xlink:to="label_s2c_x65" />
    <link:loc xlink:type="locator" xlink:href="mem.xsd#s2c_x66" xlink:label="loc_s2c_x66" />
    <link:label xlink:type="resource" xlink:label="label_s2c_x66" xml:lang="en" xlink:role="http://www.xbrl.org/2003/role/label">Adjustment for restricted own fund items in respect of matching adjustment portfolios and ring fenced funds</link:label>
    <link:labelArc xlink:type="arc" xlink:arcrole="http://www.xbrl.org/2003/arcrole/concept-label" xlink:from="loc_s2c_x66" xlink:to="label_s2c_x66" />
    <link:loc xlink:type="locator" xlink:href="mem.xsd#s2c_x67" xlink:label="loc_s2c_x67" />
    <link:label xlink:type="resource" xlink:label="label_s2c_x67" xml:lang="en" xlink:role="http://www.xbrl.org/2003/role/label">Mortality risk stress for the purpose of matching adjustment</link:label>
    <link:labelArc xlink:type="arc" xlink:arcrole="http://www.xbrl.org/2003/arcrole/concept-label" xlink:from="loc_s2c_x67" xlink:to="label_s2c_x67" />
    <link:loc xlink:type="locator" xlink:href="mem.xsd#s2c_x68" xlink:label="loc_s2c_x68" />
    <link:label xlink:type="resource" xlink:label="label_s2c_x68" xml:lang="en" xlink:role="http://www.xbrl.org/2003/role/label">Counterparty assets ring-fenced to settle cedant-specific obligations</link:label>
    <link:labelArc xlink:type="arc" xlink:arcrole="http://www.xbrl.org/2003/arcrole/concept-label" xlink:from="loc_s2c_x68" xlink:to="label_s2c_x68" />
    <link:loc xlink:type="locator" xlink:href="mem.xsd#s2c_x69" xlink:label="loc_s2c_x69" />
    <link:label xlink:type="resource" xlink:label="label_s2c_x69" xml:lang="en" xlink:role="http://www.xbrl.org/2003/role/label">Non ring-fenced, non cedant-specific counterparty assets for which recourse may exist</link:label>
    <link:labelArc xlink:type="arc" xlink:arcrole="http://www.xbrl.org/2003/arcrole/concept-label" xlink:from="loc_s2c_x69" xlink:to="label_s2c_x69" />
    <link:loc xlink:type="locator" xlink:href="mem.xsd#s2c_x70" xlink:label="loc_s2c_x70" />
    <link:label xlink:type="resource" xlink:label="label_s2c_x70" xml:lang="en" xlink:role="http://www.xbrl.org/2003/role/label">Net variation for index-linked and unit-linked business</link:label>
    <link:labelArc xlink:type="arc" xlink:arcrole="http://www.xbrl.org/2003/arcrole/concept-label" xlink:from="loc_s2c_x70" xlink:to="label_s2c_x70" />
    <link:loc xlink:type="locator" xlink:href="mem.xsd#s2c_x5000" xlink:label="loc_s2c_x5000" />
    <link:label xlink:type="resource" xlink:label="label_s2c_x5000" xml:lang="en" xlink:role="http://www.xbrl.org/2003/role/label">Remaining pension obligation in the balance sheet of the sponsor</link:label>
    <link:labelArc xlink:type="arc" xlink:arcrole="http://www.xbrl.org/2003/arcrole/concept-label" xlink:from="loc_s2c_x5000" xlink:to="label_s2c_x5000" />
    <link:loc xlink:type="locator" xlink:href="mem.xsd#s2c_x5001" xlink:label="loc_s2c_x5001" />
    <link:label xlink:type="resource" xlink:label="label_s2c_x5001" xml:lang="en" xlink:role="http://www.xbrl.org/2003/role/label">Assets that could be reclaimed by the sponsor</link:label>
    <link:labelArc xlink:type="arc" xlink:arcrole="http://www.xbrl.org/2003/arcrole/concept-label" xlink:from="loc_s2c_x5001" xlink:to="label_s2c_x5001" />
    <link:loc xlink:type="locator" xlink:href="mem.xsd#s2c_x5002" xlink:label="loc_s2c_x5002" />
    <link:label xlink:type="resource" xlink:label="label_s2c_x5002" xml:lang="en" xlink:role="http://www.xbrl.org/2003/role/label">Regulatory own funds</link:label>
    <link:labelArc xlink:type="arc" xlink:arcrole="http://www.xbrl.org/2003/arcrole/concept-label" xlink:from="loc_s2c_x5002" xlink:to="label_s2c_x5002" />
    <link:loc xlink:type="locator" xlink:href="mem.xsd#s2c_x5003" xlink:label="loc_s2c_x5003" />
    <link:label xlink:type="resource" xlink:label="label_s2c_x5003" xml:lang="en" xlink:role="http://www.xbrl.org/2003/role/label">Reserves</link:label>
    <link:labelArc xlink:type="arc" xlink:arcrole="http://www.xbrl.org/2003/arcrole/concept-label" xlink:from="loc_s2c_x5003" xlink:to="label_s2c_x5003" />
    <link:loc xlink:type="locator" xlink:href="mem.xsd#s2c_x5004" xlink:label="loc_s2c_x5004" />
    <link:label xlink:type="resource" xlink:label="label_s2c_x5004" xml:lang="en" xlink:role="http://www.xbrl.org/2003/role/label">Statutory reserves</link:label>
    <link:labelArc xlink:type="arc" xlink:arcrole="http://www.xbrl.org/2003/arcrole/concept-label" xlink:from="loc_s2c_x5004" xlink:to="label_s2c_x5004" />
    <link:loc xlink:type="locator" xlink:href="mem.xsd#s2c_x5005" xlink:label="loc_s2c_x5005" />
    <link:label xlink:type="resource" xlink:label="label_s2c_x5005" xml:lang="en" xlink:role="http://www.xbrl.org/2003/role/label">Free reserves</link:label>
    <link:labelArc xlink:type="arc" xlink:arcrole="http://www.xbrl.org/2003/arcrole/concept-label" xlink:from="loc_s2c_x5005" xlink:to="label_s2c_x5005" />
    <link:loc xlink:type="locator" xlink:href="mem.xsd#s2c_x5006" xlink:label="loc_s2c_x5006" />
    <link:label xlink:type="resource" xlink:label="label_s2c_x5006" xml:lang="en" xlink:role="http://www.xbrl.org/2003/role/label">Profit reserves</link:label>
    <link:labelArc xlink:type="arc" xlink:arcrole="http://www.xbrl.org/2003/arcrole/concept-label" xlink:from="loc_s2c_x5006" xlink:to="label_s2c_x5006" />
    <link:loc xlink:type="locator" xlink:href="mem.xsd#s2c_x5007" xlink:label="loc_s2c_x5007" />
    <link:label xlink:type="resource" xlink:label="label_s2c_x5007" xml:lang="en" xlink:role="http://www.xbrl.org/2003/role/label">Income and Profit/(loss)</link:label>
    <link:labelArc xlink:type="arc" xlink:arcrole="http://www.xbrl.org/2003/arcrole/concept-label" xlink:from="loc_s2c_x5007" xlink:to="label_s2c_x5007" />
    <link:loc xlink:type="locator" xlink:href="mem.xsd#s2c_x5008" xlink:label="loc_s2c_x5008" />
    <link:label xlink:type="resource" xlink:label="label_s2c_x5008" xml:lang="en" xlink:role="http://www.xbrl.org/2003/role/label">Contributions receivable</link:label>
    <link:labelArc xlink:type="arc" xlink:arcrole="http://www.xbrl.org/2003/arcrole/concept-label" xlink:from="loc_s2c_x5008" xlink:to="label_s2c_x5008" />
    <link:loc xlink:type="locator" xlink:href="mem.xsd#s2c_x5009" xlink:label="loc_s2c_x5009" />
    <link:label xlink:type="resource" xlink:label="label_s2c_x5009" xml:lang="en" xlink:role="http://www.xbrl.org/2003/role/label">Benefits payable</link:label>
    <link:labelArc xlink:type="arc" xlink:arcrole="http://www.xbrl.org/2003/arcrole/concept-label" xlink:from="loc_s2c_x5009" xlink:to="label_s2c_x5009" />
    <link:loc xlink:type="locator" xlink:href="mem.xsd#s2c_x6000" xlink:label="loc_s2c_x6000" />
    <link:label xlink:type="resource" xlink:label="label_s2c_x6000" xml:lang="en" xlink:role="http://www.xbrl.org/2003/role/label">Net Worth</link:label>
    <link:labelArc xlink:type="arc" xlink:arcrole="http://www.xbrl.org/2003/arcrole/concept-label" xlink:from="loc_s2c_x6000" xlink:to="label_s2c_x6000" />
  </link:labelLink>
</link:linkbase>