<?xml version="1.0" encoding="UTF-8"?>
<!--(C) EIOPA - XBRL Taxonomy-->
<?officialURI http://eiopa.europa.eu/eu/xbrl/s2c/dict/dom/la/hier-def.xml?>
<?taxonomy-version 2.4.0?>
<?taxonomy-date 2019-07-15?>
<link:linkbase xmlns:xsi="http://www.w3.org/2001/XMLSchema-instance" xmlns:xlink="http://www.w3.org/1999/xlink" xmlns:link="http://www.xbrl.org/2003/linkbase" xmlns:xbrldt="http://xbrl.org/2005/xbrldt" xsi:schemaLocation="http://www.xbrl.org/2003/linkbase http://www.xbrl.org/2003/xbrl-linkbase-2003-12-31.xsd http://xbrl.org/2005/xbrldt http://www.xbrl.org/2005/xbrldt-2005.xsd">
  <link:arcroleRef arcroleURI="http://xbrl.org/int/dim/arcrole/domain-member" xlink:type="simple" xlink:href="http://www.xbrl.org/2005/xbrldt-2005.xsd#domain-member" />
  <link:roleRef roleURI="http://eiopa.europa.eu/xbrl/s2c/role/dict/dom/LA/1" xlink:type="simple" xlink:href="hier.xsd#s2c_1" />
  <link:definitionLink xlink:type="extended" xlink:role="http://eiopa.europa.eu/xbrl/s2c/role/dict/dom/LA/1">
    <link:loc xlink:type="locator" xlink:href="../exp.xsd#s2c_LA" xlink:label="loc_s2c_LA" />
    <link:loc xlink:type="locator" xlink:href="mem.xsd#s2c_x0" xlink:label="loc_s2c_x0" />
    <link:definitionArc xlink:type="arc" xlink:arcrole="http://xbrl.org/int/dim/arcrole/domain-member" xlink:from="loc_s2c_LA" xlink:to="loc_s2c_x0" order="1" xbrldt:usable="false" />
    <link:loc xlink:type="locator" xlink:href="mem.xsd#s2c_aa" xlink:label="loc_s2c_aa" />
    <link:definitionArc xlink:type="arc" xlink:arcrole="http://xbrl.org/int/dim/arcrole/domain-member" xlink:from="loc_s2c_x0" xlink:to="loc_s2c_aa" order="1" />
    <link:loc xlink:type="locator" xlink:href="mem.xsd#s2c_ab" xlink:label="loc_s2c_ab" />
    <link:definitionArc xlink:type="arc" xlink:arcrole="http://xbrl.org/int/dim/arcrole/domain-member" xlink:from="loc_s2c_x0" xlink:to="loc_s2c_ab" order="2" />
    <link:loc xlink:type="locator" xlink:href="mem.xsd#s2c_ae" xlink:label="loc_s2c_ae" />
    <link:definitionArc xlink:type="arc" xlink:arcrole="http://xbrl.org/int/dim/arcrole/domain-member" xlink:from="loc_s2c_x0" xlink:to="loc_s2c_ae" order="3" />
    <link:loc xlink:type="locator" xlink:href="mem.xsd#s2c_af" xlink:label="loc_s2c_af" />
    <link:definitionArc xlink:type="arc" xlink:arcrole="http://xbrl.org/int/dim/arcrole/domain-member" xlink:from="loc_s2c_x0" xlink:to="loc_s2c_af" order="4" />
    <link:loc xlink:type="locator" xlink:href="mem.xsd#s2c_ak" xlink:label="loc_s2c_ak" />
    <link:definitionArc xlink:type="arc" xlink:arcrole="http://xbrl.org/int/dim/arcrole/domain-member" xlink:from="loc_s2c_x0" xlink:to="loc_s2c_ak" order="5" />
    <link:loc xlink:type="locator" xlink:href="mem.xsd#s2c_am" xlink:label="loc_s2c_am" />
    <link:definitionArc xlink:type="arc" xlink:arcrole="http://xbrl.org/int/dim/arcrole/domain-member" xlink:from="loc_s2c_x0" xlink:to="loc_s2c_am" order="6" />
    <link:loc xlink:type="locator" xlink:href="mem.xsd#s2c_an" xlink:label="loc_s2c_an" />
    <link:definitionArc xlink:type="arc" xlink:arcrole="http://xbrl.org/int/dim/arcrole/domain-member" xlink:from="loc_s2c_x0" xlink:to="loc_s2c_an" order="7" />
    <link:loc xlink:type="locator" xlink:href="mem.xsd#s2c_ar" xlink:label="loc_s2c_ar" />
    <link:definitionArc xlink:type="arc" xlink:arcrole="http://xbrl.org/int/dim/arcrole/domain-member" xlink:from="loc_s2c_x0" xlink:to="loc_s2c_ar" order="8" />
    <link:loc xlink:type="locator" xlink:href="mem.xsd#s2c_as" xlink:label="loc_s2c_as" />
    <link:definitionArc xlink:type="arc" xlink:arcrole="http://xbrl.org/int/dim/arcrole/domain-member" xlink:from="loc_s2c_x0" xlink:to="loc_s2c_as" order="9" />
    <link:loc xlink:type="locator" xlink:href="mem.xsd#s2c_av" xlink:label="loc_s2c_av" />
    <link:definitionArc xlink:type="arc" xlink:arcrole="http://xbrl.org/int/dim/arcrole/domain-member" xlink:from="loc_s2c_x0" xlink:to="loc_s2c_av" order="10" />
    <link:loc xlink:type="locator" xlink:href="mem.xsd#s2c_ay" xlink:label="loc_s2c_ay" />
    <link:definitionArc xlink:type="arc" xlink:arcrole="http://xbrl.org/int/dim/arcrole/domain-member" xlink:from="loc_s2c_x0" xlink:to="loc_s2c_ay" order="11" />
    <link:loc xlink:type="locator" xlink:href="mem.xsd#s2c_az" xlink:label="loc_s2c_az" />
    <link:definitionArc xlink:type="arc" xlink:arcrole="http://xbrl.org/int/dim/arcrole/domain-member" xlink:from="loc_s2c_x0" xlink:to="loc_s2c_az" order="12" />
    <link:loc xlink:type="locator" xlink:href="mem.xsd#s2c_ba" xlink:label="loc_s2c_ba" />
    <link:definitionArc xlink:type="arc" xlink:arcrole="http://xbrl.org/int/dim/arcrole/domain-member" xlink:from="loc_s2c_x0" xlink:to="loc_s2c_ba" order="13" />
    <link:loc xlink:type="locator" xlink:href="mem.xsd#s2c_be" xlink:label="loc_s2c_be" />
    <link:definitionArc xlink:type="arc" xlink:arcrole="http://xbrl.org/int/dim/arcrole/domain-member" xlink:from="loc_s2c_x0" xlink:to="loc_s2c_be" order="14" />
    <link:loc xlink:type="locator" xlink:href="mem.xsd#s2c_bg" xlink:label="loc_s2c_bg" />
    <link:definitionArc xlink:type="arc" xlink:arcrole="http://xbrl.org/int/dim/arcrole/domain-member" xlink:from="loc_s2c_x0" xlink:to="loc_s2c_bg" order="15" />
    <link:loc xlink:type="locator" xlink:href="mem.xsd#s2c_bh" xlink:label="loc_s2c_bh" />
    <link:definitionArc xlink:type="arc" xlink:arcrole="http://xbrl.org/int/dim/arcrole/domain-member" xlink:from="loc_s2c_x0" xlink:to="loc_s2c_bh" order="16" />
    <link:loc xlink:type="locator" xlink:href="mem.xsd#s2c_bi" xlink:label="loc_s2c_bi" />
    <link:definitionArc xlink:type="arc" xlink:arcrole="http://xbrl.org/int/dim/arcrole/domain-member" xlink:from="loc_s2c_x0" xlink:to="loc_s2c_bi" order="17" />
    <link:loc xlink:type="locator" xlink:href="mem.xsd#s2c_bm" xlink:label="loc_s2c_bm" />
    <link:definitionArc xlink:type="arc" xlink:arcrole="http://xbrl.org/int/dim/arcrole/domain-member" xlink:from="loc_s2c_x0" xlink:to="loc_s2c_bm" order="18" />
    <link:loc xlink:type="locator" xlink:href="mem.xsd#s2c_bn" xlink:label="loc_s2c_bn" />
    <link:definitionArc xlink:type="arc" xlink:arcrole="http://xbrl.org/int/dim/arcrole/domain-member" xlink:from="loc_s2c_x0" xlink:to="loc_s2c_bn" order="19" />
    <link:loc xlink:type="locator" xlink:href="mem.xsd#s2c_bo" xlink:label="loc_s2c_bo" />
    <link:definitionArc xlink:type="arc" xlink:arcrole="http://xbrl.org/int/dim/arcrole/domain-member" xlink:from="loc_s2c_x0" xlink:to="loc_s2c_bo" order="20" />
    <link:loc xlink:type="locator" xlink:href="mem.xsd#s2c_br" xlink:label="loc_s2c_br" />
    <link:definitionArc xlink:type="arc" xlink:arcrole="http://xbrl.org/int/dim/arcrole/domain-member" xlink:from="loc_s2c_x0" xlink:to="loc_s2c_br" order="21" />
    <link:loc xlink:type="locator" xlink:href="mem.xsd#s2c_bs" xlink:label="loc_s2c_bs" />
    <link:definitionArc xlink:type="arc" xlink:arcrole="http://xbrl.org/int/dim/arcrole/domain-member" xlink:from="loc_s2c_x0" xlink:to="loc_s2c_bs" order="22" />
    <link:loc xlink:type="locator" xlink:href="mem.xsd#s2c_ca" xlink:label="loc_s2c_ca" />
    <link:definitionArc xlink:type="arc" xlink:arcrole="http://xbrl.org/int/dim/arcrole/domain-member" xlink:from="loc_s2c_x0" xlink:to="loc_s2c_ca" order="23" />
    <link:loc xlink:type="locator" xlink:href="mem.xsd#s2c_ce" xlink:label="loc_s2c_ce" />
    <link:definitionArc xlink:type="arc" xlink:arcrole="http://xbrl.org/int/dim/arcrole/domain-member" xlink:from="loc_s2c_x0" xlink:to="loc_s2c_ce" order="24" />
    <link:loc xlink:type="locator" xlink:href="mem.xsd#s2c_ch" xlink:label="loc_s2c_ch" />
    <link:definitionArc xlink:type="arc" xlink:arcrole="http://xbrl.org/int/dim/arcrole/domain-member" xlink:from="loc_s2c_x0" xlink:to="loc_s2c_ch" order="25" />
    <link:loc xlink:type="locator" xlink:href="mem.xsd#s2c_co" xlink:label="loc_s2c_co" />
    <link:definitionArc xlink:type="arc" xlink:arcrole="http://xbrl.org/int/dim/arcrole/domain-member" xlink:from="loc_s2c_x0" xlink:to="loc_s2c_co" order="26" />
    <link:loc xlink:type="locator" xlink:href="mem.xsd#s2c_cr" xlink:label="loc_s2c_cr" />
    <link:definitionArc xlink:type="arc" xlink:arcrole="http://xbrl.org/int/dim/arcrole/domain-member" xlink:from="loc_s2c_x0" xlink:to="loc_s2c_cr" order="27" />
    <link:loc xlink:type="locator" xlink:href="mem.xsd#s2c_cs" xlink:label="loc_s2c_cs" />
    <link:definitionArc xlink:type="arc" xlink:arcrole="http://xbrl.org/int/dim/arcrole/domain-member" xlink:from="loc_s2c_x0" xlink:to="loc_s2c_cs" order="28" />
    <link:loc xlink:type="locator" xlink:href="mem.xsd#s2c_cu" xlink:label="loc_s2c_cu" />
    <link:definitionArc xlink:type="arc" xlink:arcrole="http://xbrl.org/int/dim/arcrole/domain-member" xlink:from="loc_s2c_x0" xlink:to="loc_s2c_cu" order="29" />
    <link:loc xlink:type="locator" xlink:href="mem.xsd#s2c_cv" xlink:label="loc_s2c_cv" />
    <link:definitionArc xlink:type="arc" xlink:arcrole="http://xbrl.org/int/dim/arcrole/domain-member" xlink:from="loc_s2c_x0" xlink:to="loc_s2c_cv" order="30" />
    <link:loc xlink:type="locator" xlink:href="mem.xsd#s2c_cy" xlink:label="loc_s2c_cy" />
    <link:definitionArc xlink:type="arc" xlink:arcrole="http://xbrl.org/int/dim/arcrole/domain-member" xlink:from="loc_s2c_x0" xlink:to="loc_s2c_cy" order="31" />
    <link:loc xlink:type="locator" xlink:href="mem.xsd#s2c_da" xlink:label="loc_s2c_da" />
    <link:definitionArc xlink:type="arc" xlink:arcrole="http://xbrl.org/int/dim/arcrole/domain-member" xlink:from="loc_s2c_x0" xlink:to="loc_s2c_da" order="32" />
    <link:loc xlink:type="locator" xlink:href="mem.xsd#s2c_de" xlink:label="loc_s2c_de" />
    <link:definitionArc xlink:type="arc" xlink:arcrole="http://xbrl.org/int/dim/arcrole/domain-member" xlink:from="loc_s2c_x0" xlink:to="loc_s2c_de" order="33" />
    <link:loc xlink:type="locator" xlink:href="mem.xsd#s2c_dv" xlink:label="loc_s2c_dv" />
    <link:definitionArc xlink:type="arc" xlink:arcrole="http://xbrl.org/int/dim/arcrole/domain-member" xlink:from="loc_s2c_x0" xlink:to="loc_s2c_dv" order="34" />
    <link:loc xlink:type="locator" xlink:href="mem.xsd#s2c_dz" xlink:label="loc_s2c_dz" />
    <link:definitionArc xlink:type="arc" xlink:arcrole="http://xbrl.org/int/dim/arcrole/domain-member" xlink:from="loc_s2c_x0" xlink:to="loc_s2c_dz" order="35" />
    <link:loc xlink:type="locator" xlink:href="mem.xsd#s2c_ee" xlink:label="loc_s2c_ee" />
    <link:definitionArc xlink:type="arc" xlink:arcrole="http://xbrl.org/int/dim/arcrole/domain-member" xlink:from="loc_s2c_x0" xlink:to="loc_s2c_ee" order="36" />
    <link:loc xlink:type="locator" xlink:href="mem.xsd#s2c_el" xlink:label="loc_s2c_el" />
    <link:definitionArc xlink:type="arc" xlink:arcrole="http://xbrl.org/int/dim/arcrole/domain-member" xlink:from="loc_s2c_x0" xlink:to="loc_s2c_el" order="37" />
    <link:loc xlink:type="locator" xlink:href="mem.xsd#s2c_en" xlink:label="loc_s2c_en" />
    <link:definitionArc xlink:type="arc" xlink:arcrole="http://xbrl.org/int/dim/arcrole/domain-member" xlink:from="loc_s2c_x0" xlink:to="loc_s2c_en" order="38" />
    <link:loc xlink:type="locator" xlink:href="mem.xsd#s2c_eo" xlink:label="loc_s2c_eo" />
    <link:definitionArc xlink:type="arc" xlink:arcrole="http://xbrl.org/int/dim/arcrole/domain-member" xlink:from="loc_s2c_x0" xlink:to="loc_s2c_eo" order="39" />
    <link:loc xlink:type="locator" xlink:href="mem.xsd#s2c_es" xlink:label="loc_s2c_es" />
    <link:definitionArc xlink:type="arc" xlink:arcrole="http://xbrl.org/int/dim/arcrole/domain-member" xlink:from="loc_s2c_x0" xlink:to="loc_s2c_es" order="40" />
    <link:loc xlink:type="locator" xlink:href="mem.xsd#s2c_et" xlink:label="loc_s2c_et" />
    <link:definitionArc xlink:type="arc" xlink:arcrole="http://xbrl.org/int/dim/arcrole/domain-member" xlink:from="loc_s2c_x0" xlink:to="loc_s2c_et" order="41" />
    <link:loc xlink:type="locator" xlink:href="mem.xsd#s2c_eu" xlink:label="loc_s2c_eu" />
    <link:definitionArc xlink:type="arc" xlink:arcrole="http://xbrl.org/int/dim/arcrole/domain-member" xlink:from="loc_s2c_x0" xlink:to="loc_s2c_eu" order="42" />
    <link:loc xlink:type="locator" xlink:href="mem.xsd#s2c_fa" xlink:label="loc_s2c_fa" />
    <link:definitionArc xlink:type="arc" xlink:arcrole="http://xbrl.org/int/dim/arcrole/domain-member" xlink:from="loc_s2c_x0" xlink:to="loc_s2c_fa" order="43" />
    <link:loc xlink:type="locator" xlink:href="mem.xsd#s2c_ff" xlink:label="loc_s2c_ff" />
    <link:definitionArc xlink:type="arc" xlink:arcrole="http://xbrl.org/int/dim/arcrole/domain-member" xlink:from="loc_s2c_x0" xlink:to="loc_s2c_ff" order="44" />
    <link:loc xlink:type="locator" xlink:href="mem.xsd#s2c_fi" xlink:label="loc_s2c_fi" />
    <link:definitionArc xlink:type="arc" xlink:arcrole="http://xbrl.org/int/dim/arcrole/domain-member" xlink:from="loc_s2c_x0" xlink:to="loc_s2c_fi" order="45" />
    <link:loc xlink:type="locator" xlink:href="mem.xsd#s2c_fj" xlink:label="loc_s2c_fj" />
    <link:definitionArc xlink:type="arc" xlink:arcrole="http://xbrl.org/int/dim/arcrole/domain-member" xlink:from="loc_s2c_x0" xlink:to="loc_s2c_fj" order="46" />
    <link:loc xlink:type="locator" xlink:href="mem.xsd#s2c_fo" xlink:label="loc_s2c_fo" />
    <link:definitionArc xlink:type="arc" xlink:arcrole="http://xbrl.org/int/dim/arcrole/domain-member" xlink:from="loc_s2c_x0" xlink:to="loc_s2c_fo" order="47" />
    <link:loc xlink:type="locator" xlink:href="mem.xsd#s2c_fr" xlink:label="loc_s2c_fr" />
    <link:definitionArc xlink:type="arc" xlink:arcrole="http://xbrl.org/int/dim/arcrole/domain-member" xlink:from="loc_s2c_x0" xlink:to="loc_s2c_fr" order="48" />
    <link:loc xlink:type="locator" xlink:href="mem.xsd#s2c_fy" xlink:label="loc_s2c_fy" />
    <link:definitionArc xlink:type="arc" xlink:arcrole="http://xbrl.org/int/dim/arcrole/domain-member" xlink:from="loc_s2c_x0" xlink:to="loc_s2c_fy" order="49" />
    <link:loc xlink:type="locator" xlink:href="mem.xsd#s2c_ga" xlink:label="loc_s2c_ga" />
    <link:definitionArc xlink:type="arc" xlink:arcrole="http://xbrl.org/int/dim/arcrole/domain-member" xlink:from="loc_s2c_x0" xlink:to="loc_s2c_ga" order="50" />
    <link:loc xlink:type="locator" xlink:href="mem.xsd#s2c_gd" xlink:label="loc_s2c_gd" />
    <link:definitionArc xlink:type="arc" xlink:arcrole="http://xbrl.org/int/dim/arcrole/domain-member" xlink:from="loc_s2c_x0" xlink:to="loc_s2c_gd" order="51" />
    <link:loc xlink:type="locator" xlink:href="mem.xsd#s2c_gl" xlink:label="loc_s2c_gl" />
    <link:definitionArc xlink:type="arc" xlink:arcrole="http://xbrl.org/int/dim/arcrole/domain-member" xlink:from="loc_s2c_x0" xlink:to="loc_s2c_gl" order="52" />
    <link:loc xlink:type="locator" xlink:href="mem.xsd#s2c_gn" xlink:label="loc_s2c_gn" />
    <link:definitionArc xlink:type="arc" xlink:arcrole="http://xbrl.org/int/dim/arcrole/domain-member" xlink:from="loc_s2c_x0" xlink:to="loc_s2c_gn" order="53" />
    <link:loc xlink:type="locator" xlink:href="mem.xsd#s2c_gu" xlink:label="loc_s2c_gu" />
    <link:definitionArc xlink:type="arc" xlink:arcrole="http://xbrl.org/int/dim/arcrole/domain-member" xlink:from="loc_s2c_x0" xlink:to="loc_s2c_gu" order="54" />
    <link:loc xlink:type="locator" xlink:href="mem.xsd#s2c_gv" xlink:label="loc_s2c_gv" />
    <link:definitionArc xlink:type="arc" xlink:arcrole="http://xbrl.org/int/dim/arcrole/domain-member" xlink:from="loc_s2c_x0" xlink:to="loc_s2c_gv" order="55" />
    <link:loc xlink:type="locator" xlink:href="mem.xsd#s2c_ha" xlink:label="loc_s2c_ha" />
    <link:definitionArc xlink:type="arc" xlink:arcrole="http://xbrl.org/int/dim/arcrole/domain-member" xlink:from="loc_s2c_x0" xlink:to="loc_s2c_ha" order="56" />
    <link:loc xlink:type="locator" xlink:href="mem.xsd#s2c_he" xlink:label="loc_s2c_he" />
    <link:definitionArc xlink:type="arc" xlink:arcrole="http://xbrl.org/int/dim/arcrole/domain-member" xlink:from="loc_s2c_x0" xlink:to="loc_s2c_he" order="57" />
    <link:loc xlink:type="locator" xlink:href="mem.xsd#s2c_hi" xlink:label="loc_s2c_hi" />
    <link:definitionArc xlink:type="arc" xlink:arcrole="http://xbrl.org/int/dim/arcrole/domain-member" xlink:from="loc_s2c_x0" xlink:to="loc_s2c_hi" order="58" />
    <link:loc xlink:type="locator" xlink:href="mem.xsd#s2c_ho" xlink:label="loc_s2c_ho" />
    <link:definitionArc xlink:type="arc" xlink:arcrole="http://xbrl.org/int/dim/arcrole/domain-member" xlink:from="loc_s2c_x0" xlink:to="loc_s2c_ho" order="59" />
    <link:loc xlink:type="locator" xlink:href="mem.xsd#s2c_hr" xlink:label="loc_s2c_hr" />
    <link:definitionArc xlink:type="arc" xlink:arcrole="http://xbrl.org/int/dim/arcrole/domain-member" xlink:from="loc_s2c_x0" xlink:to="loc_s2c_hr" order="60" />
    <link:loc xlink:type="locator" xlink:href="mem.xsd#s2c_ht" xlink:label="loc_s2c_ht" />
    <link:definitionArc xlink:type="arc" xlink:arcrole="http://xbrl.org/int/dim/arcrole/domain-member" xlink:from="loc_s2c_x0" xlink:to="loc_s2c_ht" order="61" />
    <link:loc xlink:type="locator" xlink:href="mem.xsd#s2c_hu" xlink:label="loc_s2c_hu" />
    <link:definitionArc xlink:type="arc" xlink:arcrole="http://xbrl.org/int/dim/arcrole/domain-member" xlink:from="loc_s2c_x0" xlink:to="loc_s2c_hu" order="62" />
    <link:loc xlink:type="locator" xlink:href="mem.xsd#s2c_hy" xlink:label="loc_s2c_hy" />
    <link:definitionArc xlink:type="arc" xlink:arcrole="http://xbrl.org/int/dim/arcrole/domain-member" xlink:from="loc_s2c_x0" xlink:to="loc_s2c_hy" order="63" />
    <link:loc xlink:type="locator" xlink:href="mem.xsd#s2c_hz" xlink:label="loc_s2c_hz" />
    <link:definitionArc xlink:type="arc" xlink:arcrole="http://xbrl.org/int/dim/arcrole/domain-member" xlink:from="loc_s2c_x0" xlink:to="loc_s2c_hz" order="64" />
    <link:loc xlink:type="locator" xlink:href="mem.xsd#s2c_ia" xlink:label="loc_s2c_ia" />
    <link:definitionArc xlink:type="arc" xlink:arcrole="http://xbrl.org/int/dim/arcrole/domain-member" xlink:from="loc_s2c_x0" xlink:to="loc_s2c_ia" order="65" />
    <link:loc xlink:type="locator" xlink:href="mem.xsd#s2c_id" xlink:label="loc_s2c_id" />
    <link:definitionArc xlink:type="arc" xlink:arcrole="http://xbrl.org/int/dim/arcrole/domain-member" xlink:from="loc_s2c_x0" xlink:to="loc_s2c_id" order="66" />
    <link:loc xlink:type="locator" xlink:href="mem.xsd#s2c_ie" xlink:label="loc_s2c_ie" />
    <link:definitionArc xlink:type="arc" xlink:arcrole="http://xbrl.org/int/dim/arcrole/domain-member" xlink:from="loc_s2c_x0" xlink:to="loc_s2c_ie" order="67" />
    <link:loc xlink:type="locator" xlink:href="mem.xsd#s2c_ig" xlink:label="loc_s2c_ig" />
    <link:definitionArc xlink:type="arc" xlink:arcrole="http://xbrl.org/int/dim/arcrole/domain-member" xlink:from="loc_s2c_x0" xlink:to="loc_s2c_ig" order="68" />
    <link:loc xlink:type="locator" xlink:href="mem.xsd#s2c_ii" xlink:label="loc_s2c_ii" />
    <link:definitionArc xlink:type="arc" xlink:arcrole="http://xbrl.org/int/dim/arcrole/domain-member" xlink:from="loc_s2c_x0" xlink:to="loc_s2c_ii" order="69" />
    <link:loc xlink:type="locator" xlink:href="mem.xsd#s2c_ik" xlink:label="loc_s2c_ik" />
    <link:definitionArc xlink:type="arc" xlink:arcrole="http://xbrl.org/int/dim/arcrole/domain-member" xlink:from="loc_s2c_x0" xlink:to="loc_s2c_ik" order="70" />
    <link:loc xlink:type="locator" xlink:href="mem.xsd#s2c_io" xlink:label="loc_s2c_io" />
    <link:definitionArc xlink:type="arc" xlink:arcrole="http://xbrl.org/int/dim/arcrole/domain-member" xlink:from="loc_s2c_x0" xlink:to="loc_s2c_io" order="71" />
    <link:loc xlink:type="locator" xlink:href="mem.xsd#s2c_is" xlink:label="loc_s2c_is" />
    <link:definitionArc xlink:type="arc" xlink:arcrole="http://xbrl.org/int/dim/arcrole/domain-member" xlink:from="loc_s2c_x0" xlink:to="loc_s2c_is" order="72" />
    <link:loc xlink:type="locator" xlink:href="mem.xsd#s2c_it" xlink:label="loc_s2c_it" />
    <link:definitionArc xlink:type="arc" xlink:arcrole="http://xbrl.org/int/dim/arcrole/domain-member" xlink:from="loc_s2c_x0" xlink:to="loc_s2c_it" order="73" />
    <link:loc xlink:type="locator" xlink:href="mem.xsd#s2c_iu" xlink:label="loc_s2c_iu" />
    <link:definitionArc xlink:type="arc" xlink:arcrole="http://xbrl.org/int/dim/arcrole/domain-member" xlink:from="loc_s2c_x0" xlink:to="loc_s2c_iu" order="74" />
    <link:loc xlink:type="locator" xlink:href="mem.xsd#s2c_ja" xlink:label="loc_s2c_ja" />
    <link:definitionArc xlink:type="arc" xlink:arcrole="http://xbrl.org/int/dim/arcrole/domain-member" xlink:from="loc_s2c_x0" xlink:to="loc_s2c_ja" order="75" />
    <link:loc xlink:type="locator" xlink:href="mem.xsd#s2c_jv" xlink:label="loc_s2c_jv" />
    <link:definitionArc xlink:type="arc" xlink:arcrole="http://xbrl.org/int/dim/arcrole/domain-member" xlink:from="loc_s2c_x0" xlink:to="loc_s2c_jv" order="76" />
    <link:loc xlink:type="locator" xlink:href="mem.xsd#s2c_ka" xlink:label="loc_s2c_ka" />
    <link:definitionArc xlink:type="arc" xlink:arcrole="http://xbrl.org/int/dim/arcrole/domain-member" xlink:from="loc_s2c_x0" xlink:to="loc_s2c_ka" order="77" />
    <link:loc xlink:type="locator" xlink:href="mem.xsd#s2c_kg" xlink:label="loc_s2c_kg" />
    <link:definitionArc xlink:type="arc" xlink:arcrole="http://xbrl.org/int/dim/arcrole/domain-member" xlink:from="loc_s2c_x0" xlink:to="loc_s2c_kg" order="78" />
    <link:loc xlink:type="locator" xlink:href="mem.xsd#s2c_ki" xlink:label="loc_s2c_ki" />
    <link:definitionArc xlink:type="arc" xlink:arcrole="http://xbrl.org/int/dim/arcrole/domain-member" xlink:from="loc_s2c_x0" xlink:to="loc_s2c_ki" order="79" />
    <link:loc xlink:type="locator" xlink:href="mem.xsd#s2c_kj" xlink:label="loc_s2c_kj" />
    <link:definitionArc xlink:type="arc" xlink:arcrole="http://xbrl.org/int/dim/arcrole/domain-member" xlink:from="loc_s2c_x0" xlink:to="loc_s2c_kj" order="80" />
    <link:loc xlink:type="locator" xlink:href="mem.xsd#s2c_kk" xlink:label="loc_s2c_kk" />
    <link:definitionArc xlink:type="arc" xlink:arcrole="http://xbrl.org/int/dim/arcrole/domain-member" xlink:from="loc_s2c_x0" xlink:to="loc_s2c_kk" order="81" />
    <link:loc xlink:type="locator" xlink:href="mem.xsd#s2c_kl" xlink:label="loc_s2c_kl" />
    <link:definitionArc xlink:type="arc" xlink:arcrole="http://xbrl.org/int/dim/arcrole/domain-member" xlink:from="loc_s2c_x0" xlink:to="loc_s2c_kl" order="82" />
    <link:loc xlink:type="locator" xlink:href="mem.xsd#s2c_km" xlink:label="loc_s2c_km" />
    <link:definitionArc xlink:type="arc" xlink:arcrole="http://xbrl.org/int/dim/arcrole/domain-member" xlink:from="loc_s2c_x0" xlink:to="loc_s2c_km" order="83" />
    <link:loc xlink:type="locator" xlink:href="mem.xsd#s2c_kn" xlink:label="loc_s2c_kn" />
    <link:definitionArc xlink:type="arc" xlink:arcrole="http://xbrl.org/int/dim/arcrole/domain-member" xlink:from="loc_s2c_x0" xlink:to="loc_s2c_kn" order="84" />
    <link:loc xlink:type="locator" xlink:href="mem.xsd#s2c_ko" xlink:label="loc_s2c_ko" />
    <link:definitionArc xlink:type="arc" xlink:arcrole="http://xbrl.org/int/dim/arcrole/domain-member" xlink:from="loc_s2c_x0" xlink:to="loc_s2c_ko" order="85" />
    <link:loc xlink:type="locator" xlink:href="mem.xsd#s2c_kr" xlink:label="loc_s2c_kr" />
    <link:definitionArc xlink:type="arc" xlink:arcrole="http://xbrl.org/int/dim/arcrole/domain-member" xlink:from="loc_s2c_x0" xlink:to="loc_s2c_kr" order="86" />
    <link:loc xlink:type="locator" xlink:href="mem.xsd#s2c_ks" xlink:label="loc_s2c_ks" />
    <link:definitionArc xlink:type="arc" xlink:arcrole="http://xbrl.org/int/dim/arcrole/domain-member" xlink:from="loc_s2c_x0" xlink:to="loc_s2c_ks" order="87" />
    <link:loc xlink:type="locator" xlink:href="mem.xsd#s2c_ku" xlink:label="loc_s2c_ku" />
    <link:definitionArc xlink:type="arc" xlink:arcrole="http://xbrl.org/int/dim/arcrole/domain-member" xlink:from="loc_s2c_x0" xlink:to="loc_s2c_ku" order="88" />
    <link:loc xlink:type="locator" xlink:href="mem.xsd#s2c_kv" xlink:label="loc_s2c_kv" />
    <link:definitionArc xlink:type="arc" xlink:arcrole="http://xbrl.org/int/dim/arcrole/domain-member" xlink:from="loc_s2c_x0" xlink:to="loc_s2c_kv" order="89" />
    <link:loc xlink:type="locator" xlink:href="mem.xsd#s2c_kw" xlink:label="loc_s2c_kw" />
    <link:definitionArc xlink:type="arc" xlink:arcrole="http://xbrl.org/int/dim/arcrole/domain-member" xlink:from="loc_s2c_x0" xlink:to="loc_s2c_kw" order="90" />
    <link:loc xlink:type="locator" xlink:href="mem.xsd#s2c_ky" xlink:label="loc_s2c_ky" />
    <link:definitionArc xlink:type="arc" xlink:arcrole="http://xbrl.org/int/dim/arcrole/domain-member" xlink:from="loc_s2c_x0" xlink:to="loc_s2c_ky" order="91" />
    <link:loc xlink:type="locator" xlink:href="mem.xsd#s2c_lb" xlink:label="loc_s2c_lb" />
    <link:definitionArc xlink:type="arc" xlink:arcrole="http://xbrl.org/int/dim/arcrole/domain-member" xlink:from="loc_s2c_x0" xlink:to="loc_s2c_lb" order="92" />
    <link:loc xlink:type="locator" xlink:href="mem.xsd#s2c_lg" xlink:label="loc_s2c_lg" />
    <link:definitionArc xlink:type="arc" xlink:arcrole="http://xbrl.org/int/dim/arcrole/domain-member" xlink:from="loc_s2c_x0" xlink:to="loc_s2c_lg" order="93" />
    <link:loc xlink:type="locator" xlink:href="mem.xsd#s2c_li" xlink:label="loc_s2c_li" />
    <link:definitionArc xlink:type="arc" xlink:arcrole="http://xbrl.org/int/dim/arcrole/domain-member" xlink:from="loc_s2c_x0" xlink:to="loc_s2c_li" order="94" />
    <link:loc xlink:type="locator" xlink:href="mem.xsd#s2c_ln" xlink:label="loc_s2c_ln" />
    <link:definitionArc xlink:type="arc" xlink:arcrole="http://xbrl.org/int/dim/arcrole/domain-member" xlink:from="loc_s2c_x0" xlink:to="loc_s2c_ln" order="95" />
    <link:loc xlink:type="locator" xlink:href="mem.xsd#s2c_lo" xlink:label="loc_s2c_lo" />
    <link:definitionArc xlink:type="arc" xlink:arcrole="http://xbrl.org/int/dim/arcrole/domain-member" xlink:from="loc_s2c_x0" xlink:to="loc_s2c_lo" order="96" />
    <link:loc xlink:type="locator" xlink:href="mem.xsd#s2c_lt" xlink:label="loc_s2c_lt" />
    <link:definitionArc xlink:type="arc" xlink:arcrole="http://xbrl.org/int/dim/arcrole/domain-member" xlink:from="loc_s2c_x0" xlink:to="loc_s2c_lt" order="97" />
    <link:loc xlink:type="locator" xlink:href="mem.xsd#s2c_lu" xlink:label="loc_s2c_lu" />
    <link:definitionArc xlink:type="arc" xlink:arcrole="http://xbrl.org/int/dim/arcrole/domain-member" xlink:from="loc_s2c_x0" xlink:to="loc_s2c_lu" order="98" />
    <link:loc xlink:type="locator" xlink:href="mem.xsd#s2c_lv" xlink:label="loc_s2c_lv" />
    <link:definitionArc xlink:type="arc" xlink:arcrole="http://xbrl.org/int/dim/arcrole/domain-member" xlink:from="loc_s2c_x0" xlink:to="loc_s2c_lv" order="99" />
    <link:loc xlink:type="locator" xlink:href="mem.xsd#s2c_mg" xlink:label="loc_s2c_mg" />
    <link:definitionArc xlink:type="arc" xlink:arcrole="http://xbrl.org/int/dim/arcrole/domain-member" xlink:from="loc_s2c_x0" xlink:to="loc_s2c_mg" order="100" />
    <link:loc xlink:type="locator" xlink:href="mem.xsd#s2c_mh" xlink:label="loc_s2c_mh" />
    <link:definitionArc xlink:type="arc" xlink:arcrole="http://xbrl.org/int/dim/arcrole/domain-member" xlink:from="loc_s2c_x0" xlink:to="loc_s2c_mh" order="101" />
    <link:loc xlink:type="locator" xlink:href="mem.xsd#s2c_mi" xlink:label="loc_s2c_mi" />
    <link:definitionArc xlink:type="arc" xlink:arcrole="http://xbrl.org/int/dim/arcrole/domain-member" xlink:from="loc_s2c_x0" xlink:to="loc_s2c_mi" order="102" />
    <link:loc xlink:type="locator" xlink:href="mem.xsd#s2c_mk" xlink:label="loc_s2c_mk" />
    <link:definitionArc xlink:type="arc" xlink:arcrole="http://xbrl.org/int/dim/arcrole/domain-member" xlink:from="loc_s2c_x0" xlink:to="loc_s2c_mk" order="103" />
    <link:loc xlink:type="locator" xlink:href="mem.xsd#s2c_ml" xlink:label="loc_s2c_ml" />
    <link:definitionArc xlink:type="arc" xlink:arcrole="http://xbrl.org/int/dim/arcrole/domain-member" xlink:from="loc_s2c_x0" xlink:to="loc_s2c_ml" order="104" />
    <link:loc xlink:type="locator" xlink:href="mem.xsd#s2c_mn" xlink:label="loc_s2c_mn" />
    <link:definitionArc xlink:type="arc" xlink:arcrole="http://xbrl.org/int/dim/arcrole/domain-member" xlink:from="loc_s2c_x0" xlink:to="loc_s2c_mn" order="105" />
    <link:loc xlink:type="locator" xlink:href="mem.xsd#s2c_mr" xlink:label="loc_s2c_mr" />
    <link:definitionArc xlink:type="arc" xlink:arcrole="http://xbrl.org/int/dim/arcrole/domain-member" xlink:from="loc_s2c_x0" xlink:to="loc_s2c_mr" order="106" />
    <link:loc xlink:type="locator" xlink:href="mem.xsd#s2c_ms" xlink:label="loc_s2c_ms" />
    <link:definitionArc xlink:type="arc" xlink:arcrole="http://xbrl.org/int/dim/arcrole/domain-member" xlink:from="loc_s2c_x0" xlink:to="loc_s2c_ms" order="107" />
    <link:loc xlink:type="locator" xlink:href="mem.xsd#s2c_mt" xlink:label="loc_s2c_mt" />
    <link:definitionArc xlink:type="arc" xlink:arcrole="http://xbrl.org/int/dim/arcrole/domain-member" xlink:from="loc_s2c_x0" xlink:to="loc_s2c_mt" order="108" />
    <link:loc xlink:type="locator" xlink:href="mem.xsd#s2c_my" xlink:label="loc_s2c_my" />
    <link:definitionArc xlink:type="arc" xlink:arcrole="http://xbrl.org/int/dim/arcrole/domain-member" xlink:from="loc_s2c_x0" xlink:to="loc_s2c_my" order="109" />
    <link:loc xlink:type="locator" xlink:href="mem.xsd#s2c_na" xlink:label="loc_s2c_na" />
    <link:definitionArc xlink:type="arc" xlink:arcrole="http://xbrl.org/int/dim/arcrole/domain-member" xlink:from="loc_s2c_x0" xlink:to="loc_s2c_na" order="110" />
    <link:loc xlink:type="locator" xlink:href="mem.xsd#s2c_nb" xlink:label="loc_s2c_nb" />
    <link:definitionArc xlink:type="arc" xlink:arcrole="http://xbrl.org/int/dim/arcrole/domain-member" xlink:from="loc_s2c_x0" xlink:to="loc_s2c_nb" order="111" />
    <link:loc xlink:type="locator" xlink:href="mem.xsd#s2c_nd" xlink:label="loc_s2c_nd" />
    <link:definitionArc xlink:type="arc" xlink:arcrole="http://xbrl.org/int/dim/arcrole/domain-member" xlink:from="loc_s2c_x0" xlink:to="loc_s2c_nd" order="112" />
    <link:loc xlink:type="locator" xlink:href="mem.xsd#s2c_ne" xlink:label="loc_s2c_ne" />
    <link:definitionArc xlink:type="arc" xlink:arcrole="http://xbrl.org/int/dim/arcrole/domain-member" xlink:from="loc_s2c_x0" xlink:to="loc_s2c_ne" order="113" />
    <link:loc xlink:type="locator" xlink:href="mem.xsd#s2c_ng" xlink:label="loc_s2c_ng" />
    <link:definitionArc xlink:type="arc" xlink:arcrole="http://xbrl.org/int/dim/arcrole/domain-member" xlink:from="loc_s2c_x0" xlink:to="loc_s2c_ng" order="114" />
    <link:loc xlink:type="locator" xlink:href="mem.xsd#s2c_nl" xlink:label="loc_s2c_nl" />
    <link:definitionArc xlink:type="arc" xlink:arcrole="http://xbrl.org/int/dim/arcrole/domain-member" xlink:from="loc_s2c_x0" xlink:to="loc_s2c_nl" order="115" />
    <link:loc xlink:type="locator" xlink:href="mem.xsd#s2c_nn" xlink:label="loc_s2c_nn" />
    <link:definitionArc xlink:type="arc" xlink:arcrole="http://xbrl.org/int/dim/arcrole/domain-member" xlink:from="loc_s2c_x0" xlink:to="loc_s2c_nn" order="116" />
    <link:loc xlink:type="locator" xlink:href="mem.xsd#s2c_no" xlink:label="loc_s2c_no" />
    <link:definitionArc xlink:type="arc" xlink:arcrole="http://xbrl.org/int/dim/arcrole/domain-member" xlink:from="loc_s2c_x0" xlink:to="loc_s2c_no" order="117" />
    <link:loc xlink:type="locator" xlink:href="mem.xsd#s2c_nr" xlink:label="loc_s2c_nr" />
    <link:definitionArc xlink:type="arc" xlink:arcrole="http://xbrl.org/int/dim/arcrole/domain-member" xlink:from="loc_s2c_x0" xlink:to="loc_s2c_nr" order="118" />
    <link:loc xlink:type="locator" xlink:href="mem.xsd#s2c_nv" xlink:label="loc_s2c_nv" />
    <link:definitionArc xlink:type="arc" xlink:arcrole="http://xbrl.org/int/dim/arcrole/domain-member" xlink:from="loc_s2c_x0" xlink:to="loc_s2c_nv" order="119" />
    <link:loc xlink:type="locator" xlink:href="mem.xsd#s2c_ny" xlink:label="loc_s2c_ny" />
    <link:definitionArc xlink:type="arc" xlink:arcrole="http://xbrl.org/int/dim/arcrole/domain-member" xlink:from="loc_s2c_x0" xlink:to="loc_s2c_ny" order="120" />
    <link:loc xlink:type="locator" xlink:href="mem.xsd#s2c_oc" xlink:label="loc_s2c_oc" />
    <link:definitionArc xlink:type="arc" xlink:arcrole="http://xbrl.org/int/dim/arcrole/domain-member" xlink:from="loc_s2c_x0" xlink:to="loc_s2c_oc" order="121" />
    <link:loc xlink:type="locator" xlink:href="mem.xsd#s2c_oj" xlink:label="loc_s2c_oj" />
    <link:definitionArc xlink:type="arc" xlink:arcrole="http://xbrl.org/int/dim/arcrole/domain-member" xlink:from="loc_s2c_x0" xlink:to="loc_s2c_oj" order="122" />
    <link:loc xlink:type="locator" xlink:href="mem.xsd#s2c_om" xlink:label="loc_s2c_om" />
    <link:definitionArc xlink:type="arc" xlink:arcrole="http://xbrl.org/int/dim/arcrole/domain-member" xlink:from="loc_s2c_x0" xlink:to="loc_s2c_om" order="123" />
    <link:loc xlink:type="locator" xlink:href="mem.xsd#s2c_or" xlink:label="loc_s2c_or" />
    <link:definitionArc xlink:type="arc" xlink:arcrole="http://xbrl.org/int/dim/arcrole/domain-member" xlink:from="loc_s2c_x0" xlink:to="loc_s2c_or" order="124" />
    <link:loc xlink:type="locator" xlink:href="mem.xsd#s2c_os" xlink:label="loc_s2c_os" />
    <link:definitionArc xlink:type="arc" xlink:arcrole="http://xbrl.org/int/dim/arcrole/domain-member" xlink:from="loc_s2c_x0" xlink:to="loc_s2c_os" order="125" />
    <link:loc xlink:type="locator" xlink:href="mem.xsd#s2c_pa" xlink:label="loc_s2c_pa" />
    <link:definitionArc xlink:type="arc" xlink:arcrole="http://xbrl.org/int/dim/arcrole/domain-member" xlink:from="loc_s2c_x0" xlink:to="loc_s2c_pa" order="126" />
    <link:loc xlink:type="locator" xlink:href="mem.xsd#s2c_pi" xlink:label="loc_s2c_pi" />
    <link:definitionArc xlink:type="arc" xlink:arcrole="http://xbrl.org/int/dim/arcrole/domain-member" xlink:from="loc_s2c_x0" xlink:to="loc_s2c_pi" order="127" />
    <link:loc xlink:type="locator" xlink:href="mem.xsd#s2c_pl" xlink:label="loc_s2c_pl" />
    <link:definitionArc xlink:type="arc" xlink:arcrole="http://xbrl.org/int/dim/arcrole/domain-member" xlink:from="loc_s2c_x0" xlink:to="loc_s2c_pl" order="128" />
    <link:loc xlink:type="locator" xlink:href="mem.xsd#s2c_ps" xlink:label="loc_s2c_ps" />
    <link:definitionArc xlink:type="arc" xlink:arcrole="http://xbrl.org/int/dim/arcrole/domain-member" xlink:from="loc_s2c_x0" xlink:to="loc_s2c_ps" order="129" />
    <link:loc xlink:type="locator" xlink:href="mem.xsd#s2c_pt" xlink:label="loc_s2c_pt" />
    <link:definitionArc xlink:type="arc" xlink:arcrole="http://xbrl.org/int/dim/arcrole/domain-member" xlink:from="loc_s2c_x0" xlink:to="loc_s2c_pt" order="130" />
    <link:loc xlink:type="locator" xlink:href="mem.xsd#s2c_qu" xlink:label="loc_s2c_qu" />
    <link:definitionArc xlink:type="arc" xlink:arcrole="http://xbrl.org/int/dim/arcrole/domain-member" xlink:from="loc_s2c_x0" xlink:to="loc_s2c_qu" order="131" />
    <link:loc xlink:type="locator" xlink:href="mem.xsd#s2c_rm" xlink:label="loc_s2c_rm" />
    <link:definitionArc xlink:type="arc" xlink:arcrole="http://xbrl.org/int/dim/arcrole/domain-member" xlink:from="loc_s2c_x0" xlink:to="loc_s2c_rm" order="132" />
    <link:loc xlink:type="locator" xlink:href="mem.xsd#s2c_rn" xlink:label="loc_s2c_rn" />
    <link:definitionArc xlink:type="arc" xlink:arcrole="http://xbrl.org/int/dim/arcrole/domain-member" xlink:from="loc_s2c_x0" xlink:to="loc_s2c_rn" order="133" />
    <link:loc xlink:type="locator" xlink:href="mem.xsd#s2c_ro" xlink:label="loc_s2c_ro" />
    <link:definitionArc xlink:type="arc" xlink:arcrole="http://xbrl.org/int/dim/arcrole/domain-member" xlink:from="loc_s2c_x0" xlink:to="loc_s2c_ro" order="134" />
    <link:loc xlink:type="locator" xlink:href="mem.xsd#s2c_ru" xlink:label="loc_s2c_ru" />
    <link:definitionArc xlink:type="arc" xlink:arcrole="http://xbrl.org/int/dim/arcrole/domain-member" xlink:from="loc_s2c_x0" xlink:to="loc_s2c_ru" order="135" />
    <link:loc xlink:type="locator" xlink:href="mem.xsd#s2c_rw" xlink:label="loc_s2c_rw" />
    <link:definitionArc xlink:type="arc" xlink:arcrole="http://xbrl.org/int/dim/arcrole/domain-member" xlink:from="loc_s2c_x0" xlink:to="loc_s2c_rw" order="136" />
    <link:loc xlink:type="locator" xlink:href="mem.xsd#s2c_sc" xlink:label="loc_s2c_sc" />
    <link:definitionArc xlink:type="arc" xlink:arcrole="http://xbrl.org/int/dim/arcrole/domain-member" xlink:from="loc_s2c_x0" xlink:to="loc_s2c_sc" order="137" />
    <link:loc xlink:type="locator" xlink:href="mem.xsd#s2c_sd" xlink:label="loc_s2c_sd" />
    <link:definitionArc xlink:type="arc" xlink:arcrole="http://xbrl.org/int/dim/arcrole/domain-member" xlink:from="loc_s2c_x0" xlink:to="loc_s2c_sd" order="138" />
    <link:loc xlink:type="locator" xlink:href="mem.xsd#s2c_se" xlink:label="loc_s2c_se" />
    <link:definitionArc xlink:type="arc" xlink:arcrole="http://xbrl.org/int/dim/arcrole/domain-member" xlink:from="loc_s2c_x0" xlink:to="loc_s2c_se" order="139" />
    <link:loc xlink:type="locator" xlink:href="mem.xsd#s2c_sg" xlink:label="loc_s2c_sg" />
    <link:definitionArc xlink:type="arc" xlink:arcrole="http://xbrl.org/int/dim/arcrole/domain-member" xlink:from="loc_s2c_x0" xlink:to="loc_s2c_sg" order="140" />
    <link:loc xlink:type="locator" xlink:href="mem.xsd#s2c_sh" xlink:label="loc_s2c_sh" />
    <link:definitionArc xlink:type="arc" xlink:arcrole="http://xbrl.org/int/dim/arcrole/domain-member" xlink:from="loc_s2c_x0" xlink:to="loc_s2c_sh" order="141" />
    <link:loc xlink:type="locator" xlink:href="mem.xsd#s2c_si" xlink:label="loc_s2c_si" />
    <link:definitionArc xlink:type="arc" xlink:arcrole="http://xbrl.org/int/dim/arcrole/domain-member" xlink:from="loc_s2c_x0" xlink:to="loc_s2c_si" order="142" />
    <link:loc xlink:type="locator" xlink:href="mem.xsd#s2c_sk" xlink:label="loc_s2c_sk" />
    <link:definitionArc xlink:type="arc" xlink:arcrole="http://xbrl.org/int/dim/arcrole/domain-member" xlink:from="loc_s2c_x0" xlink:to="loc_s2c_sk" order="143" />
    <link:loc xlink:type="locator" xlink:href="mem.xsd#s2c_sl" xlink:label="loc_s2c_sl" />
    <link:definitionArc xlink:type="arc" xlink:arcrole="http://xbrl.org/int/dim/arcrole/domain-member" xlink:from="loc_s2c_x0" xlink:to="loc_s2c_sl" order="144" />
    <link:loc xlink:type="locator" xlink:href="mem.xsd#s2c_sm" xlink:label="loc_s2c_sm" />
    <link:definitionArc xlink:type="arc" xlink:arcrole="http://xbrl.org/int/dim/arcrole/domain-member" xlink:from="loc_s2c_x0" xlink:to="loc_s2c_sm" order="145" />
    <link:loc xlink:type="locator" xlink:href="mem.xsd#s2c_sn" xlink:label="loc_s2c_sn" />
    <link:definitionArc xlink:type="arc" xlink:arcrole="http://xbrl.org/int/dim/arcrole/domain-member" xlink:from="loc_s2c_x0" xlink:to="loc_s2c_sn" order="146" />
    <link:loc xlink:type="locator" xlink:href="mem.xsd#s2c_so" xlink:label="loc_s2c_so" />
    <link:definitionArc xlink:type="arc" xlink:arcrole="http://xbrl.org/int/dim/arcrole/domain-member" xlink:from="loc_s2c_x0" xlink:to="loc_s2c_so" order="147" />
    <link:loc xlink:type="locator" xlink:href="mem.xsd#s2c_sq" xlink:label="loc_s2c_sq" />
    <link:definitionArc xlink:type="arc" xlink:arcrole="http://xbrl.org/int/dim/arcrole/domain-member" xlink:from="loc_s2c_x0" xlink:to="loc_s2c_sq" order="148" />
    <link:loc xlink:type="locator" xlink:href="mem.xsd#s2c_sr" xlink:label="loc_s2c_sr" />
    <link:definitionArc xlink:type="arc" xlink:arcrole="http://xbrl.org/int/dim/arcrole/domain-member" xlink:from="loc_s2c_x0" xlink:to="loc_s2c_sr" order="149" />
    <link:loc xlink:type="locator" xlink:href="mem.xsd#s2c_ss" xlink:label="loc_s2c_ss" />
    <link:definitionArc xlink:type="arc" xlink:arcrole="http://xbrl.org/int/dim/arcrole/domain-member" xlink:from="loc_s2c_x0" xlink:to="loc_s2c_ss" order="150" />
    <link:loc xlink:type="locator" xlink:href="mem.xsd#s2c_st" xlink:label="loc_s2c_st" />
    <link:definitionArc xlink:type="arc" xlink:arcrole="http://xbrl.org/int/dim/arcrole/domain-member" xlink:from="loc_s2c_x0" xlink:to="loc_s2c_st" order="151" />
    <link:loc xlink:type="locator" xlink:href="mem.xsd#s2c_su" xlink:label="loc_s2c_su" />
    <link:definitionArc xlink:type="arc" xlink:arcrole="http://xbrl.org/int/dim/arcrole/domain-member" xlink:from="loc_s2c_x0" xlink:to="loc_s2c_su" order="152" />
    <link:loc xlink:type="locator" xlink:href="mem.xsd#s2c_sv" xlink:label="loc_s2c_sv" />
    <link:definitionArc xlink:type="arc" xlink:arcrole="http://xbrl.org/int/dim/arcrole/domain-member" xlink:from="loc_s2c_x0" xlink:to="loc_s2c_sv" order="153" />
    <link:loc xlink:type="locator" xlink:href="mem.xsd#s2c_sw" xlink:label="loc_s2c_sw" />
    <link:definitionArc xlink:type="arc" xlink:arcrole="http://xbrl.org/int/dim/arcrole/domain-member" xlink:from="loc_s2c_x0" xlink:to="loc_s2c_sw" order="154" />
    <link:loc xlink:type="locator" xlink:href="mem.xsd#s2c_ta" xlink:label="loc_s2c_ta" />
    <link:definitionArc xlink:type="arc" xlink:arcrole="http://xbrl.org/int/dim/arcrole/domain-member" xlink:from="loc_s2c_x0" xlink:to="loc_s2c_ta" order="155" />
    <link:loc xlink:type="locator" xlink:href="mem.xsd#s2c_te" xlink:label="loc_s2c_te" />
    <link:definitionArc xlink:type="arc" xlink:arcrole="http://xbrl.org/int/dim/arcrole/domain-member" xlink:from="loc_s2c_x0" xlink:to="loc_s2c_te" order="156" />
    <link:loc xlink:type="locator" xlink:href="mem.xsd#s2c_tg" xlink:label="loc_s2c_tg" />
    <link:definitionArc xlink:type="arc" xlink:arcrole="http://xbrl.org/int/dim/arcrole/domain-member" xlink:from="loc_s2c_x0" xlink:to="loc_s2c_tg" order="157" />
    <link:loc xlink:type="locator" xlink:href="mem.xsd#s2c_th" xlink:label="loc_s2c_th" />
    <link:definitionArc xlink:type="arc" xlink:arcrole="http://xbrl.org/int/dim/arcrole/domain-member" xlink:from="loc_s2c_x0" xlink:to="loc_s2c_th" order="158" />
    <link:loc xlink:type="locator" xlink:href="mem.xsd#s2c_ti" xlink:label="loc_s2c_ti" />
    <link:definitionArc xlink:type="arc" xlink:arcrole="http://xbrl.org/int/dim/arcrole/domain-member" xlink:from="loc_s2c_x0" xlink:to="loc_s2c_ti" order="159" />
    <link:loc xlink:type="locator" xlink:href="mem.xsd#s2c_tk" xlink:label="loc_s2c_tk" />
    <link:definitionArc xlink:type="arc" xlink:arcrole="http://xbrl.org/int/dim/arcrole/domain-member" xlink:from="loc_s2c_x0" xlink:to="loc_s2c_tk" order="160" />
    <link:loc xlink:type="locator" xlink:href="mem.xsd#s2c_tl" xlink:label="loc_s2c_tl" />
    <link:definitionArc xlink:type="arc" xlink:arcrole="http://xbrl.org/int/dim/arcrole/domain-member" xlink:from="loc_s2c_x0" xlink:to="loc_s2c_tl" order="161" />
    <link:loc xlink:type="locator" xlink:href="mem.xsd#s2c_tn" xlink:label="loc_s2c_tn" />
    <link:definitionArc xlink:type="arc" xlink:arcrole="http://xbrl.org/int/dim/arcrole/domain-member" xlink:from="loc_s2c_x0" xlink:to="loc_s2c_tn" order="162" />
    <link:loc xlink:type="locator" xlink:href="mem.xsd#s2c_to" xlink:label="loc_s2c_to" />
    <link:definitionArc xlink:type="arc" xlink:arcrole="http://xbrl.org/int/dim/arcrole/domain-member" xlink:from="loc_s2c_x0" xlink:to="loc_s2c_to" order="163" />
    <link:loc xlink:type="locator" xlink:href="mem.xsd#s2c_tr" xlink:label="loc_s2c_tr" />
    <link:definitionArc xlink:type="arc" xlink:arcrole="http://xbrl.org/int/dim/arcrole/domain-member" xlink:from="loc_s2c_x0" xlink:to="loc_s2c_tr" order="164" />
    <link:loc xlink:type="locator" xlink:href="mem.xsd#s2c_ts" xlink:label="loc_s2c_ts" />
    <link:definitionArc xlink:type="arc" xlink:arcrole="http://xbrl.org/int/dim/arcrole/domain-member" xlink:from="loc_s2c_x0" xlink:to="loc_s2c_ts" order="165" />
    <link:loc xlink:type="locator" xlink:href="mem.xsd#s2c_tt" xlink:label="loc_s2c_tt" />
    <link:definitionArc xlink:type="arc" xlink:arcrole="http://xbrl.org/int/dim/arcrole/domain-member" xlink:from="loc_s2c_x0" xlink:to="loc_s2c_tt" order="166" />
    <link:loc xlink:type="locator" xlink:href="mem.xsd#s2c_tw" xlink:label="loc_s2c_tw" />
    <link:definitionArc xlink:type="arc" xlink:arcrole="http://xbrl.org/int/dim/arcrole/domain-member" xlink:from="loc_s2c_x0" xlink:to="loc_s2c_tw" order="167" />
    <link:loc xlink:type="locator" xlink:href="mem.xsd#s2c_ty" xlink:label="loc_s2c_ty" />
    <link:definitionArc xlink:type="arc" xlink:arcrole="http://xbrl.org/int/dim/arcrole/domain-member" xlink:from="loc_s2c_x0" xlink:to="loc_s2c_ty" order="168" />
    <link:loc xlink:type="locator" xlink:href="mem.xsd#s2c_ug" xlink:label="loc_s2c_ug" />
    <link:definitionArc xlink:type="arc" xlink:arcrole="http://xbrl.org/int/dim/arcrole/domain-member" xlink:from="loc_s2c_x0" xlink:to="loc_s2c_ug" order="169" />
    <link:loc xlink:type="locator" xlink:href="mem.xsd#s2c_uk" xlink:label="loc_s2c_uk" />
    <link:definitionArc xlink:type="arc" xlink:arcrole="http://xbrl.org/int/dim/arcrole/domain-member" xlink:from="loc_s2c_x0" xlink:to="loc_s2c_uk" order="170" />
    <link:loc xlink:type="locator" xlink:href="mem.xsd#s2c_ur" xlink:label="loc_s2c_ur" />
    <link:definitionArc xlink:type="arc" xlink:arcrole="http://xbrl.org/int/dim/arcrole/domain-member" xlink:from="loc_s2c_x0" xlink:to="loc_s2c_ur" order="171" />
    <link:loc xlink:type="locator" xlink:href="mem.xsd#s2c_uz" xlink:label="loc_s2c_uz" />
    <link:definitionArc xlink:type="arc" xlink:arcrole="http://xbrl.org/int/dim/arcrole/domain-member" xlink:from="loc_s2c_x0" xlink:to="loc_s2c_uz" order="172" />
    <link:loc xlink:type="locator" xlink:href="mem.xsd#s2c_ve" xlink:label="loc_s2c_ve" />
    <link:definitionArc xlink:type="arc" xlink:arcrole="http://xbrl.org/int/dim/arcrole/domain-member" xlink:from="loc_s2c_x0" xlink:to="loc_s2c_ve" order="173" />
    <link:loc xlink:type="locator" xlink:href="mem.xsd#s2c_vi" xlink:label="loc_s2c_vi" />
    <link:definitionArc xlink:type="arc" xlink:arcrole="http://xbrl.org/int/dim/arcrole/domain-member" xlink:from="loc_s2c_x0" xlink:to="loc_s2c_vi" order="174" />
    <link:loc xlink:type="locator" xlink:href="mem.xsd#s2c_vo" xlink:label="loc_s2c_vo" />
    <link:definitionArc xlink:type="arc" xlink:arcrole="http://xbrl.org/int/dim/arcrole/domain-member" xlink:from="loc_s2c_x0" xlink:to="loc_s2c_vo" order="175" />
    <link:loc xlink:type="locator" xlink:href="mem.xsd#s2c_wa" xlink:label="loc_s2c_wa" />
    <link:definitionArc xlink:type="arc" xlink:arcrole="http://xbrl.org/int/dim/arcrole/domain-member" xlink:from="loc_s2c_x0" xlink:to="loc_s2c_wa" order="176" />
    <link:loc xlink:type="locator" xlink:href="mem.xsd#s2c_wo" xlink:label="loc_s2c_wo" />
    <link:definitionArc xlink:type="arc" xlink:arcrole="http://xbrl.org/int/dim/arcrole/domain-member" xlink:from="loc_s2c_x0" xlink:to="loc_s2c_wo" order="177" />
    <link:loc xlink:type="locator" xlink:href="mem.xsd#s2c_xh" xlink:label="loc_s2c_xh" />
    <link:definitionArc xlink:type="arc" xlink:arcrole="http://xbrl.org/int/dim/arcrole/domain-member" xlink:from="loc_s2c_x0" xlink:to="loc_s2c_xh" order="178" />
    <link:loc xlink:type="locator" xlink:href="mem.xsd#s2c_yi" xlink:label="loc_s2c_yi" />
    <link:definitionArc xlink:type="arc" xlink:arcrole="http://xbrl.org/int/dim/arcrole/domain-member" xlink:from="loc_s2c_x0" xlink:to="loc_s2c_yi" order="179" />
    <link:loc xlink:type="locator" xlink:href="mem.xsd#s2c_yo" xlink:label="loc_s2c_yo" />
    <link:definitionArc xlink:type="arc" xlink:arcrole="http://xbrl.org/int/dim/arcrole/domain-member" xlink:from="loc_s2c_x0" xlink:to="loc_s2c_yo" order="180" />
    <link:loc xlink:type="locator" xlink:href="mem.xsd#s2c_za" xlink:label="loc_s2c_za" />
    <link:definitionArc xlink:type="arc" xlink:arcrole="http://xbrl.org/int/dim/arcrole/domain-member" xlink:from="loc_s2c_x0" xlink:to="loc_s2c_za" order="181" />
    <link:loc xlink:type="locator" xlink:href="mem.xsd#s2c_zg" xlink:label="loc_s2c_zg" />
    <link:definitionArc xlink:type="arc" xlink:arcrole="http://xbrl.org/int/dim/arcrole/domain-member" xlink:from="loc_s2c_x0" xlink:to="loc_s2c_zg" order="182" />
    <link:loc xlink:type="locator" xlink:href="mem.xsd#s2c_zh" xlink:label="loc_s2c_zh" />
    <link:definitionArc xlink:type="arc" xlink:arcrole="http://xbrl.org/int/dim/arcrole/domain-member" xlink:from="loc_s2c_x0" xlink:to="loc_s2c_zh" order="183" />
    <link:loc xlink:type="locator" xlink:href="mem.xsd#s2c_zu" xlink:label="loc_s2c_zu" />
    <link:definitionArc xlink:type="arc" xlink:arcrole="http://xbrl.org/int/dim/arcrole/domain-member" xlink:from="loc_s2c_x0" xlink:to="loc_s2c_zu" order="184" />
  </link:definitionLink>
</link:linkbase>