<?xml version="1.0" encoding="UTF-8"?>
<!--(C) EIOPA - XBRL Taxonomy-->
<?officialURI http://eiopa.europa.eu/eu/xbrl/s2c/dict/dom/la/mem-lab-en.xml?>
<?taxonomy-version 2.4.0?>
<?taxonomy-date 2019-07-15?>
<link:linkbase xmlns:xsi="http://www.w3.org/2001/XMLSchema-instance" xmlns:xlink="http://www.w3.org/1999/xlink" xmlns:link="http://www.xbrl.org/2003/linkbase" xsi:schemaLocation="http://www.xbrl.org/2003/linkbase http://www.xbrl.org/2003/xbrl-linkbase-2003-12-31.xsd">
  <link:labelLink xlink:type="extended" xlink:role="http://www.xbrl.org/2003/role/link">
    <link:loc xlink:type="locator" xlink:href="mem.xsd#s2c_x0" xlink:label="loc_s2c_x0" />
    <link:label xlink:type="resource" xlink:label="label_s2c_x0" xml:lang="en" xlink:role="http://www.xbrl.org/2003/role/label">Total/NA</link:label>
    <link:labelArc xlink:type="arc" xlink:arcrole="http://www.xbrl.org/2003/arcrole/concept-label" xlink:from="loc_s2c_x0" xlink:to="label_s2c_x0" />
    <link:loc xlink:type="locator" xlink:href="mem.xsd#s2c_aa" xlink:label="loc_s2c_aa" />
    <link:label xlink:type="resource" xlink:label="label_s2c_aa" xml:lang="en" xlink:role="http://www.xbrl.org/2003/role/label">Afar</link:label>
    <link:labelArc xlink:type="arc" xlink:arcrole="http://www.xbrl.org/2003/arcrole/concept-label" xlink:from="loc_s2c_aa" xlink:to="label_s2c_aa" />
    <link:loc xlink:type="locator" xlink:href="mem.xsd#s2c_ab" xlink:label="loc_s2c_ab" />
    <link:label xlink:type="resource" xlink:label="label_s2c_ab" xml:lang="en" xlink:role="http://www.xbrl.org/2003/role/label">Abkhazian</link:label>
    <link:labelArc xlink:type="arc" xlink:arcrole="http://www.xbrl.org/2003/arcrole/concept-label" xlink:from="loc_s2c_ab" xlink:to="label_s2c_ab" />
    <link:loc xlink:type="locator" xlink:href="mem.xsd#s2c_ae" xlink:label="loc_s2c_ae" />
    <link:label xlink:type="resource" xlink:label="label_s2c_ae" xml:lang="en" xlink:role="http://www.xbrl.org/2003/role/label">Avestan</link:label>
    <link:labelArc xlink:type="arc" xlink:arcrole="http://www.xbrl.org/2003/arcrole/concept-label" xlink:from="loc_s2c_ae" xlink:to="label_s2c_ae" />
    <link:loc xlink:type="locator" xlink:href="mem.xsd#s2c_af" xlink:label="loc_s2c_af" />
    <link:label xlink:type="resource" xlink:label="label_s2c_af" xml:lang="en" xlink:role="http://www.xbrl.org/2003/role/label">Afrikaans</link:label>
    <link:labelArc xlink:type="arc" xlink:arcrole="http://www.xbrl.org/2003/arcrole/concept-label" xlink:from="loc_s2c_af" xlink:to="label_s2c_af" />
    <link:loc xlink:type="locator" xlink:href="mem.xsd#s2c_ak" xlink:label="loc_s2c_ak" />
    <link:label xlink:type="resource" xlink:label="label_s2c_ak" xml:lang="en" xlink:role="http://www.xbrl.org/2003/role/label">Akan</link:label>
    <link:labelArc xlink:type="arc" xlink:arcrole="http://www.xbrl.org/2003/arcrole/concept-label" xlink:from="loc_s2c_ak" xlink:to="label_s2c_ak" />
    <link:loc xlink:type="locator" xlink:href="mem.xsd#s2c_am" xlink:label="loc_s2c_am" />
    <link:label xlink:type="resource" xlink:label="label_s2c_am" xml:lang="en" xlink:role="http://www.xbrl.org/2003/role/label">Amharic</link:label>
    <link:labelArc xlink:type="arc" xlink:arcrole="http://www.xbrl.org/2003/arcrole/concept-label" xlink:from="loc_s2c_am" xlink:to="label_s2c_am" />
    <link:loc xlink:type="locator" xlink:href="mem.xsd#s2c_an" xlink:label="loc_s2c_an" />
    <link:label xlink:type="resource" xlink:label="label_s2c_an" xml:lang="en" xlink:role="http://www.xbrl.org/2003/role/label">Aragonese</link:label>
    <link:labelArc xlink:type="arc" xlink:arcrole="http://www.xbrl.org/2003/arcrole/concept-label" xlink:from="loc_s2c_an" xlink:to="label_s2c_an" />
    <link:loc xlink:type="locator" xlink:href="mem.xsd#s2c_ar" xlink:label="loc_s2c_ar" />
    <link:label xlink:type="resource" xlink:label="label_s2c_ar" xml:lang="en" xlink:role="http://www.xbrl.org/2003/role/label">Arabic</link:label>
    <link:labelArc xlink:type="arc" xlink:arcrole="http://www.xbrl.org/2003/arcrole/concept-label" xlink:from="loc_s2c_ar" xlink:to="label_s2c_ar" />
    <link:loc xlink:type="locator" xlink:href="mem.xsd#s2c_as" xlink:label="loc_s2c_as" />
    <link:label xlink:type="resource" xlink:label="label_s2c_as" xml:lang="en" xlink:role="http://www.xbrl.org/2003/role/label">Assamese</link:label>
    <link:labelArc xlink:type="arc" xlink:arcrole="http://www.xbrl.org/2003/arcrole/concept-label" xlink:from="loc_s2c_as" xlink:to="label_s2c_as" />
    <link:loc xlink:type="locator" xlink:href="mem.xsd#s2c_av" xlink:label="loc_s2c_av" />
    <link:label xlink:type="resource" xlink:label="label_s2c_av" xml:lang="en" xlink:role="http://www.xbrl.org/2003/role/label">Avaric</link:label>
    <link:labelArc xlink:type="arc" xlink:arcrole="http://www.xbrl.org/2003/arcrole/concept-label" xlink:from="loc_s2c_av" xlink:to="label_s2c_av" />
    <link:loc xlink:type="locator" xlink:href="mem.xsd#s2c_ay" xlink:label="loc_s2c_ay" />
    <link:label xlink:type="resource" xlink:label="label_s2c_ay" xml:lang="en" xlink:role="http://www.xbrl.org/2003/role/label">Aymara</link:label>
    <link:labelArc xlink:type="arc" xlink:arcrole="http://www.xbrl.org/2003/arcrole/concept-label" xlink:from="loc_s2c_ay" xlink:to="label_s2c_ay" />
    <link:loc xlink:type="locator" xlink:href="mem.xsd#s2c_az" xlink:label="loc_s2c_az" />
    <link:label xlink:type="resource" xlink:label="label_s2c_az" xml:lang="en" xlink:role="http://www.xbrl.org/2003/role/label">Azerbaijani</link:label>
    <link:labelArc xlink:type="arc" xlink:arcrole="http://www.xbrl.org/2003/arcrole/concept-label" xlink:from="loc_s2c_az" xlink:to="label_s2c_az" />
    <link:loc xlink:type="locator" xlink:href="mem.xsd#s2c_ba" xlink:label="loc_s2c_ba" />
    <link:label xlink:type="resource" xlink:label="label_s2c_ba" xml:lang="en" xlink:role="http://www.xbrl.org/2003/role/label">Bashkir</link:label>
    <link:labelArc xlink:type="arc" xlink:arcrole="http://www.xbrl.org/2003/arcrole/concept-label" xlink:from="loc_s2c_ba" xlink:to="label_s2c_ba" />
    <link:loc xlink:type="locator" xlink:href="mem.xsd#s2c_be" xlink:label="loc_s2c_be" />
    <link:label xlink:type="resource" xlink:label="label_s2c_be" xml:lang="en" xlink:role="http://www.xbrl.org/2003/role/label">Belarusian</link:label>
    <link:labelArc xlink:type="arc" xlink:arcrole="http://www.xbrl.org/2003/arcrole/concept-label" xlink:from="loc_s2c_be" xlink:to="label_s2c_be" />
    <link:loc xlink:type="locator" xlink:href="mem.xsd#s2c_bg" xlink:label="loc_s2c_bg" />
    <link:label xlink:type="resource" xlink:label="label_s2c_bg" xml:lang="en" xlink:role="http://www.xbrl.org/2003/role/label">Bulgarian</link:label>
    <link:labelArc xlink:type="arc" xlink:arcrole="http://www.xbrl.org/2003/arcrole/concept-label" xlink:from="loc_s2c_bg" xlink:to="label_s2c_bg" />
    <link:loc xlink:type="locator" xlink:href="mem.xsd#s2c_bh" xlink:label="loc_s2c_bh" />
    <link:label xlink:type="resource" xlink:label="label_s2c_bh" xml:lang="en" xlink:role="http://www.xbrl.org/2003/role/label">Bihari languages</link:label>
    <link:labelArc xlink:type="arc" xlink:arcrole="http://www.xbrl.org/2003/arcrole/concept-label" xlink:from="loc_s2c_bh" xlink:to="label_s2c_bh" />
    <link:loc xlink:type="locator" xlink:href="mem.xsd#s2c_bi" xlink:label="loc_s2c_bi" />
    <link:label xlink:type="resource" xlink:label="label_s2c_bi" xml:lang="en" xlink:role="http://www.xbrl.org/2003/role/label">Bislama</link:label>
    <link:labelArc xlink:type="arc" xlink:arcrole="http://www.xbrl.org/2003/arcrole/concept-label" xlink:from="loc_s2c_bi" xlink:to="label_s2c_bi" />
    <link:loc xlink:type="locator" xlink:href="mem.xsd#s2c_bm" xlink:label="loc_s2c_bm" />
    <link:label xlink:type="resource" xlink:label="label_s2c_bm" xml:lang="en" xlink:role="http://www.xbrl.org/2003/role/label">Bambara</link:label>
    <link:labelArc xlink:type="arc" xlink:arcrole="http://www.xbrl.org/2003/arcrole/concept-label" xlink:from="loc_s2c_bm" xlink:to="label_s2c_bm" />
    <link:loc xlink:type="locator" xlink:href="mem.xsd#s2c_bn" xlink:label="loc_s2c_bn" />
    <link:label xlink:type="resource" xlink:label="label_s2c_bn" xml:lang="en" xlink:role="http://www.xbrl.org/2003/role/label">Bengali</link:label>
    <link:labelArc xlink:type="arc" xlink:arcrole="http://www.xbrl.org/2003/arcrole/concept-label" xlink:from="loc_s2c_bn" xlink:to="label_s2c_bn" />
    <link:loc xlink:type="locator" xlink:href="mem.xsd#s2c_bo" xlink:label="loc_s2c_bo" />
    <link:label xlink:type="resource" xlink:label="label_s2c_bo" xml:lang="en" xlink:role="http://www.xbrl.org/2003/role/label">Tibetan</link:label>
    <link:labelArc xlink:type="arc" xlink:arcrole="http://www.xbrl.org/2003/arcrole/concept-label" xlink:from="loc_s2c_bo" xlink:to="label_s2c_bo" />
    <link:loc xlink:type="locator" xlink:href="mem.xsd#s2c_br" xlink:label="loc_s2c_br" />
    <link:label xlink:type="resource" xlink:label="label_s2c_br" xml:lang="en" xlink:role="http://www.xbrl.org/2003/role/label">Breton</link:label>
    <link:labelArc xlink:type="arc" xlink:arcrole="http://www.xbrl.org/2003/arcrole/concept-label" xlink:from="loc_s2c_br" xlink:to="label_s2c_br" />
    <link:loc xlink:type="locator" xlink:href="mem.xsd#s2c_bs" xlink:label="loc_s2c_bs" />
    <link:label xlink:type="resource" xlink:label="label_s2c_bs" xml:lang="en" xlink:role="http://www.xbrl.org/2003/role/label">Bosnian</link:label>
    <link:labelArc xlink:type="arc" xlink:arcrole="http://www.xbrl.org/2003/arcrole/concept-label" xlink:from="loc_s2c_bs" xlink:to="label_s2c_bs" />
    <link:loc xlink:type="locator" xlink:href="mem.xsd#s2c_ca" xlink:label="loc_s2c_ca" />
    <link:label xlink:type="resource" xlink:label="label_s2c_ca" xml:lang="en" xlink:role="http://www.xbrl.org/2003/role/label">Catalan</link:label>
    <link:labelArc xlink:type="arc" xlink:arcrole="http://www.xbrl.org/2003/arcrole/concept-label" xlink:from="loc_s2c_ca" xlink:to="label_s2c_ca" />
    <link:loc xlink:type="locator" xlink:href="mem.xsd#s2c_ce" xlink:label="loc_s2c_ce" />
    <link:label xlink:type="resource" xlink:label="label_s2c_ce" xml:lang="en" xlink:role="http://www.xbrl.org/2003/role/label">Chechen</link:label>
    <link:labelArc xlink:type="arc" xlink:arcrole="http://www.xbrl.org/2003/arcrole/concept-label" xlink:from="loc_s2c_ce" xlink:to="label_s2c_ce" />
    <link:loc xlink:type="locator" xlink:href="mem.xsd#s2c_ch" xlink:label="loc_s2c_ch" />
    <link:label xlink:type="resource" xlink:label="label_s2c_ch" xml:lang="en" xlink:role="http://www.xbrl.org/2003/role/label">Chamorro</link:label>
    <link:labelArc xlink:type="arc" xlink:arcrole="http://www.xbrl.org/2003/arcrole/concept-label" xlink:from="loc_s2c_ch" xlink:to="label_s2c_ch" />
    <link:loc xlink:type="locator" xlink:href="mem.xsd#s2c_co" xlink:label="loc_s2c_co" />
    <link:label xlink:type="resource" xlink:label="label_s2c_co" xml:lang="en" xlink:role="http://www.xbrl.org/2003/role/label">Corsican</link:label>
    <link:labelArc xlink:type="arc" xlink:arcrole="http://www.xbrl.org/2003/arcrole/concept-label" xlink:from="loc_s2c_co" xlink:to="label_s2c_co" />
    <link:loc xlink:type="locator" xlink:href="mem.xsd#s2c_cr" xlink:label="loc_s2c_cr" />
    <link:label xlink:type="resource" xlink:label="label_s2c_cr" xml:lang="en" xlink:role="http://www.xbrl.org/2003/role/label">Cree</link:label>
    <link:labelArc xlink:type="arc" xlink:arcrole="http://www.xbrl.org/2003/arcrole/concept-label" xlink:from="loc_s2c_cr" xlink:to="label_s2c_cr" />
    <link:loc xlink:type="locator" xlink:href="mem.xsd#s2c_cs" xlink:label="loc_s2c_cs" />
    <link:label xlink:type="resource" xlink:label="label_s2c_cs" xml:lang="en" xlink:role="http://www.xbrl.org/2003/role/label">Czech</link:label>
    <link:labelArc xlink:type="arc" xlink:arcrole="http://www.xbrl.org/2003/arcrole/concept-label" xlink:from="loc_s2c_cs" xlink:to="label_s2c_cs" />
    <link:loc xlink:type="locator" xlink:href="mem.xsd#s2c_cu" xlink:label="loc_s2c_cu" />
    <link:label xlink:type="resource" xlink:label="label_s2c_cu" xml:lang="en" xlink:role="http://www.xbrl.org/2003/role/label">Church Slavic</link:label>
    <link:labelArc xlink:type="arc" xlink:arcrole="http://www.xbrl.org/2003/arcrole/concept-label" xlink:from="loc_s2c_cu" xlink:to="label_s2c_cu" />
    <link:loc xlink:type="locator" xlink:href="mem.xsd#s2c_cv" xlink:label="loc_s2c_cv" />
    <link:label xlink:type="resource" xlink:label="label_s2c_cv" xml:lang="en" xlink:role="http://www.xbrl.org/2003/role/label">Chuvash</link:label>
    <link:labelArc xlink:type="arc" xlink:arcrole="http://www.xbrl.org/2003/arcrole/concept-label" xlink:from="loc_s2c_cv" xlink:to="label_s2c_cv" />
    <link:loc xlink:type="locator" xlink:href="mem.xsd#s2c_cy" xlink:label="loc_s2c_cy" />
    <link:label xlink:type="resource" xlink:label="label_s2c_cy" xml:lang="en" xlink:role="http://www.xbrl.org/2003/role/label">Welsh</link:label>
    <link:labelArc xlink:type="arc" xlink:arcrole="http://www.xbrl.org/2003/arcrole/concept-label" xlink:from="loc_s2c_cy" xlink:to="label_s2c_cy" />
    <link:loc xlink:type="locator" xlink:href="mem.xsd#s2c_da" xlink:label="loc_s2c_da" />
    <link:label xlink:type="resource" xlink:label="label_s2c_da" xml:lang="en" xlink:role="http://www.xbrl.org/2003/role/label">Danish</link:label>
    <link:labelArc xlink:type="arc" xlink:arcrole="http://www.xbrl.org/2003/arcrole/concept-label" xlink:from="loc_s2c_da" xlink:to="label_s2c_da" />
    <link:loc xlink:type="locator" xlink:href="mem.xsd#s2c_de" xlink:label="loc_s2c_de" />
    <link:label xlink:type="resource" xlink:label="label_s2c_de" xml:lang="en" xlink:role="http://www.xbrl.org/2003/role/label">German</link:label>
    <link:labelArc xlink:type="arc" xlink:arcrole="http://www.xbrl.org/2003/arcrole/concept-label" xlink:from="loc_s2c_de" xlink:to="label_s2c_de" />
    <link:loc xlink:type="locator" xlink:href="mem.xsd#s2c_dv" xlink:label="loc_s2c_dv" />
    <link:label xlink:type="resource" xlink:label="label_s2c_dv" xml:lang="en" xlink:role="http://www.xbrl.org/2003/role/label">Dhivehi</link:label>
    <link:labelArc xlink:type="arc" xlink:arcrole="http://www.xbrl.org/2003/arcrole/concept-label" xlink:from="loc_s2c_dv" xlink:to="label_s2c_dv" />
    <link:loc xlink:type="locator" xlink:href="mem.xsd#s2c_dz" xlink:label="loc_s2c_dz" />
    <link:label xlink:type="resource" xlink:label="label_s2c_dz" xml:lang="en" xlink:role="http://www.xbrl.org/2003/role/label">Dzongkha</link:label>
    <link:labelArc xlink:type="arc" xlink:arcrole="http://www.xbrl.org/2003/arcrole/concept-label" xlink:from="loc_s2c_dz" xlink:to="label_s2c_dz" />
    <link:loc xlink:type="locator" xlink:href="mem.xsd#s2c_ee" xlink:label="loc_s2c_ee" />
    <link:label xlink:type="resource" xlink:label="label_s2c_ee" xml:lang="en" xlink:role="http://www.xbrl.org/2003/role/label">Ewe</link:label>
    <link:labelArc xlink:type="arc" xlink:arcrole="http://www.xbrl.org/2003/arcrole/concept-label" xlink:from="loc_s2c_ee" xlink:to="label_s2c_ee" />
    <link:loc xlink:type="locator" xlink:href="mem.xsd#s2c_el" xlink:label="loc_s2c_el" />
    <link:label xlink:type="resource" xlink:label="label_s2c_el" xml:lang="en" xlink:role="http://www.xbrl.org/2003/role/label">Modern Greek (1453-)</link:label>
    <link:labelArc xlink:type="arc" xlink:arcrole="http://www.xbrl.org/2003/arcrole/concept-label" xlink:from="loc_s2c_el" xlink:to="label_s2c_el" />
    <link:loc xlink:type="locator" xlink:href="mem.xsd#s2c_en" xlink:label="loc_s2c_en" />
    <link:label xlink:type="resource" xlink:label="label_s2c_en" xml:lang="en" xlink:role="http://www.xbrl.org/2003/role/label">English</link:label>
    <link:labelArc xlink:type="arc" xlink:arcrole="http://www.xbrl.org/2003/arcrole/concept-label" xlink:from="loc_s2c_en" xlink:to="label_s2c_en" />
    <link:loc xlink:type="locator" xlink:href="mem.xsd#s2c_eo" xlink:label="loc_s2c_eo" />
    <link:label xlink:type="resource" xlink:label="label_s2c_eo" xml:lang="en" xlink:role="http://www.xbrl.org/2003/role/label">Esperanto</link:label>
    <link:labelArc xlink:type="arc" xlink:arcrole="http://www.xbrl.org/2003/arcrole/concept-label" xlink:from="loc_s2c_eo" xlink:to="label_s2c_eo" />
    <link:loc xlink:type="locator" xlink:href="mem.xsd#s2c_es" xlink:label="loc_s2c_es" />
    <link:label xlink:type="resource" xlink:label="label_s2c_es" xml:lang="en" xlink:role="http://www.xbrl.org/2003/role/label">Spanish</link:label>
    <link:labelArc xlink:type="arc" xlink:arcrole="http://www.xbrl.org/2003/arcrole/concept-label" xlink:from="loc_s2c_es" xlink:to="label_s2c_es" />
    <link:loc xlink:type="locator" xlink:href="mem.xsd#s2c_et" xlink:label="loc_s2c_et" />
    <link:label xlink:type="resource" xlink:label="label_s2c_et" xml:lang="en" xlink:role="http://www.xbrl.org/2003/role/label">Estonian</link:label>
    <link:labelArc xlink:type="arc" xlink:arcrole="http://www.xbrl.org/2003/arcrole/concept-label" xlink:from="loc_s2c_et" xlink:to="label_s2c_et" />
    <link:loc xlink:type="locator" xlink:href="mem.xsd#s2c_eu" xlink:label="loc_s2c_eu" />
    <link:label xlink:type="resource" xlink:label="label_s2c_eu" xml:lang="en" xlink:role="http://www.xbrl.org/2003/role/label">Basque</link:label>
    <link:labelArc xlink:type="arc" xlink:arcrole="http://www.xbrl.org/2003/arcrole/concept-label" xlink:from="loc_s2c_eu" xlink:to="label_s2c_eu" />
    <link:loc xlink:type="locator" xlink:href="mem.xsd#s2c_fa" xlink:label="loc_s2c_fa" />
    <link:label xlink:type="resource" xlink:label="label_s2c_fa" xml:lang="en" xlink:role="http://www.xbrl.org/2003/role/label">Persian</link:label>
    <link:labelArc xlink:type="arc" xlink:arcrole="http://www.xbrl.org/2003/arcrole/concept-label" xlink:from="loc_s2c_fa" xlink:to="label_s2c_fa" />
    <link:loc xlink:type="locator" xlink:href="mem.xsd#s2c_ff" xlink:label="loc_s2c_ff" />
    <link:label xlink:type="resource" xlink:label="label_s2c_ff" xml:lang="en" xlink:role="http://www.xbrl.org/2003/role/label">Fulah</link:label>
    <link:labelArc xlink:type="arc" xlink:arcrole="http://www.xbrl.org/2003/arcrole/concept-label" xlink:from="loc_s2c_ff" xlink:to="label_s2c_ff" />
    <link:loc xlink:type="locator" xlink:href="mem.xsd#s2c_fi" xlink:label="loc_s2c_fi" />
    <link:label xlink:type="resource" xlink:label="label_s2c_fi" xml:lang="en" xlink:role="http://www.xbrl.org/2003/role/label">Finnish</link:label>
    <link:labelArc xlink:type="arc" xlink:arcrole="http://www.xbrl.org/2003/arcrole/concept-label" xlink:from="loc_s2c_fi" xlink:to="label_s2c_fi" />
    <link:loc xlink:type="locator" xlink:href="mem.xsd#s2c_fj" xlink:label="loc_s2c_fj" />
    <link:label xlink:type="resource" xlink:label="label_s2c_fj" xml:lang="en" xlink:role="http://www.xbrl.org/2003/role/label">Fijian</link:label>
    <link:labelArc xlink:type="arc" xlink:arcrole="http://www.xbrl.org/2003/arcrole/concept-label" xlink:from="loc_s2c_fj" xlink:to="label_s2c_fj" />
    <link:loc xlink:type="locator" xlink:href="mem.xsd#s2c_fo" xlink:label="loc_s2c_fo" />
    <link:label xlink:type="resource" xlink:label="label_s2c_fo" xml:lang="en" xlink:role="http://www.xbrl.org/2003/role/label">Faroese</link:label>
    <link:labelArc xlink:type="arc" xlink:arcrole="http://www.xbrl.org/2003/arcrole/concept-label" xlink:from="loc_s2c_fo" xlink:to="label_s2c_fo" />
    <link:loc xlink:type="locator" xlink:href="mem.xsd#s2c_fr" xlink:label="loc_s2c_fr" />
    <link:label xlink:type="resource" xlink:label="label_s2c_fr" xml:lang="en" xlink:role="http://www.xbrl.org/2003/role/label">French</link:label>
    <link:labelArc xlink:type="arc" xlink:arcrole="http://www.xbrl.org/2003/arcrole/concept-label" xlink:from="loc_s2c_fr" xlink:to="label_s2c_fr" />
    <link:loc xlink:type="locator" xlink:href="mem.xsd#s2c_fy" xlink:label="loc_s2c_fy" />
    <link:label xlink:type="resource" xlink:label="label_s2c_fy" xml:lang="en" xlink:role="http://www.xbrl.org/2003/role/label">Western Frisian</link:label>
    <link:labelArc xlink:type="arc" xlink:arcrole="http://www.xbrl.org/2003/arcrole/concept-label" xlink:from="loc_s2c_fy" xlink:to="label_s2c_fy" />
    <link:loc xlink:type="locator" xlink:href="mem.xsd#s2c_ga" xlink:label="loc_s2c_ga" />
    <link:label xlink:type="resource" xlink:label="label_s2c_ga" xml:lang="en" xlink:role="http://www.xbrl.org/2003/role/label">Irish</link:label>
    <link:labelArc xlink:type="arc" xlink:arcrole="http://www.xbrl.org/2003/arcrole/concept-label" xlink:from="loc_s2c_ga" xlink:to="label_s2c_ga" />
    <link:loc xlink:type="locator" xlink:href="mem.xsd#s2c_gd" xlink:label="loc_s2c_gd" />
    <link:label xlink:type="resource" xlink:label="label_s2c_gd" xml:lang="en" xlink:role="http://www.xbrl.org/2003/role/label">Scottish Gaelic</link:label>
    <link:labelArc xlink:type="arc" xlink:arcrole="http://www.xbrl.org/2003/arcrole/concept-label" xlink:from="loc_s2c_gd" xlink:to="label_s2c_gd" />
    <link:loc xlink:type="locator" xlink:href="mem.xsd#s2c_gl" xlink:label="loc_s2c_gl" />
    <link:label xlink:type="resource" xlink:label="label_s2c_gl" xml:lang="en" xlink:role="http://www.xbrl.org/2003/role/label">Galician</link:label>
    <link:labelArc xlink:type="arc" xlink:arcrole="http://www.xbrl.org/2003/arcrole/concept-label" xlink:from="loc_s2c_gl" xlink:to="label_s2c_gl" />
    <link:loc xlink:type="locator" xlink:href="mem.xsd#s2c_gn" xlink:label="loc_s2c_gn" />
    <link:label xlink:type="resource" xlink:label="label_s2c_gn" xml:lang="en" xlink:role="http://www.xbrl.org/2003/role/label">Guarani</link:label>
    <link:labelArc xlink:type="arc" xlink:arcrole="http://www.xbrl.org/2003/arcrole/concept-label" xlink:from="loc_s2c_gn" xlink:to="label_s2c_gn" />
    <link:loc xlink:type="locator" xlink:href="mem.xsd#s2c_gu" xlink:label="loc_s2c_gu" />
    <link:label xlink:type="resource" xlink:label="label_s2c_gu" xml:lang="en" xlink:role="http://www.xbrl.org/2003/role/label">Gujarati</link:label>
    <link:labelArc xlink:type="arc" xlink:arcrole="http://www.xbrl.org/2003/arcrole/concept-label" xlink:from="loc_s2c_gu" xlink:to="label_s2c_gu" />
    <link:loc xlink:type="locator" xlink:href="mem.xsd#s2c_gv" xlink:label="loc_s2c_gv" />
    <link:label xlink:type="resource" xlink:label="label_s2c_gv" xml:lang="en" xlink:role="http://www.xbrl.org/2003/role/label">Manx</link:label>
    <link:labelArc xlink:type="arc" xlink:arcrole="http://www.xbrl.org/2003/arcrole/concept-label" xlink:from="loc_s2c_gv" xlink:to="label_s2c_gv" />
    <link:loc xlink:type="locator" xlink:href="mem.xsd#s2c_ha" xlink:label="loc_s2c_ha" />
    <link:label xlink:type="resource" xlink:label="label_s2c_ha" xml:lang="en" xlink:role="http://www.xbrl.org/2003/role/label">Hausa</link:label>
    <link:labelArc xlink:type="arc" xlink:arcrole="http://www.xbrl.org/2003/arcrole/concept-label" xlink:from="loc_s2c_ha" xlink:to="label_s2c_ha" />
    <link:loc xlink:type="locator" xlink:href="mem.xsd#s2c_he" xlink:label="loc_s2c_he" />
    <link:label xlink:type="resource" xlink:label="label_s2c_he" xml:lang="en" xlink:role="http://www.xbrl.org/2003/role/label">Hebrew</link:label>
    <link:labelArc xlink:type="arc" xlink:arcrole="http://www.xbrl.org/2003/arcrole/concept-label" xlink:from="loc_s2c_he" xlink:to="label_s2c_he" />
    <link:loc xlink:type="locator" xlink:href="mem.xsd#s2c_hi" xlink:label="loc_s2c_hi" />
    <link:label xlink:type="resource" xlink:label="label_s2c_hi" xml:lang="en" xlink:role="http://www.xbrl.org/2003/role/label">Hindi</link:label>
    <link:labelArc xlink:type="arc" xlink:arcrole="http://www.xbrl.org/2003/arcrole/concept-label" xlink:from="loc_s2c_hi" xlink:to="label_s2c_hi" />
    <link:loc xlink:type="locator" xlink:href="mem.xsd#s2c_ho" xlink:label="loc_s2c_ho" />
    <link:label xlink:type="resource" xlink:label="label_s2c_ho" xml:lang="en" xlink:role="http://www.xbrl.org/2003/role/label">Hiri Motu</link:label>
    <link:labelArc xlink:type="arc" xlink:arcrole="http://www.xbrl.org/2003/arcrole/concept-label" xlink:from="loc_s2c_ho" xlink:to="label_s2c_ho" />
    <link:loc xlink:type="locator" xlink:href="mem.xsd#s2c_hr" xlink:label="loc_s2c_hr" />
    <link:label xlink:type="resource" xlink:label="label_s2c_hr" xml:lang="en" xlink:role="http://www.xbrl.org/2003/role/label">Croatian</link:label>
    <link:labelArc xlink:type="arc" xlink:arcrole="http://www.xbrl.org/2003/arcrole/concept-label" xlink:from="loc_s2c_hr" xlink:to="label_s2c_hr" />
    <link:loc xlink:type="locator" xlink:href="mem.xsd#s2c_ht" xlink:label="loc_s2c_ht" />
    <link:label xlink:type="resource" xlink:label="label_s2c_ht" xml:lang="en" xlink:role="http://www.xbrl.org/2003/role/label">Haitian</link:label>
    <link:labelArc xlink:type="arc" xlink:arcrole="http://www.xbrl.org/2003/arcrole/concept-label" xlink:from="loc_s2c_ht" xlink:to="label_s2c_ht" />
    <link:loc xlink:type="locator" xlink:href="mem.xsd#s2c_hu" xlink:label="loc_s2c_hu" />
    <link:label xlink:type="resource" xlink:label="label_s2c_hu" xml:lang="en" xlink:role="http://www.xbrl.org/2003/role/label">Hungarian</link:label>
    <link:labelArc xlink:type="arc" xlink:arcrole="http://www.xbrl.org/2003/arcrole/concept-label" xlink:from="loc_s2c_hu" xlink:to="label_s2c_hu" />
    <link:loc xlink:type="locator" xlink:href="mem.xsd#s2c_hy" xlink:label="loc_s2c_hy" />
    <link:label xlink:type="resource" xlink:label="label_s2c_hy" xml:lang="en" xlink:role="http://www.xbrl.org/2003/role/label">Armenian</link:label>
    <link:labelArc xlink:type="arc" xlink:arcrole="http://www.xbrl.org/2003/arcrole/concept-label" xlink:from="loc_s2c_hy" xlink:to="label_s2c_hy" />
    <link:loc xlink:type="locator" xlink:href="mem.xsd#s2c_hz" xlink:label="loc_s2c_hz" />
    <link:label xlink:type="resource" xlink:label="label_s2c_hz" xml:lang="en" xlink:role="http://www.xbrl.org/2003/role/label">Herero</link:label>
    <link:labelArc xlink:type="arc" xlink:arcrole="http://www.xbrl.org/2003/arcrole/concept-label" xlink:from="loc_s2c_hz" xlink:to="label_s2c_hz" />
    <link:loc xlink:type="locator" xlink:href="mem.xsd#s2c_ia" xlink:label="loc_s2c_ia" />
    <link:label xlink:type="resource" xlink:label="label_s2c_ia" xml:lang="en" xlink:role="http://www.xbrl.org/2003/role/label">Interlingua (International Auxiliary Language Association)</link:label>
    <link:labelArc xlink:type="arc" xlink:arcrole="http://www.xbrl.org/2003/arcrole/concept-label" xlink:from="loc_s2c_ia" xlink:to="label_s2c_ia" />
    <link:loc xlink:type="locator" xlink:href="mem.xsd#s2c_id" xlink:label="loc_s2c_id" />
    <link:label xlink:type="resource" xlink:label="label_s2c_id" xml:lang="en" xlink:role="http://www.xbrl.org/2003/role/label">Indonesian</link:label>
    <link:labelArc xlink:type="arc" xlink:arcrole="http://www.xbrl.org/2003/arcrole/concept-label" xlink:from="loc_s2c_id" xlink:to="label_s2c_id" />
    <link:loc xlink:type="locator" xlink:href="mem.xsd#s2c_ie" xlink:label="loc_s2c_ie" />
    <link:label xlink:type="resource" xlink:label="label_s2c_ie" xml:lang="en" xlink:role="http://www.xbrl.org/2003/role/label">Interlingue</link:label>
    <link:labelArc xlink:type="arc" xlink:arcrole="http://www.xbrl.org/2003/arcrole/concept-label" xlink:from="loc_s2c_ie" xlink:to="label_s2c_ie" />
    <link:loc xlink:type="locator" xlink:href="mem.xsd#s2c_ig" xlink:label="loc_s2c_ig" />
    <link:label xlink:type="resource" xlink:label="label_s2c_ig" xml:lang="en" xlink:role="http://www.xbrl.org/2003/role/label">Igbo</link:label>
    <link:labelArc xlink:type="arc" xlink:arcrole="http://www.xbrl.org/2003/arcrole/concept-label" xlink:from="loc_s2c_ig" xlink:to="label_s2c_ig" />
    <link:loc xlink:type="locator" xlink:href="mem.xsd#s2c_ii" xlink:label="loc_s2c_ii" />
    <link:label xlink:type="resource" xlink:label="label_s2c_ii" xml:lang="en" xlink:role="http://www.xbrl.org/2003/role/label">Sichuan Yi</link:label>
    <link:labelArc xlink:type="arc" xlink:arcrole="http://www.xbrl.org/2003/arcrole/concept-label" xlink:from="loc_s2c_ii" xlink:to="label_s2c_ii" />
    <link:loc xlink:type="locator" xlink:href="mem.xsd#s2c_ik" xlink:label="loc_s2c_ik" />
    <link:label xlink:type="resource" xlink:label="label_s2c_ik" xml:lang="en" xlink:role="http://www.xbrl.org/2003/role/label">Inupiaq</link:label>
    <link:labelArc xlink:type="arc" xlink:arcrole="http://www.xbrl.org/2003/arcrole/concept-label" xlink:from="loc_s2c_ik" xlink:to="label_s2c_ik" />
    <link:loc xlink:type="locator" xlink:href="mem.xsd#s2c_io" xlink:label="loc_s2c_io" />
    <link:label xlink:type="resource" xlink:label="label_s2c_io" xml:lang="en" xlink:role="http://www.xbrl.org/2003/role/label">Ido</link:label>
    <link:labelArc xlink:type="arc" xlink:arcrole="http://www.xbrl.org/2003/arcrole/concept-label" xlink:from="loc_s2c_io" xlink:to="label_s2c_io" />
    <link:loc xlink:type="locator" xlink:href="mem.xsd#s2c_is" xlink:label="loc_s2c_is" />
    <link:label xlink:type="resource" xlink:label="label_s2c_is" xml:lang="en" xlink:role="http://www.xbrl.org/2003/role/label">Icelandic</link:label>
    <link:labelArc xlink:type="arc" xlink:arcrole="http://www.xbrl.org/2003/arcrole/concept-label" xlink:from="loc_s2c_is" xlink:to="label_s2c_is" />
    <link:loc xlink:type="locator" xlink:href="mem.xsd#s2c_it" xlink:label="loc_s2c_it" />
    <link:label xlink:type="resource" xlink:label="label_s2c_it" xml:lang="en" xlink:role="http://www.xbrl.org/2003/role/label">Italian</link:label>
    <link:labelArc xlink:type="arc" xlink:arcrole="http://www.xbrl.org/2003/arcrole/concept-label" xlink:from="loc_s2c_it" xlink:to="label_s2c_it" />
    <link:loc xlink:type="locator" xlink:href="mem.xsd#s2c_iu" xlink:label="loc_s2c_iu" />
    <link:label xlink:type="resource" xlink:label="label_s2c_iu" xml:lang="en" xlink:role="http://www.xbrl.org/2003/role/label">Inuktitut</link:label>
    <link:labelArc xlink:type="arc" xlink:arcrole="http://www.xbrl.org/2003/arcrole/concept-label" xlink:from="loc_s2c_iu" xlink:to="label_s2c_iu" />
    <link:loc xlink:type="locator" xlink:href="mem.xsd#s2c_ja" xlink:label="loc_s2c_ja" />
    <link:label xlink:type="resource" xlink:label="label_s2c_ja" xml:lang="en" xlink:role="http://www.xbrl.org/2003/role/label">Japanese</link:label>
    <link:labelArc xlink:type="arc" xlink:arcrole="http://www.xbrl.org/2003/arcrole/concept-label" xlink:from="loc_s2c_ja" xlink:to="label_s2c_ja" />
    <link:loc xlink:type="locator" xlink:href="mem.xsd#s2c_jv" xlink:label="loc_s2c_jv" />
    <link:label xlink:type="resource" xlink:label="label_s2c_jv" xml:lang="en" xlink:role="http://www.xbrl.org/2003/role/label">Javanese</link:label>
    <link:labelArc xlink:type="arc" xlink:arcrole="http://www.xbrl.org/2003/arcrole/concept-label" xlink:from="loc_s2c_jv" xlink:to="label_s2c_jv" />
    <link:loc xlink:type="locator" xlink:href="mem.xsd#s2c_ka" xlink:label="loc_s2c_ka" />
    <link:label xlink:type="resource" xlink:label="label_s2c_ka" xml:lang="en" xlink:role="http://www.xbrl.org/2003/role/label">Georgian</link:label>
    <link:labelArc xlink:type="arc" xlink:arcrole="http://www.xbrl.org/2003/arcrole/concept-label" xlink:from="loc_s2c_ka" xlink:to="label_s2c_ka" />
    <link:loc xlink:type="locator" xlink:href="mem.xsd#s2c_kg" xlink:label="loc_s2c_kg" />
    <link:label xlink:type="resource" xlink:label="label_s2c_kg" xml:lang="en" xlink:role="http://www.xbrl.org/2003/role/label">Kongo</link:label>
    <link:labelArc xlink:type="arc" xlink:arcrole="http://www.xbrl.org/2003/arcrole/concept-label" xlink:from="loc_s2c_kg" xlink:to="label_s2c_kg" />
    <link:loc xlink:type="locator" xlink:href="mem.xsd#s2c_ki" xlink:label="loc_s2c_ki" />
    <link:label xlink:type="resource" xlink:label="label_s2c_ki" xml:lang="en" xlink:role="http://www.xbrl.org/2003/role/label">Kikuyu</link:label>
    <link:labelArc xlink:type="arc" xlink:arcrole="http://www.xbrl.org/2003/arcrole/concept-label" xlink:from="loc_s2c_ki" xlink:to="label_s2c_ki" />
    <link:loc xlink:type="locator" xlink:href="mem.xsd#s2c_kj" xlink:label="loc_s2c_kj" />
    <link:label xlink:type="resource" xlink:label="label_s2c_kj" xml:lang="en" xlink:role="http://www.xbrl.org/2003/role/label">Kuanyama</link:label>
    <link:labelArc xlink:type="arc" xlink:arcrole="http://www.xbrl.org/2003/arcrole/concept-label" xlink:from="loc_s2c_kj" xlink:to="label_s2c_kj" />
    <link:loc xlink:type="locator" xlink:href="mem.xsd#s2c_kk" xlink:label="loc_s2c_kk" />
    <link:label xlink:type="resource" xlink:label="label_s2c_kk" xml:lang="en" xlink:role="http://www.xbrl.org/2003/role/label">Kazakh</link:label>
    <link:labelArc xlink:type="arc" xlink:arcrole="http://www.xbrl.org/2003/arcrole/concept-label" xlink:from="loc_s2c_kk" xlink:to="label_s2c_kk" />
    <link:loc xlink:type="locator" xlink:href="mem.xsd#s2c_kl" xlink:label="loc_s2c_kl" />
    <link:label xlink:type="resource" xlink:label="label_s2c_kl" xml:lang="en" xlink:role="http://www.xbrl.org/2003/role/label">Kalaallisut</link:label>
    <link:labelArc xlink:type="arc" xlink:arcrole="http://www.xbrl.org/2003/arcrole/concept-label" xlink:from="loc_s2c_kl" xlink:to="label_s2c_kl" />
    <link:loc xlink:type="locator" xlink:href="mem.xsd#s2c_km" xlink:label="loc_s2c_km" />
    <link:label xlink:type="resource" xlink:label="label_s2c_km" xml:lang="en" xlink:role="http://www.xbrl.org/2003/role/label">Central Khmer</link:label>
    <link:labelArc xlink:type="arc" xlink:arcrole="http://www.xbrl.org/2003/arcrole/concept-label" xlink:from="loc_s2c_km" xlink:to="label_s2c_km" />
    <link:loc xlink:type="locator" xlink:href="mem.xsd#s2c_kn" xlink:label="loc_s2c_kn" />
    <link:label xlink:type="resource" xlink:label="label_s2c_kn" xml:lang="en" xlink:role="http://www.xbrl.org/2003/role/label">Kannada</link:label>
    <link:labelArc xlink:type="arc" xlink:arcrole="http://www.xbrl.org/2003/arcrole/concept-label" xlink:from="loc_s2c_kn" xlink:to="label_s2c_kn" />
    <link:loc xlink:type="locator" xlink:href="mem.xsd#s2c_ko" xlink:label="loc_s2c_ko" />
    <link:label xlink:type="resource" xlink:label="label_s2c_ko" xml:lang="en" xlink:role="http://www.xbrl.org/2003/role/label">Korean</link:label>
    <link:labelArc xlink:type="arc" xlink:arcrole="http://www.xbrl.org/2003/arcrole/concept-label" xlink:from="loc_s2c_ko" xlink:to="label_s2c_ko" />
    <link:loc xlink:type="locator" xlink:href="mem.xsd#s2c_kr" xlink:label="loc_s2c_kr" />
    <link:label xlink:type="resource" xlink:label="label_s2c_kr" xml:lang="en" xlink:role="http://www.xbrl.org/2003/role/label">Kanuri</link:label>
    <link:labelArc xlink:type="arc" xlink:arcrole="http://www.xbrl.org/2003/arcrole/concept-label" xlink:from="loc_s2c_kr" xlink:to="label_s2c_kr" />
    <link:loc xlink:type="locator" xlink:href="mem.xsd#s2c_ks" xlink:label="loc_s2c_ks" />
    <link:label xlink:type="resource" xlink:label="label_s2c_ks" xml:lang="en" xlink:role="http://www.xbrl.org/2003/role/label">Kashmiri</link:label>
    <link:labelArc xlink:type="arc" xlink:arcrole="http://www.xbrl.org/2003/arcrole/concept-label" xlink:from="loc_s2c_ks" xlink:to="label_s2c_ks" />
    <link:loc xlink:type="locator" xlink:href="mem.xsd#s2c_ku" xlink:label="loc_s2c_ku" />
    <link:label xlink:type="resource" xlink:label="label_s2c_ku" xml:lang="en" xlink:role="http://www.xbrl.org/2003/role/label">Kurdish</link:label>
    <link:labelArc xlink:type="arc" xlink:arcrole="http://www.xbrl.org/2003/arcrole/concept-label" xlink:from="loc_s2c_ku" xlink:to="label_s2c_ku" />
    <link:loc xlink:type="locator" xlink:href="mem.xsd#s2c_kv" xlink:label="loc_s2c_kv" />
    <link:label xlink:type="resource" xlink:label="label_s2c_kv" xml:lang="en" xlink:role="http://www.xbrl.org/2003/role/label">Komi</link:label>
    <link:labelArc xlink:type="arc" xlink:arcrole="http://www.xbrl.org/2003/arcrole/concept-label" xlink:from="loc_s2c_kv" xlink:to="label_s2c_kv" />
    <link:loc xlink:type="locator" xlink:href="mem.xsd#s2c_kw" xlink:label="loc_s2c_kw" />
    <link:label xlink:type="resource" xlink:label="label_s2c_kw" xml:lang="en" xlink:role="http://www.xbrl.org/2003/role/label">Cornish</link:label>
    <link:labelArc xlink:type="arc" xlink:arcrole="http://www.xbrl.org/2003/arcrole/concept-label" xlink:from="loc_s2c_kw" xlink:to="label_s2c_kw" />
    <link:loc xlink:type="locator" xlink:href="mem.xsd#s2c_ky" xlink:label="loc_s2c_ky" />
    <link:label xlink:type="resource" xlink:label="label_s2c_ky" xml:lang="en" xlink:role="http://www.xbrl.org/2003/role/label">Kirghiz</link:label>
    <link:labelArc xlink:type="arc" xlink:arcrole="http://www.xbrl.org/2003/arcrole/concept-label" xlink:from="loc_s2c_ky" xlink:to="label_s2c_ky" />
    <link:loc xlink:type="locator" xlink:href="mem.xsd#s2c_lb" xlink:label="loc_s2c_lb" />
    <link:label xlink:type="resource" xlink:label="label_s2c_lb" xml:lang="en" xlink:role="http://www.xbrl.org/2003/role/label">Luxembourgish</link:label>
    <link:labelArc xlink:type="arc" xlink:arcrole="http://www.xbrl.org/2003/arcrole/concept-label" xlink:from="loc_s2c_lb" xlink:to="label_s2c_lb" />
    <link:loc xlink:type="locator" xlink:href="mem.xsd#s2c_lg" xlink:label="loc_s2c_lg" />
    <link:label xlink:type="resource" xlink:label="label_s2c_lg" xml:lang="en" xlink:role="http://www.xbrl.org/2003/role/label">Ganda</link:label>
    <link:labelArc xlink:type="arc" xlink:arcrole="http://www.xbrl.org/2003/arcrole/concept-label" xlink:from="loc_s2c_lg" xlink:to="label_s2c_lg" />
    <link:loc xlink:type="locator" xlink:href="mem.xsd#s2c_li" xlink:label="loc_s2c_li" />
    <link:label xlink:type="resource" xlink:label="label_s2c_li" xml:lang="en" xlink:role="http://www.xbrl.org/2003/role/label">Limburgan</link:label>
    <link:labelArc xlink:type="arc" xlink:arcrole="http://www.xbrl.org/2003/arcrole/concept-label" xlink:from="loc_s2c_li" xlink:to="label_s2c_li" />
    <link:loc xlink:type="locator" xlink:href="mem.xsd#s2c_ln" xlink:label="loc_s2c_ln" />
    <link:label xlink:type="resource" xlink:label="label_s2c_ln" xml:lang="en" xlink:role="http://www.xbrl.org/2003/role/label">Lingala</link:label>
    <link:labelArc xlink:type="arc" xlink:arcrole="http://www.xbrl.org/2003/arcrole/concept-label" xlink:from="loc_s2c_ln" xlink:to="label_s2c_ln" />
    <link:loc xlink:type="locator" xlink:href="mem.xsd#s2c_lo" xlink:label="loc_s2c_lo" />
    <link:label xlink:type="resource" xlink:label="label_s2c_lo" xml:lang="en" xlink:role="http://www.xbrl.org/2003/role/label">Lao</link:label>
    <link:labelArc xlink:type="arc" xlink:arcrole="http://www.xbrl.org/2003/arcrole/concept-label" xlink:from="loc_s2c_lo" xlink:to="label_s2c_lo" />
    <link:loc xlink:type="locator" xlink:href="mem.xsd#s2c_lt" xlink:label="loc_s2c_lt" />
    <link:label xlink:type="resource" xlink:label="label_s2c_lt" xml:lang="en" xlink:role="http://www.xbrl.org/2003/role/label">Lithuanian</link:label>
    <link:labelArc xlink:type="arc" xlink:arcrole="http://www.xbrl.org/2003/arcrole/concept-label" xlink:from="loc_s2c_lt" xlink:to="label_s2c_lt" />
    <link:loc xlink:type="locator" xlink:href="mem.xsd#s2c_lu" xlink:label="loc_s2c_lu" />
    <link:label xlink:type="resource" xlink:label="label_s2c_lu" xml:lang="en" xlink:role="http://www.xbrl.org/2003/role/label">Luba-Katanga</link:label>
    <link:labelArc xlink:type="arc" xlink:arcrole="http://www.xbrl.org/2003/arcrole/concept-label" xlink:from="loc_s2c_lu" xlink:to="label_s2c_lu" />
    <link:loc xlink:type="locator" xlink:href="mem.xsd#s2c_lv" xlink:label="loc_s2c_lv" />
    <link:label xlink:type="resource" xlink:label="label_s2c_lv" xml:lang="en" xlink:role="http://www.xbrl.org/2003/role/label">Latvian</link:label>
    <link:labelArc xlink:type="arc" xlink:arcrole="http://www.xbrl.org/2003/arcrole/concept-label" xlink:from="loc_s2c_lv" xlink:to="label_s2c_lv" />
    <link:loc xlink:type="locator" xlink:href="mem.xsd#s2c_mg" xlink:label="loc_s2c_mg" />
    <link:label xlink:type="resource" xlink:label="label_s2c_mg" xml:lang="en" xlink:role="http://www.xbrl.org/2003/role/label">Malagasy</link:label>
    <link:labelArc xlink:type="arc" xlink:arcrole="http://www.xbrl.org/2003/arcrole/concept-label" xlink:from="loc_s2c_mg" xlink:to="label_s2c_mg" />
    <link:loc xlink:type="locator" xlink:href="mem.xsd#s2c_mh" xlink:label="loc_s2c_mh" />
    <link:label xlink:type="resource" xlink:label="label_s2c_mh" xml:lang="en" xlink:role="http://www.xbrl.org/2003/role/label">Marshallese</link:label>
    <link:labelArc xlink:type="arc" xlink:arcrole="http://www.xbrl.org/2003/arcrole/concept-label" xlink:from="loc_s2c_mh" xlink:to="label_s2c_mh" />
    <link:loc xlink:type="locator" xlink:href="mem.xsd#s2c_mi" xlink:label="loc_s2c_mi" />
    <link:label xlink:type="resource" xlink:label="label_s2c_mi" xml:lang="en" xlink:role="http://www.xbrl.org/2003/role/label">Maori</link:label>
    <link:labelArc xlink:type="arc" xlink:arcrole="http://www.xbrl.org/2003/arcrole/concept-label" xlink:from="loc_s2c_mi" xlink:to="label_s2c_mi" />
    <link:loc xlink:type="locator" xlink:href="mem.xsd#s2c_mk" xlink:label="loc_s2c_mk" />
    <link:label xlink:type="resource" xlink:label="label_s2c_mk" xml:lang="en" xlink:role="http://www.xbrl.org/2003/role/label">Macedonian</link:label>
    <link:labelArc xlink:type="arc" xlink:arcrole="http://www.xbrl.org/2003/arcrole/concept-label" xlink:from="loc_s2c_mk" xlink:to="label_s2c_mk" />
    <link:loc xlink:type="locator" xlink:href="mem.xsd#s2c_ml" xlink:label="loc_s2c_ml" />
    <link:label xlink:type="resource" xlink:label="label_s2c_ml" xml:lang="en" xlink:role="http://www.xbrl.org/2003/role/label">Malayalam</link:label>
    <link:labelArc xlink:type="arc" xlink:arcrole="http://www.xbrl.org/2003/arcrole/concept-label" xlink:from="loc_s2c_ml" xlink:to="label_s2c_ml" />
    <link:loc xlink:type="locator" xlink:href="mem.xsd#s2c_mn" xlink:label="loc_s2c_mn" />
    <link:label xlink:type="resource" xlink:label="label_s2c_mn" xml:lang="en" xlink:role="http://www.xbrl.org/2003/role/label">Mongolian</link:label>
    <link:labelArc xlink:type="arc" xlink:arcrole="http://www.xbrl.org/2003/arcrole/concept-label" xlink:from="loc_s2c_mn" xlink:to="label_s2c_mn" />
    <link:loc xlink:type="locator" xlink:href="mem.xsd#s2c_mr" xlink:label="loc_s2c_mr" />
    <link:label xlink:type="resource" xlink:label="label_s2c_mr" xml:lang="en" xlink:role="http://www.xbrl.org/2003/role/label">Marathi</link:label>
    <link:labelArc xlink:type="arc" xlink:arcrole="http://www.xbrl.org/2003/arcrole/concept-label" xlink:from="loc_s2c_mr" xlink:to="label_s2c_mr" />
    <link:loc xlink:type="locator" xlink:href="mem.xsd#s2c_ms" xlink:label="loc_s2c_ms" />
    <link:label xlink:type="resource" xlink:label="label_s2c_ms" xml:lang="en" xlink:role="http://www.xbrl.org/2003/role/label">Malay (macrolanguage)</link:label>
    <link:labelArc xlink:type="arc" xlink:arcrole="http://www.xbrl.org/2003/arcrole/concept-label" xlink:from="loc_s2c_ms" xlink:to="label_s2c_ms" />
    <link:loc xlink:type="locator" xlink:href="mem.xsd#s2c_mt" xlink:label="loc_s2c_mt" />
    <link:label xlink:type="resource" xlink:label="label_s2c_mt" xml:lang="en" xlink:role="http://www.xbrl.org/2003/role/label">Maltese</link:label>
    <link:labelArc xlink:type="arc" xlink:arcrole="http://www.xbrl.org/2003/arcrole/concept-label" xlink:from="loc_s2c_mt" xlink:to="label_s2c_mt" />
    <link:loc xlink:type="locator" xlink:href="mem.xsd#s2c_my" xlink:label="loc_s2c_my" />
    <link:label xlink:type="resource" xlink:label="label_s2c_my" xml:lang="en" xlink:role="http://www.xbrl.org/2003/role/label">Burmese</link:label>
    <link:labelArc xlink:type="arc" xlink:arcrole="http://www.xbrl.org/2003/arcrole/concept-label" xlink:from="loc_s2c_my" xlink:to="label_s2c_my" />
    <link:loc xlink:type="locator" xlink:href="mem.xsd#s2c_na" xlink:label="loc_s2c_na" />
    <link:label xlink:type="resource" xlink:label="label_s2c_na" xml:lang="en" xlink:role="http://www.xbrl.org/2003/role/label">Nauru</link:label>
    <link:labelArc xlink:type="arc" xlink:arcrole="http://www.xbrl.org/2003/arcrole/concept-label" xlink:from="loc_s2c_na" xlink:to="label_s2c_na" />
    <link:loc xlink:type="locator" xlink:href="mem.xsd#s2c_nb" xlink:label="loc_s2c_nb" />
    <link:label xlink:type="resource" xlink:label="label_s2c_nb" xml:lang="en" xlink:role="http://www.xbrl.org/2003/role/label">Norwegian Bokmål</link:label>
    <link:labelArc xlink:type="arc" xlink:arcrole="http://www.xbrl.org/2003/arcrole/concept-label" xlink:from="loc_s2c_nb" xlink:to="label_s2c_nb" />
    <link:loc xlink:type="locator" xlink:href="mem.xsd#s2c_nd" xlink:label="loc_s2c_nd" />
    <link:label xlink:type="resource" xlink:label="label_s2c_nd" xml:lang="en" xlink:role="http://www.xbrl.org/2003/role/label">North Ndebele</link:label>
    <link:labelArc xlink:type="arc" xlink:arcrole="http://www.xbrl.org/2003/arcrole/concept-label" xlink:from="loc_s2c_nd" xlink:to="label_s2c_nd" />
    <link:loc xlink:type="locator" xlink:href="mem.xsd#s2c_ne" xlink:label="loc_s2c_ne" />
    <link:label xlink:type="resource" xlink:label="label_s2c_ne" xml:lang="en" xlink:role="http://www.xbrl.org/2003/role/label">Nepali (macrolanguage)</link:label>
    <link:labelArc xlink:type="arc" xlink:arcrole="http://www.xbrl.org/2003/arcrole/concept-label" xlink:from="loc_s2c_ne" xlink:to="label_s2c_ne" />
    <link:loc xlink:type="locator" xlink:href="mem.xsd#s2c_ng" xlink:label="loc_s2c_ng" />
    <link:label xlink:type="resource" xlink:label="label_s2c_ng" xml:lang="en" xlink:role="http://www.xbrl.org/2003/role/label">Ndonga</link:label>
    <link:labelArc xlink:type="arc" xlink:arcrole="http://www.xbrl.org/2003/arcrole/concept-label" xlink:from="loc_s2c_ng" xlink:to="label_s2c_ng" />
    <link:loc xlink:type="locator" xlink:href="mem.xsd#s2c_nl" xlink:label="loc_s2c_nl" />
    <link:label xlink:type="resource" xlink:label="label_s2c_nl" xml:lang="en" xlink:role="http://www.xbrl.org/2003/role/label">Dutch</link:label>
    <link:labelArc xlink:type="arc" xlink:arcrole="http://www.xbrl.org/2003/arcrole/concept-label" xlink:from="loc_s2c_nl" xlink:to="label_s2c_nl" />
    <link:loc xlink:type="locator" xlink:href="mem.xsd#s2c_nn" xlink:label="loc_s2c_nn" />
    <link:label xlink:type="resource" xlink:label="label_s2c_nn" xml:lang="en" xlink:role="http://www.xbrl.org/2003/role/label">Norwegian Nynorsk</link:label>
    <link:labelArc xlink:type="arc" xlink:arcrole="http://www.xbrl.org/2003/arcrole/concept-label" xlink:from="loc_s2c_nn" xlink:to="label_s2c_nn" />
    <link:loc xlink:type="locator" xlink:href="mem.xsd#s2c_no" xlink:label="loc_s2c_no" />
    <link:label xlink:type="resource" xlink:label="label_s2c_no" xml:lang="en" xlink:role="http://www.xbrl.org/2003/role/label">Norwegian</link:label>
    <link:labelArc xlink:type="arc" xlink:arcrole="http://www.xbrl.org/2003/arcrole/concept-label" xlink:from="loc_s2c_no" xlink:to="label_s2c_no" />
    <link:loc xlink:type="locator" xlink:href="mem.xsd#s2c_nr" xlink:label="loc_s2c_nr" />
    <link:label xlink:type="resource" xlink:label="label_s2c_nr" xml:lang="en" xlink:role="http://www.xbrl.org/2003/role/label">South Ndebele</link:label>
    <link:labelArc xlink:type="arc" xlink:arcrole="http://www.xbrl.org/2003/arcrole/concept-label" xlink:from="loc_s2c_nr" xlink:to="label_s2c_nr" />
    <link:loc xlink:type="locator" xlink:href="mem.xsd#s2c_nv" xlink:label="loc_s2c_nv" />
    <link:label xlink:type="resource" xlink:label="label_s2c_nv" xml:lang="en" xlink:role="http://www.xbrl.org/2003/role/label">Navajo</link:label>
    <link:labelArc xlink:type="arc" xlink:arcrole="http://www.xbrl.org/2003/arcrole/concept-label" xlink:from="loc_s2c_nv" xlink:to="label_s2c_nv" />
    <link:loc xlink:type="locator" xlink:href="mem.xsd#s2c_ny" xlink:label="loc_s2c_ny" />
    <link:label xlink:type="resource" xlink:label="label_s2c_ny" xml:lang="en" xlink:role="http://www.xbrl.org/2003/role/label">Nyanja</link:label>
    <link:labelArc xlink:type="arc" xlink:arcrole="http://www.xbrl.org/2003/arcrole/concept-label" xlink:from="loc_s2c_ny" xlink:to="label_s2c_ny" />
    <link:loc xlink:type="locator" xlink:href="mem.xsd#s2c_oc" xlink:label="loc_s2c_oc" />
    <link:label xlink:type="resource" xlink:label="label_s2c_oc" xml:lang="en" xlink:role="http://www.xbrl.org/2003/role/label">Occitan (post 1500)</link:label>
    <link:labelArc xlink:type="arc" xlink:arcrole="http://www.xbrl.org/2003/arcrole/concept-label" xlink:from="loc_s2c_oc" xlink:to="label_s2c_oc" />
    <link:loc xlink:type="locator" xlink:href="mem.xsd#s2c_oj" xlink:label="loc_s2c_oj" />
    <link:label xlink:type="resource" xlink:label="label_s2c_oj" xml:lang="en" xlink:role="http://www.xbrl.org/2003/role/label">Ojibwa</link:label>
    <link:labelArc xlink:type="arc" xlink:arcrole="http://www.xbrl.org/2003/arcrole/concept-label" xlink:from="loc_s2c_oj" xlink:to="label_s2c_oj" />
    <link:loc xlink:type="locator" xlink:href="mem.xsd#s2c_om" xlink:label="loc_s2c_om" />
    <link:label xlink:type="resource" xlink:label="label_s2c_om" xml:lang="en" xlink:role="http://www.xbrl.org/2003/role/label">Oromo</link:label>
    <link:labelArc xlink:type="arc" xlink:arcrole="http://www.xbrl.org/2003/arcrole/concept-label" xlink:from="loc_s2c_om" xlink:to="label_s2c_om" />
    <link:loc xlink:type="locator" xlink:href="mem.xsd#s2c_or" xlink:label="loc_s2c_or" />
    <link:label xlink:type="resource" xlink:label="label_s2c_or" xml:lang="en" xlink:role="http://www.xbrl.org/2003/role/label">Oriya (macrolanguage)</link:label>
    <link:labelArc xlink:type="arc" xlink:arcrole="http://www.xbrl.org/2003/arcrole/concept-label" xlink:from="loc_s2c_or" xlink:to="label_s2c_or" />
    <link:loc xlink:type="locator" xlink:href="mem.xsd#s2c_os" xlink:label="loc_s2c_os" />
    <link:label xlink:type="resource" xlink:label="label_s2c_os" xml:lang="en" xlink:role="http://www.xbrl.org/2003/role/label">Ossetian</link:label>
    <link:labelArc xlink:type="arc" xlink:arcrole="http://www.xbrl.org/2003/arcrole/concept-label" xlink:from="loc_s2c_os" xlink:to="label_s2c_os" />
    <link:loc xlink:type="locator" xlink:href="mem.xsd#s2c_pa" xlink:label="loc_s2c_pa" />
    <link:label xlink:type="resource" xlink:label="label_s2c_pa" xml:lang="en" xlink:role="http://www.xbrl.org/2003/role/label">Panjabi</link:label>
    <link:labelArc xlink:type="arc" xlink:arcrole="http://www.xbrl.org/2003/arcrole/concept-label" xlink:from="loc_s2c_pa" xlink:to="label_s2c_pa" />
    <link:loc xlink:type="locator" xlink:href="mem.xsd#s2c_pi" xlink:label="loc_s2c_pi" />
    <link:label xlink:type="resource" xlink:label="label_s2c_pi" xml:lang="en" xlink:role="http://www.xbrl.org/2003/role/label">Pali</link:label>
    <link:labelArc xlink:type="arc" xlink:arcrole="http://www.xbrl.org/2003/arcrole/concept-label" xlink:from="loc_s2c_pi" xlink:to="label_s2c_pi" />
    <link:loc xlink:type="locator" xlink:href="mem.xsd#s2c_pl" xlink:label="loc_s2c_pl" />
    <link:label xlink:type="resource" xlink:label="label_s2c_pl" xml:lang="en" xlink:role="http://www.xbrl.org/2003/role/label">Polish</link:label>
    <link:labelArc xlink:type="arc" xlink:arcrole="http://www.xbrl.org/2003/arcrole/concept-label" xlink:from="loc_s2c_pl" xlink:to="label_s2c_pl" />
    <link:loc xlink:type="locator" xlink:href="mem.xsd#s2c_ps" xlink:label="loc_s2c_ps" />
    <link:label xlink:type="resource" xlink:label="label_s2c_ps" xml:lang="en" xlink:role="http://www.xbrl.org/2003/role/label">Pushto</link:label>
    <link:labelArc xlink:type="arc" xlink:arcrole="http://www.xbrl.org/2003/arcrole/concept-label" xlink:from="loc_s2c_ps" xlink:to="label_s2c_ps" />
    <link:loc xlink:type="locator" xlink:href="mem.xsd#s2c_pt" xlink:label="loc_s2c_pt" />
    <link:label xlink:type="resource" xlink:label="label_s2c_pt" xml:lang="en" xlink:role="http://www.xbrl.org/2003/role/label">Portuguese</link:label>
    <link:labelArc xlink:type="arc" xlink:arcrole="http://www.xbrl.org/2003/arcrole/concept-label" xlink:from="loc_s2c_pt" xlink:to="label_s2c_pt" />
    <link:loc xlink:type="locator" xlink:href="mem.xsd#s2c_qu" xlink:label="loc_s2c_qu" />
    <link:label xlink:type="resource" xlink:label="label_s2c_qu" xml:lang="en" xlink:role="http://www.xbrl.org/2003/role/label">Quechua</link:label>
    <link:labelArc xlink:type="arc" xlink:arcrole="http://www.xbrl.org/2003/arcrole/concept-label" xlink:from="loc_s2c_qu" xlink:to="label_s2c_qu" />
    <link:loc xlink:type="locator" xlink:href="mem.xsd#s2c_rm" xlink:label="loc_s2c_rm" />
    <link:label xlink:type="resource" xlink:label="label_s2c_rm" xml:lang="en" xlink:role="http://www.xbrl.org/2003/role/label">Romansh</link:label>
    <link:labelArc xlink:type="arc" xlink:arcrole="http://www.xbrl.org/2003/arcrole/concept-label" xlink:from="loc_s2c_rm" xlink:to="label_s2c_rm" />
    <link:loc xlink:type="locator" xlink:href="mem.xsd#s2c_rn" xlink:label="loc_s2c_rn" />
    <link:label xlink:type="resource" xlink:label="label_s2c_rn" xml:lang="en" xlink:role="http://www.xbrl.org/2003/role/label">Rundi</link:label>
    <link:labelArc xlink:type="arc" xlink:arcrole="http://www.xbrl.org/2003/arcrole/concept-label" xlink:from="loc_s2c_rn" xlink:to="label_s2c_rn" />
    <link:loc xlink:type="locator" xlink:href="mem.xsd#s2c_ro" xlink:label="loc_s2c_ro" />
    <link:label xlink:type="resource" xlink:label="label_s2c_ro" xml:lang="en" xlink:role="http://www.xbrl.org/2003/role/label">Romanian</link:label>
    <link:labelArc xlink:type="arc" xlink:arcrole="http://www.xbrl.org/2003/arcrole/concept-label" xlink:from="loc_s2c_ro" xlink:to="label_s2c_ro" />
    <link:loc xlink:type="locator" xlink:href="mem.xsd#s2c_ru" xlink:label="loc_s2c_ru" />
    <link:label xlink:type="resource" xlink:label="label_s2c_ru" xml:lang="en" xlink:role="http://www.xbrl.org/2003/role/label">Russian</link:label>
    <link:labelArc xlink:type="arc" xlink:arcrole="http://www.xbrl.org/2003/arcrole/concept-label" xlink:from="loc_s2c_ru" xlink:to="label_s2c_ru" />
    <link:loc xlink:type="locator" xlink:href="mem.xsd#s2c_rw" xlink:label="loc_s2c_rw" />
    <link:label xlink:type="resource" xlink:label="label_s2c_rw" xml:lang="en" xlink:role="http://www.xbrl.org/2003/role/label">Kinyarwanda</link:label>
    <link:labelArc xlink:type="arc" xlink:arcrole="http://www.xbrl.org/2003/arcrole/concept-label" xlink:from="loc_s2c_rw" xlink:to="label_s2c_rw" />
    <link:loc xlink:type="locator" xlink:href="mem.xsd#s2c_sc" xlink:label="loc_s2c_sc" />
    <link:label xlink:type="resource" xlink:label="label_s2c_sc" xml:lang="en" xlink:role="http://www.xbrl.org/2003/role/label">Sardinian</link:label>
    <link:labelArc xlink:type="arc" xlink:arcrole="http://www.xbrl.org/2003/arcrole/concept-label" xlink:from="loc_s2c_sc" xlink:to="label_s2c_sc" />
    <link:loc xlink:type="locator" xlink:href="mem.xsd#s2c_sd" xlink:label="loc_s2c_sd" />
    <link:label xlink:type="resource" xlink:label="label_s2c_sd" xml:lang="en" xlink:role="http://www.xbrl.org/2003/role/label">Sindhi</link:label>
    <link:labelArc xlink:type="arc" xlink:arcrole="http://www.xbrl.org/2003/arcrole/concept-label" xlink:from="loc_s2c_sd" xlink:to="label_s2c_sd" />
    <link:loc xlink:type="locator" xlink:href="mem.xsd#s2c_se" xlink:label="loc_s2c_se" />
    <link:label xlink:type="resource" xlink:label="label_s2c_se" xml:lang="en" xlink:role="http://www.xbrl.org/2003/role/label">Northern Sami</link:label>
    <link:labelArc xlink:type="arc" xlink:arcrole="http://www.xbrl.org/2003/arcrole/concept-label" xlink:from="loc_s2c_se" xlink:to="label_s2c_se" />
    <link:loc xlink:type="locator" xlink:href="mem.xsd#s2c_sg" xlink:label="loc_s2c_sg" />
    <link:label xlink:type="resource" xlink:label="label_s2c_sg" xml:lang="en" xlink:role="http://www.xbrl.org/2003/role/label">Sango</link:label>
    <link:labelArc xlink:type="arc" xlink:arcrole="http://www.xbrl.org/2003/arcrole/concept-label" xlink:from="loc_s2c_sg" xlink:to="label_s2c_sg" />
    <link:loc xlink:type="locator" xlink:href="mem.xsd#s2c_sh" xlink:label="loc_s2c_sh" />
    <link:label xlink:type="resource" xlink:label="label_s2c_sh" xml:lang="en" xlink:role="http://www.xbrl.org/2003/role/label">Serbo-Croatian</link:label>
    <link:labelArc xlink:type="arc" xlink:arcrole="http://www.xbrl.org/2003/arcrole/concept-label" xlink:from="loc_s2c_sh" xlink:to="label_s2c_sh" />
    <link:loc xlink:type="locator" xlink:href="mem.xsd#s2c_si" xlink:label="loc_s2c_si" />
    <link:label xlink:type="resource" xlink:label="label_s2c_si" xml:lang="en" xlink:role="http://www.xbrl.org/2003/role/label">Sinhala</link:label>
    <link:labelArc xlink:type="arc" xlink:arcrole="http://www.xbrl.org/2003/arcrole/concept-label" xlink:from="loc_s2c_si" xlink:to="label_s2c_si" />
    <link:loc xlink:type="locator" xlink:href="mem.xsd#s2c_sk" xlink:label="loc_s2c_sk" />
    <link:label xlink:type="resource" xlink:label="label_s2c_sk" xml:lang="en" xlink:role="http://www.xbrl.org/2003/role/label">Slovak</link:label>
    <link:labelArc xlink:type="arc" xlink:arcrole="http://www.xbrl.org/2003/arcrole/concept-label" xlink:from="loc_s2c_sk" xlink:to="label_s2c_sk" />
    <link:loc xlink:type="locator" xlink:href="mem.xsd#s2c_sl" xlink:label="loc_s2c_sl" />
    <link:label xlink:type="resource" xlink:label="label_s2c_sl" xml:lang="en" xlink:role="http://www.xbrl.org/2003/role/label">Slovenian</link:label>
    <link:labelArc xlink:type="arc" xlink:arcrole="http://www.xbrl.org/2003/arcrole/concept-label" xlink:from="loc_s2c_sl" xlink:to="label_s2c_sl" />
    <link:loc xlink:type="locator" xlink:href="mem.xsd#s2c_sm" xlink:label="loc_s2c_sm" />
    <link:label xlink:type="resource" xlink:label="label_s2c_sm" xml:lang="en" xlink:role="http://www.xbrl.org/2003/role/label">Samoan</link:label>
    <link:labelArc xlink:type="arc" xlink:arcrole="http://www.xbrl.org/2003/arcrole/concept-label" xlink:from="loc_s2c_sm" xlink:to="label_s2c_sm" />
    <link:loc xlink:type="locator" xlink:href="mem.xsd#s2c_sn" xlink:label="loc_s2c_sn" />
    <link:label xlink:type="resource" xlink:label="label_s2c_sn" xml:lang="en" xlink:role="http://www.xbrl.org/2003/role/label">Shona</link:label>
    <link:labelArc xlink:type="arc" xlink:arcrole="http://www.xbrl.org/2003/arcrole/concept-label" xlink:from="loc_s2c_sn" xlink:to="label_s2c_sn" />
    <link:loc xlink:type="locator" xlink:href="mem.xsd#s2c_so" xlink:label="loc_s2c_so" />
    <link:label xlink:type="resource" xlink:label="label_s2c_so" xml:lang="en" xlink:role="http://www.xbrl.org/2003/role/label">Somali</link:label>
    <link:labelArc xlink:type="arc" xlink:arcrole="http://www.xbrl.org/2003/arcrole/concept-label" xlink:from="loc_s2c_so" xlink:to="label_s2c_so" />
    <link:loc xlink:type="locator" xlink:href="mem.xsd#s2c_sq" xlink:label="loc_s2c_sq" />
    <link:label xlink:type="resource" xlink:label="label_s2c_sq" xml:lang="en" xlink:role="http://www.xbrl.org/2003/role/label">Albanian</link:label>
    <link:labelArc xlink:type="arc" xlink:arcrole="http://www.xbrl.org/2003/arcrole/concept-label" xlink:from="loc_s2c_sq" xlink:to="label_s2c_sq" />
    <link:loc xlink:type="locator" xlink:href="mem.xsd#s2c_sr" xlink:label="loc_s2c_sr" />
    <link:label xlink:type="resource" xlink:label="label_s2c_sr" xml:lang="en" xlink:role="http://www.xbrl.org/2003/role/label">Serbian</link:label>
    <link:labelArc xlink:type="arc" xlink:arcrole="http://www.xbrl.org/2003/arcrole/concept-label" xlink:from="loc_s2c_sr" xlink:to="label_s2c_sr" />
    <link:loc xlink:type="locator" xlink:href="mem.xsd#s2c_ss" xlink:label="loc_s2c_ss" />
    <link:label xlink:type="resource" xlink:label="label_s2c_ss" xml:lang="en" xlink:role="http://www.xbrl.org/2003/role/label">Swati</link:label>
    <link:labelArc xlink:type="arc" xlink:arcrole="http://www.xbrl.org/2003/arcrole/concept-label" xlink:from="loc_s2c_ss" xlink:to="label_s2c_ss" />
    <link:loc xlink:type="locator" xlink:href="mem.xsd#s2c_st" xlink:label="loc_s2c_st" />
    <link:label xlink:type="resource" xlink:label="label_s2c_st" xml:lang="en" xlink:role="http://www.xbrl.org/2003/role/label">Southern Sotho</link:label>
    <link:labelArc xlink:type="arc" xlink:arcrole="http://www.xbrl.org/2003/arcrole/concept-label" xlink:from="loc_s2c_st" xlink:to="label_s2c_st" />
    <link:loc xlink:type="locator" xlink:href="mem.xsd#s2c_su" xlink:label="loc_s2c_su" />
    <link:label xlink:type="resource" xlink:label="label_s2c_su" xml:lang="en" xlink:role="http://www.xbrl.org/2003/role/label">Sundanese</link:label>
    <link:labelArc xlink:type="arc" xlink:arcrole="http://www.xbrl.org/2003/arcrole/concept-label" xlink:from="loc_s2c_su" xlink:to="label_s2c_su" />
    <link:loc xlink:type="locator" xlink:href="mem.xsd#s2c_sv" xlink:label="loc_s2c_sv" />
    <link:label xlink:type="resource" xlink:label="label_s2c_sv" xml:lang="en" xlink:role="http://www.xbrl.org/2003/role/label">Swedish</link:label>
    <link:labelArc xlink:type="arc" xlink:arcrole="http://www.xbrl.org/2003/arcrole/concept-label" xlink:from="loc_s2c_sv" xlink:to="label_s2c_sv" />
    <link:loc xlink:type="locator" xlink:href="mem.xsd#s2c_sw" xlink:label="loc_s2c_sw" />
    <link:label xlink:type="resource" xlink:label="label_s2c_sw" xml:lang="en" xlink:role="http://www.xbrl.org/2003/role/label">Swahili (macrolanguage)</link:label>
    <link:labelArc xlink:type="arc" xlink:arcrole="http://www.xbrl.org/2003/arcrole/concept-label" xlink:from="loc_s2c_sw" xlink:to="label_s2c_sw" />
    <link:loc xlink:type="locator" xlink:href="mem.xsd#s2c_ta" xlink:label="loc_s2c_ta" />
    <link:label xlink:type="resource" xlink:label="label_s2c_ta" xml:lang="en" xlink:role="http://www.xbrl.org/2003/role/label">Tamil</link:label>
    <link:labelArc xlink:type="arc" xlink:arcrole="http://www.xbrl.org/2003/arcrole/concept-label" xlink:from="loc_s2c_ta" xlink:to="label_s2c_ta" />
    <link:loc xlink:type="locator" xlink:href="mem.xsd#s2c_te" xlink:label="loc_s2c_te" />
    <link:label xlink:type="resource" xlink:label="label_s2c_te" xml:lang="en" xlink:role="http://www.xbrl.org/2003/role/label">Telugu</link:label>
    <link:labelArc xlink:type="arc" xlink:arcrole="http://www.xbrl.org/2003/arcrole/concept-label" xlink:from="loc_s2c_te" xlink:to="label_s2c_te" />
    <link:loc xlink:type="locator" xlink:href="mem.xsd#s2c_tg" xlink:label="loc_s2c_tg" />
    <link:label xlink:type="resource" xlink:label="label_s2c_tg" xml:lang="en" xlink:role="http://www.xbrl.org/2003/role/label">Tajik</link:label>
    <link:labelArc xlink:type="arc" xlink:arcrole="http://www.xbrl.org/2003/arcrole/concept-label" xlink:from="loc_s2c_tg" xlink:to="label_s2c_tg" />
    <link:loc xlink:type="locator" xlink:href="mem.xsd#s2c_th" xlink:label="loc_s2c_th" />
    <link:label xlink:type="resource" xlink:label="label_s2c_th" xml:lang="en" xlink:role="http://www.xbrl.org/2003/role/label">Thai</link:label>
    <link:labelArc xlink:type="arc" xlink:arcrole="http://www.xbrl.org/2003/arcrole/concept-label" xlink:from="loc_s2c_th" xlink:to="label_s2c_th" />
    <link:loc xlink:type="locator" xlink:href="mem.xsd#s2c_ti" xlink:label="loc_s2c_ti" />
    <link:label xlink:type="resource" xlink:label="label_s2c_ti" xml:lang="en" xlink:role="http://www.xbrl.org/2003/role/label">Tigrinya</link:label>
    <link:labelArc xlink:type="arc" xlink:arcrole="http://www.xbrl.org/2003/arcrole/concept-label" xlink:from="loc_s2c_ti" xlink:to="label_s2c_ti" />
    <link:loc xlink:type="locator" xlink:href="mem.xsd#s2c_tk" xlink:label="loc_s2c_tk" />
    <link:label xlink:type="resource" xlink:label="label_s2c_tk" xml:lang="en" xlink:role="http://www.xbrl.org/2003/role/label">Turkmen</link:label>
    <link:labelArc xlink:type="arc" xlink:arcrole="http://www.xbrl.org/2003/arcrole/concept-label" xlink:from="loc_s2c_tk" xlink:to="label_s2c_tk" />
    <link:loc xlink:type="locator" xlink:href="mem.xsd#s2c_tl" xlink:label="loc_s2c_tl" />
    <link:label xlink:type="resource" xlink:label="label_s2c_tl" xml:lang="en" xlink:role="http://www.xbrl.org/2003/role/label">Tagalog</link:label>
    <link:labelArc xlink:type="arc" xlink:arcrole="http://www.xbrl.org/2003/arcrole/concept-label" xlink:from="loc_s2c_tl" xlink:to="label_s2c_tl" />
    <link:loc xlink:type="locator" xlink:href="mem.xsd#s2c_tn" xlink:label="loc_s2c_tn" />
    <link:label xlink:type="resource" xlink:label="label_s2c_tn" xml:lang="en" xlink:role="http://www.xbrl.org/2003/role/label">Tswana</link:label>
    <link:labelArc xlink:type="arc" xlink:arcrole="http://www.xbrl.org/2003/arcrole/concept-label" xlink:from="loc_s2c_tn" xlink:to="label_s2c_tn" />
    <link:loc xlink:type="locator" xlink:href="mem.xsd#s2c_to" xlink:label="loc_s2c_to" />
    <link:label xlink:type="resource" xlink:label="label_s2c_to" xml:lang="en" xlink:role="http://www.xbrl.org/2003/role/label">Tonga (Tonga Islands)</link:label>
    <link:labelArc xlink:type="arc" xlink:arcrole="http://www.xbrl.org/2003/arcrole/concept-label" xlink:from="loc_s2c_to" xlink:to="label_s2c_to" />
    <link:loc xlink:type="locator" xlink:href="mem.xsd#s2c_tr" xlink:label="loc_s2c_tr" />
    <link:label xlink:type="resource" xlink:label="label_s2c_tr" xml:lang="en" xlink:role="http://www.xbrl.org/2003/role/label">Turkish</link:label>
    <link:labelArc xlink:type="arc" xlink:arcrole="http://www.xbrl.org/2003/arcrole/concept-label" xlink:from="loc_s2c_tr" xlink:to="label_s2c_tr" />
    <link:loc xlink:type="locator" xlink:href="mem.xsd#s2c_ts" xlink:label="loc_s2c_ts" />
    <link:label xlink:type="resource" xlink:label="label_s2c_ts" xml:lang="en" xlink:role="http://www.xbrl.org/2003/role/label">Tsonga</link:label>
    <link:labelArc xlink:type="arc" xlink:arcrole="http://www.xbrl.org/2003/arcrole/concept-label" xlink:from="loc_s2c_ts" xlink:to="label_s2c_ts" />
    <link:loc xlink:type="locator" xlink:href="mem.xsd#s2c_tt" xlink:label="loc_s2c_tt" />
    <link:label xlink:type="resource" xlink:label="label_s2c_tt" xml:lang="en" xlink:role="http://www.xbrl.org/2003/role/label">Tatar</link:label>
    <link:labelArc xlink:type="arc" xlink:arcrole="http://www.xbrl.org/2003/arcrole/concept-label" xlink:from="loc_s2c_tt" xlink:to="label_s2c_tt" />
    <link:loc xlink:type="locator" xlink:href="mem.xsd#s2c_tw" xlink:label="loc_s2c_tw" />
    <link:label xlink:type="resource" xlink:label="label_s2c_tw" xml:lang="en" xlink:role="http://www.xbrl.org/2003/role/label">Twi</link:label>
    <link:labelArc xlink:type="arc" xlink:arcrole="http://www.xbrl.org/2003/arcrole/concept-label" xlink:from="loc_s2c_tw" xlink:to="label_s2c_tw" />
    <link:loc xlink:type="locator" xlink:href="mem.xsd#s2c_ty" xlink:label="loc_s2c_ty" />
    <link:label xlink:type="resource" xlink:label="label_s2c_ty" xml:lang="en" xlink:role="http://www.xbrl.org/2003/role/label">Tahitian</link:label>
    <link:labelArc xlink:type="arc" xlink:arcrole="http://www.xbrl.org/2003/arcrole/concept-label" xlink:from="loc_s2c_ty" xlink:to="label_s2c_ty" />
    <link:loc xlink:type="locator" xlink:href="mem.xsd#s2c_ug" xlink:label="loc_s2c_ug" />
    <link:label xlink:type="resource" xlink:label="label_s2c_ug" xml:lang="en" xlink:role="http://www.xbrl.org/2003/role/label">Uighur</link:label>
    <link:labelArc xlink:type="arc" xlink:arcrole="http://www.xbrl.org/2003/arcrole/concept-label" xlink:from="loc_s2c_ug" xlink:to="label_s2c_ug" />
    <link:loc xlink:type="locator" xlink:href="mem.xsd#s2c_uk" xlink:label="loc_s2c_uk" />
    <link:label xlink:type="resource" xlink:label="label_s2c_uk" xml:lang="en" xlink:role="http://www.xbrl.org/2003/role/label">Ukrainian</link:label>
    <link:labelArc xlink:type="arc" xlink:arcrole="http://www.xbrl.org/2003/arcrole/concept-label" xlink:from="loc_s2c_uk" xlink:to="label_s2c_uk" />
    <link:loc xlink:type="locator" xlink:href="mem.xsd#s2c_ur" xlink:label="loc_s2c_ur" />
    <link:label xlink:type="resource" xlink:label="label_s2c_ur" xml:lang="en" xlink:role="http://www.xbrl.org/2003/role/label">Urdu</link:label>
    <link:labelArc xlink:type="arc" xlink:arcrole="http://www.xbrl.org/2003/arcrole/concept-label" xlink:from="loc_s2c_ur" xlink:to="label_s2c_ur" />
    <link:loc xlink:type="locator" xlink:href="mem.xsd#s2c_uz" xlink:label="loc_s2c_uz" />
    <link:label xlink:type="resource" xlink:label="label_s2c_uz" xml:lang="en" xlink:role="http://www.xbrl.org/2003/role/label">Uzbek</link:label>
    <link:labelArc xlink:type="arc" xlink:arcrole="http://www.xbrl.org/2003/arcrole/concept-label" xlink:from="loc_s2c_uz" xlink:to="label_s2c_uz" />
    <link:loc xlink:type="locator" xlink:href="mem.xsd#s2c_ve" xlink:label="loc_s2c_ve" />
    <link:label xlink:type="resource" xlink:label="label_s2c_ve" xml:lang="en" xlink:role="http://www.xbrl.org/2003/role/label">Venda</link:label>
    <link:labelArc xlink:type="arc" xlink:arcrole="http://www.xbrl.org/2003/arcrole/concept-label" xlink:from="loc_s2c_ve" xlink:to="label_s2c_ve" />
    <link:loc xlink:type="locator" xlink:href="mem.xsd#s2c_vi" xlink:label="loc_s2c_vi" />
    <link:label xlink:type="resource" xlink:label="label_s2c_vi" xml:lang="en" xlink:role="http://www.xbrl.org/2003/role/label">Vietnamese</link:label>
    <link:labelArc xlink:type="arc" xlink:arcrole="http://www.xbrl.org/2003/arcrole/concept-label" xlink:from="loc_s2c_vi" xlink:to="label_s2c_vi" />
    <link:loc xlink:type="locator" xlink:href="mem.xsd#s2c_vo" xlink:label="loc_s2c_vo" />
    <link:label xlink:type="resource" xlink:label="label_s2c_vo" xml:lang="en" xlink:role="http://www.xbrl.org/2003/role/label">Volapük</link:label>
    <link:labelArc xlink:type="arc" xlink:arcrole="http://www.xbrl.org/2003/arcrole/concept-label" xlink:from="loc_s2c_vo" xlink:to="label_s2c_vo" />
    <link:loc xlink:type="locator" xlink:href="mem.xsd#s2c_wa" xlink:label="loc_s2c_wa" />
    <link:label xlink:type="resource" xlink:label="label_s2c_wa" xml:lang="en" xlink:role="http://www.xbrl.org/2003/role/label">Walloon</link:label>
    <link:labelArc xlink:type="arc" xlink:arcrole="http://www.xbrl.org/2003/arcrole/concept-label" xlink:from="loc_s2c_wa" xlink:to="label_s2c_wa" />
    <link:loc xlink:type="locator" xlink:href="mem.xsd#s2c_wo" xlink:label="loc_s2c_wo" />
    <link:label xlink:type="resource" xlink:label="label_s2c_wo" xml:lang="en" xlink:role="http://www.xbrl.org/2003/role/label">Wolof</link:label>
    <link:labelArc xlink:type="arc" xlink:arcrole="http://www.xbrl.org/2003/arcrole/concept-label" xlink:from="loc_s2c_wo" xlink:to="label_s2c_wo" />
    <link:loc xlink:type="locator" xlink:href="mem.xsd#s2c_xh" xlink:label="loc_s2c_xh" />
    <link:label xlink:type="resource" xlink:label="label_s2c_xh" xml:lang="en" xlink:role="http://www.xbrl.org/2003/role/label">Xhosa</link:label>
    <link:labelArc xlink:type="arc" xlink:arcrole="http://www.xbrl.org/2003/arcrole/concept-label" xlink:from="loc_s2c_xh" xlink:to="label_s2c_xh" />
    <link:loc xlink:type="locator" xlink:href="mem.xsd#s2c_yi" xlink:label="loc_s2c_yi" />
    <link:label xlink:type="resource" xlink:label="label_s2c_yi" xml:lang="en" xlink:role="http://www.xbrl.org/2003/role/label">Yiddish</link:label>
    <link:labelArc xlink:type="arc" xlink:arcrole="http://www.xbrl.org/2003/arcrole/concept-label" xlink:from="loc_s2c_yi" xlink:to="label_s2c_yi" />
    <link:loc xlink:type="locator" xlink:href="mem.xsd#s2c_yo" xlink:label="loc_s2c_yo" />
    <link:label xlink:type="resource" xlink:label="label_s2c_yo" xml:lang="en" xlink:role="http://www.xbrl.org/2003/role/label">Yoruba</link:label>
    <link:labelArc xlink:type="arc" xlink:arcrole="http://www.xbrl.org/2003/arcrole/concept-label" xlink:from="loc_s2c_yo" xlink:to="label_s2c_yo" />
    <link:loc xlink:type="locator" xlink:href="mem.xsd#s2c_za" xlink:label="loc_s2c_za" />
    <link:label xlink:type="resource" xlink:label="label_s2c_za" xml:lang="en" xlink:role="http://www.xbrl.org/2003/role/label">Zhuang</link:label>
    <link:labelArc xlink:type="arc" xlink:arcrole="http://www.xbrl.org/2003/arcrole/concept-label" xlink:from="loc_s2c_za" xlink:to="label_s2c_za" />
    <link:loc xlink:type="locator" xlink:href="mem.xsd#s2c_zg" xlink:label="loc_s2c_zg" />
    <link:label xlink:type="resource" xlink:label="label_s2c_zg" xml:lang="en" xlink:role="http://www.xbrl.org/2003/role/label">Standard Moroccan Tamazight</link:label>
    <link:labelArc xlink:type="arc" xlink:arcrole="http://www.xbrl.org/2003/arcrole/concept-label" xlink:from="loc_s2c_zg" xlink:to="label_s2c_zg" />
    <link:loc xlink:type="locator" xlink:href="mem.xsd#s2c_zh" xlink:label="loc_s2c_zh" />
    <link:label xlink:type="resource" xlink:label="label_s2c_zh" xml:lang="en" xlink:role="http://www.xbrl.org/2003/role/label">Chinese</link:label>
    <link:labelArc xlink:type="arc" xlink:arcrole="http://www.xbrl.org/2003/arcrole/concept-label" xlink:from="loc_s2c_zh" xlink:to="label_s2c_zh" />
    <link:loc xlink:type="locator" xlink:href="mem.xsd#s2c_zu" xlink:label="loc_s2c_zu" />
    <link:label xlink:type="resource" xlink:label="label_s2c_zu" xml:lang="en" xlink:role="http://www.xbrl.org/2003/role/label">Zulu</link:label>
    <link:labelArc xlink:type="arc" xlink:arcrole="http://www.xbrl.org/2003/arcrole/concept-label" xlink:from="loc_s2c_zu" xlink:to="label_s2c_zu" />
  </link:labelLink>
</link:linkbase>