<?xml version="1.0" encoding="UTF-8"?>
<!--(C) EIOPA - XBRL Taxonomy-->
<?officialURI http://eiopa.europa.eu/eu/xbrl/s2c/dict/dom/ts/mem-lab-en.xml?>
<?taxonomy-version 2.4.0?>
<?taxonomy-date 2019-07-15?>
<link:linkbase xmlns:xsi="http://www.w3.org/2001/XMLSchema-instance" xmlns:xlink="http://www.w3.org/1999/xlink" xmlns:link="http://www.xbrl.org/2003/linkbase" xsi:schemaLocation="http://www.xbrl.org/2003/linkbase http://www.xbrl.org/2003/xbrl-linkbase-2003-12-31.xsd">
  <link:labelLink xlink:type="extended" xlink:role="http://www.xbrl.org/2003/role/link">
    <link:loc xlink:type="locator" xlink:href="mem.xsd#s2c_x0" xlink:label="loc_s2c_x0" />
    <link:label xlink:type="resource" xlink:label="label_s2c_x0" xml:lang="en" xlink:role="http://www.xbrl.org/2003/role/label">NA</link:label>
    <link:labelArc xlink:type="arc" xlink:arcrole="http://www.xbrl.org/2003/arcrole/concept-label" xlink:from="loc_s2c_x0" xlink:to="label_s2c_x0" />
    <link:loc xlink:type="locator" xlink:href="mem.xsd#s2c_x1" xlink:label="loc_s2c_x1" />
    <link:label xlink:type="resource" xlink:label="label_s2c_x1" xml:lang="en" xlink:role="http://www.xbrl.org/2003/role/label">Accounting standard</link:label>
    <link:labelArc xlink:type="arc" xlink:arcrole="http://www.xbrl.org/2003/arcrole/concept-label" xlink:from="loc_s2c_x1" xlink:to="label_s2c_x1" />
    <link:loc xlink:type="locator" xlink:href="mem.xsd#s2c_x2" xlink:label="loc_s2c_x2" />
    <link:label xlink:type="resource" xlink:label="label_s2c_x2" xml:lang="en" xlink:role="http://www.xbrl.org/2003/role/label">Additional information in case of use of discount rates other than risk free rates</link:label>
    <link:labelArc xlink:type="arc" xlink:arcrole="http://www.xbrl.org/2003/arcrole/concept-label" xlink:from="loc_s2c_x2" xlink:to="label_s2c_x2" />
    <link:loc xlink:type="locator" xlink:href="mem.xsd#s2c_x3" xlink:label="loc_s2c_x3" />
    <link:label xlink:type="resource" xlink:label="label_s2c_x3" xml:lang="en" xlink:role="http://www.xbrl.org/2003/role/label">Contract name</link:label>
    <link:labelArc xlink:type="arc" xlink:arcrole="http://www.xbrl.org/2003/arcrole/concept-label" xlink:from="loc_s2c_x3" xlink:to="label_s2c_x3" />
    <link:loc xlink:type="locator" xlink:href="mem.xsd#s2c_x4" xlink:label="loc_s2c_x4" />
    <link:label xlink:type="resource" xlink:label="label_s2c_x4" xml:lang="en" xlink:role="http://www.xbrl.org/2003/role/label">Counterparty group</link:label>
    <link:labelArc xlink:type="arc" xlink:arcrole="http://www.xbrl.org/2003/arcrole/concept-label" xlink:from="loc_s2c_x4" xlink:to="label_s2c_x4" />
    <link:loc xlink:type="locator" xlink:href="mem.xsd#s2c_x5" xlink:label="loc_s2c_x5" />
    <link:label xlink:type="resource" xlink:label="label_s2c_x5" xml:lang="en" xlink:role="http://www.xbrl.org/2003/role/label">Counterparty ID</link:label>
    <link:labelArc xlink:type="arc" xlink:arcrole="http://www.xbrl.org/2003/arcrole/concept-label" xlink:from="loc_s2c_x5" xlink:to="label_s2c_x5" />
    <link:loc xlink:type="locator" xlink:href="mem.xsd#s2c_x6" xlink:label="loc_s2c_x6" />
    <link:label xlink:type="resource" xlink:label="label_s2c_x6" xml:lang="en" xlink:role="http://www.xbrl.org/2003/role/label">Coupon/interest rate</link:label>
    <link:labelArc xlink:type="arc" xlink:arcrole="http://www.xbrl.org/2003/arcrole/concept-label" xlink:from="loc_s2c_x6" xlink:to="label_s2c_x6" />
    <link:loc xlink:type="locator" xlink:href="mem.xsd#s2c_x7" xlink:label="loc_s2c_x7" />
    <link:label xlink:type="resource" xlink:label="label_s2c_x7" xml:lang="en" xlink:role="http://www.xbrl.org/2003/role/label">Description of additional item</link:label>
    <link:labelArc xlink:type="arc" xlink:arcrole="http://www.xbrl.org/2003/arcrole/concept-label" xlink:from="loc_s2c_x7" xlink:to="label_s2c_x7" />
    <link:loc xlink:type="locator" xlink:href="mem.xsd#s2c_x8" xlink:label="loc_s2c_x8" />
    <link:label xlink:type="resource" xlink:label="label_s2c_x8" xml:lang="en" xlink:role="http://www.xbrl.org/2003/role/label">Description of ancillary own funds</link:label>
    <link:labelArc xlink:type="arc" xlink:arcrole="http://www.xbrl.org/2003/arcrole/concept-label" xlink:from="loc_s2c_x8" xlink:to="label_s2c_x8" />
    <link:loc xlink:type="locator" xlink:href="mem.xsd#s2c_x9" xlink:label="loc_s2c_x9" />
    <link:label xlink:type="resource" xlink:label="label_s2c_x9" xml:lang="en" xlink:role="http://www.xbrl.org/2003/role/label">Description of asset/liability underlying the derivative</link:label>
    <link:labelArc xlink:type="arc" xlink:arcrole="http://www.xbrl.org/2003/arcrole/concept-label" xlink:from="loc_s2c_x9" xlink:to="label_s2c_x9" />
    <link:loc xlink:type="locator" xlink:href="mem.xsd#s2c_x10" xlink:label="loc_s2c_x10" />
    <link:label xlink:type="resource" xlink:label="label_s2c_x10" xml:lang="en" xlink:role="http://www.xbrl.org/2003/role/label">Description of average guaranteed rate to the policy holder over the life time of the contract</link:label>
    <link:labelArc xlink:type="arc" xlink:arcrole="http://www.xbrl.org/2003/arcrole/concept-label" xlink:from="loc_s2c_x10" xlink:to="label_s2c_x10" />
    <link:loc xlink:type="locator" xlink:href="mem.xsd#s2c_x11" xlink:label="loc_s2c_x11" />
    <link:label xlink:type="resource" xlink:label="label_s2c_x11" xml:lang="en" xlink:role="http://www.xbrl.org/2003/role/label">Description of basis risk arising from contractual terms</link:label>
    <link:labelArc xlink:type="arc" xlink:arcrole="http://www.xbrl.org/2003/arcrole/concept-label" xlink:from="loc_s2c_x11" xlink:to="label_s2c_x11" />
    <link:loc xlink:type="locator" xlink:href="mem.xsd#s2c_x12" xlink:label="loc_s2c_x12" />
    <link:label xlink:type="resource" xlink:label="label_s2c_x12" xml:lang="en" xlink:role="http://www.xbrl.org/2003/role/label">Description of basis risk arising from risk-transfer structure</link:label>
    <link:labelArc xlink:type="arc" xlink:arcrole="http://www.xbrl.org/2003/arcrole/concept-label" xlink:from="loc_s2c_x12" xlink:to="label_s2c_x12" />
    <link:loc xlink:type="locator" xlink:href="mem.xsd#s2c_x13" xlink:label="loc_s2c_x13" />
    <link:label xlink:type="resource" xlink:label="label_s2c_x13" xml:lang="en" xlink:role="http://www.xbrl.org/2003/role/label">Description of cases where either the reinsurer's participation is at conditions different from those of the standard facultative or treaty placement, or to provide any other information that the undertaking has to bring to the attention of the Supervisor</link:label>
    <link:labelArc xlink:type="arc" xlink:arcrole="http://www.xbrl.org/2003/arcrole/concept-label" xlink:from="loc_s2c_x13" xlink:to="label_s2c_x13" />
    <link:loc xlink:type="locator" xlink:href="mem.xsd#s2c_x14" xlink:label="loc_s2c_x14" />
    <link:label xlink:type="resource" xlink:label="label_s2c_x14" xml:lang="en" xlink:role="http://www.xbrl.org/2003/role/label">Description of component</link:label>
    <link:labelArc xlink:type="arc" xlink:arcrole="http://www.xbrl.org/2003/arcrole/concept-label" xlink:from="loc_s2c_x14" xlink:to="label_s2c_x14" />
    <link:loc xlink:type="locator" xlink:href="mem.xsd#s2c_x15" xlink:label="loc_s2c_x15" />
    <link:label xlink:type="resource" xlink:label="label_s2c_x15" xml:lang="en" xlink:role="http://www.xbrl.org/2003/role/label">Description of countries or group of countries</link:label>
    <link:labelArc xlink:type="arc" xlink:arcrole="http://www.xbrl.org/2003/arcrole/concept-label" xlink:from="loc_s2c_x15" xlink:to="label_s2c_x15" />
    <link:loc xlink:type="locator" xlink:href="mem.xsd#s2c_x16" xlink:label="loc_s2c_x16" />
    <link:label xlink:type="resource" xlink:label="label_s2c_x16" xml:lang="en" xlink:role="http://www.xbrl.org/2003/role/label">Description of criteria of influence other than percent of capital share, Percent used for the establishment of accounting consolidated accounts and percent of voting rights</link:label>
    <link:labelArc xlink:type="arc" xlink:arcrole="http://www.xbrl.org/2003/arcrole/concept-label" xlink:from="loc_s2c_x16" xlink:to="label_s2c_x16" />
    <link:loc xlink:type="locator" xlink:href="mem.xsd#s2c_x17" xlink:label="loc_s2c_x17" />
    <link:label xlink:type="resource" xlink:label="label_s2c_x17" xml:lang="en" xlink:role="http://www.xbrl.org/2003/role/label">Description of further call dates</link:label>
    <link:labelArc xlink:type="arc" xlink:arcrole="http://www.xbrl.org/2003/arcrole/concept-label" xlink:from="loc_s2c_x17" xlink:to="label_s2c_x17" />
    <link:loc xlink:type="locator" xlink:href="mem.xsd#s2c_x18" xlink:label="loc_s2c_x18" />
    <link:label xlink:type="resource" xlink:label="label_s2c_x18" xml:lang="en" xlink:role="http://www.xbrl.org/2003/role/label">Description of guarantees [cover term]</link:label>
    <link:labelArc xlink:type="arc" xlink:arcrole="http://www.xbrl.org/2003/arcrole/concept-label" xlink:from="loc_s2c_x18" xlink:to="label_s2c_x18" />
    <link:loc xlink:type="locator" xlink:href="mem.xsd#s2c_x19" xlink:label="loc_s2c_x19" />
    <link:label xlink:type="resource" xlink:label="label_s2c_x19" xml:lang="en" xlink:role="http://www.xbrl.org/2003/role/label">Description of guarantees [general]</link:label>
    <link:labelArc xlink:type="arc" xlink:arcrole="http://www.xbrl.org/2003/arcrole/concept-label" xlink:from="loc_s2c_x19" xlink:to="label_s2c_x19" />
    <link:loc xlink:type="locator" xlink:href="mem.xsd#s2c_x20" xlink:label="loc_s2c_x20" />
    <link:label xlink:type="resource" xlink:label="label_s2c_x20" xml:lang="en" xlink:role="http://www.xbrl.org/2003/role/label">Description of impact on: assets/liability/off-balance sheet</link:label>
    <link:labelArc xlink:type="arc" xlink:arcrole="http://www.xbrl.org/2003/arcrole/concept-label" xlink:from="loc_s2c_x20" xlink:to="label_s2c_x20" />
    <link:loc xlink:type="locator" xlink:href="mem.xsd#s2c_x21" xlink:label="loc_s2c_x21" />
    <link:label xlink:type="resource" xlink:label="label_s2c_x21" xml:lang="en" xlink:role="http://www.xbrl.org/2003/role/label">Description of incentives to redeem</link:label>
    <link:labelArc xlink:type="arc" xlink:arcrole="http://www.xbrl.org/2003/arcrole/concept-label" xlink:from="loc_s2c_x21" xlink:to="label_s2c_x21" />
    <link:loc xlink:type="locator" xlink:href="mem.xsd#s2c_x22" xlink:label="loc_s2c_x22" />
    <link:label xlink:type="resource" xlink:label="label_s2c_x22" xml:lang="en" xlink:role="http://www.xbrl.org/2003/role/label">Description of inclusion of catastrophic guarantees</link:label>
    <link:labelArc xlink:type="arc" xlink:arcrole="http://www.xbrl.org/2003/arcrole/concept-label" xlink:from="loc_s2c_x22" xlink:to="label_s2c_x22" />
    <link:loc xlink:type="locator" xlink:href="mem.xsd#s2c_x23" xlink:label="loc_s2c_x23" />
    <link:label xlink:type="resource" xlink:label="label_s2c_x23" xml:lang="en" xlink:role="http://www.xbrl.org/2003/role/label">Description of inflation rate used</link:label>
    <link:labelArc xlink:type="arc" xlink:arcrole="http://www.xbrl.org/2003/arcrole/concept-label" xlink:from="loc_s2c_x23" xlink:to="label_s2c_x23" />
    <link:loc xlink:type="locator" xlink:href="mem.xsd#s2c_x24" xlink:label="loc_s2c_x24" />
    <link:label xlink:type="resource" xlink:label="label_s2c_x24" xml:lang="en" xlink:role="http://www.xbrl.org/2003/role/label">Description of item approved by supervisory authority as basic own funds</link:label>
    <link:labelArc xlink:type="arc" xlink:arcrole="http://www.xbrl.org/2003/arcrole/concept-label" xlink:from="loc_s2c_x24" xlink:to="label_s2c_x24" />
    <link:loc xlink:type="locator" xlink:href="mem.xsd#s2c_x25" xlink:label="loc_s2c_x25" />
    <link:label xlink:type="resource" xlink:label="label_s2c_x25" xml:lang="en" xlink:role="http://www.xbrl.org/2003/role/label">Description of legal nature</link:label>
    <link:labelArc xlink:type="arc" xlink:arcrole="http://www.xbrl.org/2003/arcrole/concept-label" xlink:from="loc_s2c_x25" xlink:to="label_s2c_x25" />
    <link:loc xlink:type="locator" xlink:href="mem.xsd#s2c_x26" xlink:label="loc_s2c_x26" />
    <link:label xlink:type="resource" xlink:label="label_s2c_x26" xml:lang="en" xlink:role="http://www.xbrl.org/2003/role/label">Description of material investments held by cedant in securitisation</link:label>
    <link:labelArc xlink:type="arc" xlink:arcrole="http://www.xbrl.org/2003/arcrole/concept-label" xlink:from="loc_s2c_x26" xlink:to="label_s2c_x26" />
    <link:loc xlink:type="locator" xlink:href="mem.xsd#s2c_x27" xlink:label="loc_s2c_x27" />
    <link:label xlink:type="resource" xlink:label="label_s2c_x27" xml:lang="en" xlink:role="http://www.xbrl.org/2003/role/label">Description of own funds from the financial statements that should not be represented by the reconciliation reserve and do not meet the criteria to be classified as Solvency II own funds</link:label>
    <link:labelArc xlink:type="arc" xlink:arcrole="http://www.xbrl.org/2003/arcrole/concept-label" xlink:from="loc_s2c_x27" xlink:to="label_s2c_x27" />
    <link:loc xlink:type="locator" xlink:href="mem.xsd#s2c_x28" xlink:label="loc_s2c_x28" />
    <link:label xlink:type="resource" xlink:label="label_s2c_x28" xml:lang="en" xlink:role="http://www.xbrl.org/2003/role/label">Description of preference share</link:label>
    <link:labelArc xlink:type="arc" xlink:arcrole="http://www.xbrl.org/2003/arcrole/concept-label" xlink:from="loc_s2c_x28" xlink:to="label_s2c_x28" />
    <link:loc xlink:type="locator" xlink:href="mem.xsd#s2c_x29" xlink:label="loc_s2c_x29" />
    <link:label xlink:type="resource" xlink:label="label_s2c_x29" xml:lang="en" xlink:role="http://www.xbrl.org/2003/role/label">Description of reason[s] stated by the supervisor in it's decision related to capital add-on</link:label>
    <link:labelArc xlink:type="arc" xlink:arcrole="http://www.xbrl.org/2003/arcrole/concept-label" xlink:from="loc_s2c_x29" xlink:to="label_s2c_x29" />
    <link:loc xlink:type="locator" xlink:href="mem.xsd#s2c_x30" xlink:label="loc_s2c_x30" />
    <link:label xlink:type="resource" xlink:label="label_s2c_x30" xml:lang="en" xlink:role="http://www.xbrl.org/2003/role/label">Description of risk</link:label>
    <link:labelArc xlink:type="arc" xlink:arcrole="http://www.xbrl.org/2003/arcrole/concept-label" xlink:from="loc_s2c_x30" xlink:to="label_s2c_x30" />
    <link:loc xlink:type="locator" xlink:href="mem.xsd#s2c_x31" xlink:label="loc_s2c_x31" />
    <link:label xlink:type="resource" xlink:label="label_s2c_x31" xml:lang="en" xlink:role="http://www.xbrl.org/2003/role/label">Description of subordinated MMA</link:label>
    <link:labelArc xlink:type="arc" xlink:arcrole="http://www.xbrl.org/2003/arcrole/concept-label" xlink:from="loc_s2c_x31" xlink:to="label_s2c_x31" />
    <link:loc xlink:type="locator" xlink:href="mem.xsd#s2c_x32" xlink:label="loc_s2c_x32" />
    <link:label xlink:type="resource" xlink:label="label_s2c_x32" xml:lang="en" xlink:role="http://www.xbrl.org/2003/role/label">Description of trigger event</link:label>
    <link:labelArc xlink:type="arc" xlink:arcrole="http://www.xbrl.org/2003/arcrole/concept-label" xlink:from="loc_s2c_x32" xlink:to="label_s2c_x32" />
    <link:loc xlink:type="locator" xlink:href="mem.xsd#s2c_x33" xlink:label="loc_s2c_x33" />
    <link:label xlink:type="resource" xlink:label="label_s2c_x33" xml:lang="en" xlink:role="http://www.xbrl.org/2003/role/label">Description of trigger value</link:label>
    <link:labelArc xlink:type="arc" xlink:arcrole="http://www.xbrl.org/2003/arcrole/concept-label" xlink:from="loc_s2c_x33" xlink:to="label_s2c_x33" />
    <link:loc xlink:type="locator" xlink:href="mem.xsd#s2c_x34" xlink:label="loc_s2c_x34" />
    <link:label xlink:type="resource" xlink:label="label_s2c_x34" xml:lang="en" xlink:role="http://www.xbrl.org/2003/role/label">Description of type of product</link:label>
    <link:labelArc xlink:type="arc" xlink:arcrole="http://www.xbrl.org/2003/arcrole/concept-label" xlink:from="loc_s2c_x34" xlink:to="label_s2c_x34" />
    <link:loc xlink:type="locator" xlink:href="mem.xsd#s2c_x35" xlink:label="loc_s2c_x35" />
    <link:label xlink:type="resource" xlink:label="label_s2c_x35" xml:lang="en" xlink:role="http://www.xbrl.org/2003/role/label">Description risk category covered</link:label>
    <link:labelArc xlink:type="arc" xlink:arcrole="http://www.xbrl.org/2003/arcrole/concept-label" xlink:from="loc_s2c_x35" xlink:to="label_s2c_x35" />
    <link:loc xlink:type="locator" xlink:href="mem.xsd#s2c_x36" xlink:label="loc_s2c_x36" />
    <link:label xlink:type="resource" xlink:label="label_s2c_x36" xml:lang="en" xlink:role="http://www.xbrl.org/2003/role/label">Description, if approval of full internal model for calculating solo SCR regards a solo internal model or group internal model</link:label>
    <link:labelArc xlink:type="arc" xlink:arcrole="http://www.xbrl.org/2003/arcrole/concept-label" xlink:from="loc_s2c_x36" xlink:to="label_s2c_x36" />
    <link:loc xlink:type="locator" xlink:href="mem.xsd#s2c_x37" xlink:label="loc_s2c_x37" />
    <link:label xlink:type="resource" xlink:label="label_s2c_x37" xml:lang="en" xlink:role="http://www.xbrl.org/2003/role/label">Description, where partial internal model was used in standard formula [if anywhere]</link:label>
    <link:labelArc xlink:type="arc" xlink:arcrole="http://www.xbrl.org/2003/arcrole/concept-label" xlink:from="loc_s2c_x37" xlink:to="label_s2c_x37" />
    <link:loc xlink:type="locator" xlink:href="mem.xsd#s2c_x38" xlink:label="loc_s2c_x38" />
    <link:label xlink:type="resource" xlink:label="label_s2c_x38" xml:lang="en" xlink:role="http://www.xbrl.org/2003/role/label">Description, where simplifications were used in standard formula [if anywhere]</link:label>
    <link:labelArc xlink:type="arc" xlink:arcrole="http://www.xbrl.org/2003/arcrole/concept-label" xlink:from="loc_s2c_x38" xlink:to="label_s2c_x38" />
    <link:loc xlink:type="locator" xlink:href="mem.xsd#s2c_x39" xlink:label="loc_s2c_x39" />
    <link:label xlink:type="resource" xlink:label="label_s2c_x39" xml:lang="en" xlink:role="http://www.xbrl.org/2003/role/label">Description, where undertaking specific parameters were used in standard formula [if anywhere]</link:label>
    <link:labelArc xlink:type="arc" xlink:arcrole="http://www.xbrl.org/2003/arcrole/concept-label" xlink:from="loc_s2c_x39" xlink:to="label_s2c_x39" />
    <link:loc xlink:type="locator" xlink:href="mem.xsd#s2c_x40" xlink:label="loc_s2c_x40" />
    <link:label xlink:type="resource" xlink:label="label_s2c_x40" xml:lang="en" xlink:role="http://www.xbrl.org/2003/role/label">Descriptions</link:label>
    <link:labelArc xlink:type="arc" xlink:arcrole="http://www.xbrl.org/2003/arcrole/concept-label" xlink:from="loc_s2c_x40" xlink:to="label_s2c_x40" />
    <link:loc xlink:type="locator" xlink:href="mem.xsd#s2c_x41" xlink:label="loc_s2c_x41" />
    <link:label xlink:type="resource" xlink:label="label_s2c_x41" xml:lang="en" xlink:role="http://www.xbrl.org/2003/role/label">Descriptions of reinstatements</link:label>
    <link:labelArc xlink:type="arc" xlink:arcrole="http://www.xbrl.org/2003/arcrole/concept-label" xlink:from="loc_s2c_x41" xlink:to="label_s2c_x41" />
    <link:loc xlink:type="locator" xlink:href="mem.xsd#s2c_x42" xlink:label="loc_s2c_x42" />
    <link:label xlink:type="resource" xlink:label="label_s2c_x42" xml:lang="en" xlink:role="http://www.xbrl.org/2003/role/label">Explanation if the item has been bought back</link:label>
    <link:labelArc xlink:type="arc" xlink:arcrole="http://www.xbrl.org/2003/arcrole/concept-label" xlink:from="loc_s2c_x42" xlink:to="label_s2c_x42" />
    <link:loc xlink:type="locator" xlink:href="mem.xsd#s2c_x43" xlink:label="loc_s2c_x43" />
    <link:label xlink:type="resource" xlink:label="label_s2c_x43" xml:lang="en" xlink:role="http://www.xbrl.org/2003/role/label">Group</link:label>
    <link:labelArc xlink:type="arc" xlink:arcrole="http://www.xbrl.org/2003/arcrole/concept-label" xlink:from="loc_s2c_x43" xlink:to="label_s2c_x43" />
    <link:loc xlink:type="locator" xlink:href="mem.xsd#s2c_x44" xlink:label="loc_s2c_x44" />
    <link:label xlink:type="resource" xlink:label="label_s2c_x44" xml:lang="en" xlink:role="http://www.xbrl.org/2003/role/label">Hedge</link:label>
    <link:labelArc xlink:type="arc" xlink:arcrole="http://www.xbrl.org/2003/arcrole/concept-label" xlink:from="loc_s2c_x44" xlink:to="label_s2c_x44" />
    <link:loc xlink:type="locator" xlink:href="mem.xsd#s2c_x45" xlink:label="loc_s2c_x45" />
    <link:label xlink:type="resource" xlink:label="label_s2c_x45" xml:lang="en" xlink:role="http://www.xbrl.org/2003/role/label">Issuer group</link:label>
    <link:labelArc xlink:type="arc" xlink:arcrole="http://www.xbrl.org/2003/arcrole/concept-label" xlink:from="loc_s2c_x45" xlink:to="label_s2c_x45" />
    <link:loc xlink:type="locator" xlink:href="mem.xsd#s2c_x46" xlink:label="loc_s2c_x46" />
    <link:label xlink:type="resource" xlink:label="label_s2c_x46" xml:lang="en" xlink:role="http://www.xbrl.org/2003/role/label">Item title</link:label>
    <link:labelArc xlink:type="arc" xlink:arcrole="http://www.xbrl.org/2003/arcrole/concept-label" xlink:from="loc_s2c_x46" xlink:to="label_s2c_x46" />
    <link:loc xlink:type="locator" xlink:href="mem.xsd#s2c_x47" xlink:label="loc_s2c_x47" />
    <link:label xlink:type="resource" xlink:label="label_s2c_x47" xml:lang="en" xlink:role="http://www.xbrl.org/2003/role/label">Legal form</link:label>
    <link:labelArc xlink:type="arc" xlink:arcrole="http://www.xbrl.org/2003/arcrole/concept-label" xlink:from="loc_s2c_x47" xlink:to="label_s2c_x47" />
    <link:loc xlink:type="locator" xlink:href="mem.xsd#s2c_x48" xlink:label="loc_s2c_x48" />
    <link:label xlink:type="resource" xlink:label="label_s2c_x48" xml:lang="en" xlink:role="http://www.xbrl.org/2003/role/label">Legal name of undertaking</link:label>
    <link:labelArc xlink:type="arc" xlink:arcrole="http://www.xbrl.org/2003/arcrole/concept-label" xlink:from="loc_s2c_x48" xlink:to="label_s2c_x48" />
    <link:loc xlink:type="locator" xlink:href="mem.xsd#s2c_x49" xlink:label="loc_s2c_x49" />
    <link:label xlink:type="resource" xlink:label="label_s2c_x49" xml:lang="en" xlink:role="http://www.xbrl.org/2003/role/label">Name</link:label>
    <link:labelArc xlink:type="arc" xlink:arcrole="http://www.xbrl.org/2003/arcrole/concept-label" xlink:from="loc_s2c_x49" xlink:to="label_s2c_x49" />
    <link:loc xlink:type="locator" xlink:href="mem.xsd#s2c_x50" xlink:label="loc_s2c_x50" />
    <link:label xlink:type="resource" xlink:label="label_s2c_x50" xml:lang="en" xlink:role="http://www.xbrl.org/2003/role/label">Name of broker</link:label>
    <link:labelArc xlink:type="arc" xlink:arcrole="http://www.xbrl.org/2003/arcrole/concept-label" xlink:from="loc_s2c_x50" xlink:to="label_s2c_x50" />
    <link:loc xlink:type="locator" xlink:href="mem.xsd#s2c_x51" xlink:label="loc_s2c_x51" />
    <link:label xlink:type="resource" xlink:label="label_s2c_x51" xml:lang="en" xlink:role="http://www.xbrl.org/2003/role/label">Name of collateral/guarantee provider</link:label>
    <link:labelArc xlink:type="arc" xlink:arcrole="http://www.xbrl.org/2003/arcrole/concept-label" xlink:from="loc_s2c_x51" xlink:to="label_s2c_x51" />
    <link:loc xlink:type="locator" xlink:href="mem.xsd#s2c_x52" xlink:label="loc_s2c_x52" />
    <link:label xlink:type="resource" xlink:label="label_s2c_x52" xml:lang="en" xlink:role="http://www.xbrl.org/2003/role/label">Name of counterparty</link:label>
    <link:labelArc xlink:type="arc" xlink:arcrole="http://www.xbrl.org/2003/arcrole/concept-label" xlink:from="loc_s2c_x52" xlink:to="label_s2c_x52" />
    <link:loc xlink:type="locator" xlink:href="mem.xsd#s2c_x53" xlink:label="loc_s2c_x53" />
    <link:label xlink:type="resource" xlink:label="label_s2c_x53" xml:lang="en" xlink:role="http://www.xbrl.org/2003/role/label">Name of counterparty for which credit protection is purchased</link:label>
    <link:labelArc xlink:type="arc" xlink:arcrole="http://www.xbrl.org/2003/arcrole/concept-label" xlink:from="loc_s2c_x53" xlink:to="label_s2c_x53" />
    <link:loc xlink:type="locator" xlink:href="mem.xsd#s2c_x54" xlink:label="loc_s2c_x54" />
    <link:label xlink:type="resource" xlink:label="label_s2c_x54" xml:lang="en" xlink:role="http://www.xbrl.org/2003/role/label">Name of insured entity</link:label>
    <link:labelArc xlink:type="arc" xlink:arcrole="http://www.xbrl.org/2003/arcrole/concept-label" xlink:from="loc_s2c_x54" xlink:to="label_s2c_x54" />
    <link:loc xlink:type="locator" xlink:href="mem.xsd#s2c_x55" xlink:label="loc_s2c_x55" />
    <link:label xlink:type="resource" xlink:label="label_s2c_x55" xml:lang="en" xlink:role="http://www.xbrl.org/2003/role/label">Name of investor/buyer/transferee/payer/reinsured/beneficiary</link:label>
    <link:labelArc xlink:type="arc" xlink:arcrole="http://www.xbrl.org/2003/arcrole/concept-label" xlink:from="loc_s2c_x55" xlink:to="label_s2c_x55" />
    <link:loc xlink:type="locator" xlink:href="mem.xsd#s2c_x56" xlink:label="loc_s2c_x56" />
    <link:label xlink:type="resource" xlink:label="label_s2c_x56" xml:lang="en" xlink:role="http://www.xbrl.org/2003/role/label">Name of issuer/seller/transferor/receiver/reinsurer/provider</link:label>
    <link:labelArc xlink:type="arc" xlink:arcrole="http://www.xbrl.org/2003/arcrole/concept-label" xlink:from="loc_s2c_x56" xlink:to="label_s2c_x56" />
    <link:loc xlink:type="locator" xlink:href="mem.xsd#s2c_x57" xlink:label="loc_s2c_x57" />
    <link:label xlink:type="resource" xlink:label="label_s2c_x57" xml:lang="en" xlink:role="http://www.xbrl.org/2003/role/label">Name of receiver of guarantee</link:label>
    <link:labelArc xlink:type="arc" xlink:arcrole="http://www.xbrl.org/2003/arcrole/concept-label" xlink:from="loc_s2c_x57" xlink:to="label_s2c_x57" />
    <link:loc xlink:type="locator" xlink:href="mem.xsd#s2c_x58" xlink:label="loc_s2c_x58" />
    <link:label xlink:type="resource" xlink:label="label_s2c_x58" xml:lang="en" xlink:role="http://www.xbrl.org/2003/role/label">Name of reinsurer</link:label>
    <link:labelArc xlink:type="arc" xlink:arcrole="http://www.xbrl.org/2003/arcrole/concept-label" xlink:from="loc_s2c_x58" xlink:to="label_s2c_x58" />
    <link:loc xlink:type="locator" xlink:href="mem.xsd#s2c_x59" xlink:label="loc_s2c_x59" />
    <link:label xlink:type="resource" xlink:label="label_s2c_x59" xml:lang="en" xlink:role="http://www.xbrl.org/2003/role/label">Name of ring fenced fund</link:label>
    <link:labelArc xlink:type="arc" xlink:arcrole="http://www.xbrl.org/2003/arcrole/concept-label" xlink:from="loc_s2c_x59" xlink:to="label_s2c_x59" />
    <link:loc xlink:type="locator" xlink:href="mem.xsd#s2c_x60" xlink:label="loc_s2c_x60" />
    <link:label xlink:type="resource" xlink:label="label_s2c_x60" xml:lang="en" xlink:role="http://www.xbrl.org/2003/role/label">Name of SPV</link:label>
    <link:labelArc xlink:type="arc" xlink:arcrole="http://www.xbrl.org/2003/arcrole/concept-label" xlink:from="loc_s2c_x60" xlink:to="label_s2c_x60" />
    <link:loc xlink:type="locator" xlink:href="mem.xsd#s2c_x61" xlink:label="loc_s2c_x61" />
    <link:label xlink:type="resource" xlink:label="label_s2c_x61" xml:lang="en" xlink:role="http://www.xbrl.org/2003/role/label">Name of Supervisory Authority</link:label>
    <link:labelArc xlink:type="arc" xlink:arcrole="http://www.xbrl.org/2003/arcrole/concept-label" xlink:from="loc_s2c_x61" xlink:to="label_s2c_x61" />
    <link:loc xlink:type="locator" xlink:href="mem.xsd#s2c_x62" xlink:label="loc_s2c_x62" />
    <link:label xlink:type="resource" xlink:label="label_s2c_x62" xml:lang="en" xlink:role="http://www.xbrl.org/2003/role/label">Name of the counterparty of the Group</link:label>
    <link:labelArc xlink:type="arc" xlink:arcrole="http://www.xbrl.org/2003/arcrole/concept-label" xlink:from="loc_s2c_x62" xlink:to="label_s2c_x62" />
    <link:loc xlink:type="locator" xlink:href="mem.xsd#s2c_x63" xlink:label="loc_s2c_x63" />
    <link:label xlink:type="resource" xlink:label="label_s2c_x63" xml:lang="en" xlink:role="http://www.xbrl.org/2003/role/label">Names of group entities subject to the exposure</link:label>
    <link:labelArc xlink:type="arc" xlink:arcrole="http://www.xbrl.org/2003/arcrole/concept-label" xlink:from="loc_s2c_x63" xlink:to="label_s2c_x63" />
    <link:loc xlink:type="locator" xlink:href="mem.xsd#s2c_x64" xlink:label="loc_s2c_x64" />
    <link:label xlink:type="resource" xlink:label="label_s2c_x64" xml:lang="en" xlink:role="http://www.xbrl.org/2003/role/label">Names of hedged risks</link:label>
    <link:labelArc xlink:type="arc" xlink:arcrole="http://www.xbrl.org/2003/arcrole/concept-label" xlink:from="loc_s2c_x64" xlink:to="label_s2c_x64" />
    <link:loc xlink:type="locator" xlink:href="mem.xsd#s2c_x66" xlink:label="loc_s2c_x66" />
    <link:label xlink:type="resource" xlink:label="label_s2c_x66" xml:lang="en" xlink:role="http://www.xbrl.org/2003/role/label">Product denomination</link:label>
    <link:labelArc xlink:type="arc" xlink:arcrole="http://www.xbrl.org/2003/arcrole/concept-label" xlink:from="loc_s2c_x66" xlink:to="label_s2c_x66" />
    <link:loc xlink:type="locator" xlink:href="mem.xsd#s2c_x69" xlink:label="loc_s2c_x69" />
    <link:label xlink:type="resource" xlink:label="label_s2c_x69" xml:lang="en" xlink:role="http://www.xbrl.org/2003/role/label">Single name exposure</link:label>
    <link:labelArc xlink:type="arc" xlink:arcrole="http://www.xbrl.org/2003/arcrole/concept-label" xlink:from="loc_s2c_x69" xlink:to="label_s2c_x69" />
    <link:loc xlink:type="locator" xlink:href="mem.xsd#s2c_x70" xlink:label="loc_s2c_x70" />
    <link:label xlink:type="resource" xlink:label="label_s2c_x70" xml:lang="en" xlink:role="http://www.xbrl.org/2003/role/label">Swap delivered interest rate [for buyer]</link:label>
    <link:labelArc xlink:type="arc" xlink:arcrole="http://www.xbrl.org/2003/arcrole/concept-label" xlink:from="loc_s2c_x70" xlink:to="label_s2c_x70" />
    <link:loc xlink:type="locator" xlink:href="mem.xsd#s2c_x71" xlink:label="loc_s2c_x71" />
    <link:label xlink:type="resource" xlink:label="label_s2c_x71" xml:lang="en" xlink:role="http://www.xbrl.org/2003/role/label">Swap received interest rate [for buyer]</link:label>
    <link:labelArc xlink:type="arc" xlink:arcrole="http://www.xbrl.org/2003/arcrole/concept-label" xlink:from="loc_s2c_x71" xlink:to="label_s2c_x71" />
    <link:loc xlink:type="locator" xlink:href="mem.xsd#s2c_x72" xlink:label="loc_s2c_x72" />
    <link:label xlink:type="resource" xlink:label="label_s2c_x72" xml:lang="en" xlink:role="http://www.xbrl.org/2003/role/label">Title</link:label>
    <link:labelArc xlink:type="arc" xlink:arcrole="http://www.xbrl.org/2003/arcrole/concept-label" xlink:from="loc_s2c_x72" xlink:to="label_s2c_x72" />
    <link:loc xlink:type="locator" xlink:href="mem.xsd#s2c_x73" xlink:label="loc_s2c_x73" />
    <link:label xlink:type="resource" xlink:label="label_s2c_x73" xml:lang="en" xlink:role="http://www.xbrl.org/2003/role/label">Type of risk transferred</link:label>
    <link:labelArc xlink:type="arc" xlink:arcrole="http://www.xbrl.org/2003/arcrole/concept-label" xlink:from="loc_s2c_x73" xlink:to="label_s2c_x73" />
    <link:loc xlink:type="locator" xlink:href="mem.xsd#s2c_x74" xlink:label="loc_s2c_x74" />
    <link:label xlink:type="resource" xlink:label="label_s2c_x74" xml:lang="en" xlink:role="http://www.xbrl.org/2003/role/label">Variable annual return</link:label>
    <link:labelArc xlink:type="arc" xlink:arcrole="http://www.xbrl.org/2003/arcrole/concept-label" xlink:from="loc_s2c_x74" xlink:to="label_s2c_x74" />
    <link:loc xlink:type="locator" xlink:href="mem.xsd#s2c_x75" xlink:label="loc_s2c_x75" />
    <link:label xlink:type="resource" xlink:label="label_s2c_x75" xml:lang="en" xlink:role="http://www.xbrl.org/2003/role/label">Incorporation number</link:label>
    <link:labelArc xlink:type="arc" xlink:arcrole="http://www.xbrl.org/2003/arcrole/concept-label" xlink:from="loc_s2c_x75" xlink:to="label_s2c_x75" />
    <link:loc xlink:type="locator" xlink:href="mem.xsd#s2c_x76" xlink:label="loc_s2c_x76" />
    <link:label xlink:type="resource" xlink:label="label_s2c_x76" xml:lang="en" xlink:role="http://www.xbrl.org/2003/role/label">Trigger value</link:label>
    <link:labelArc xlink:type="arc" xlink:arcrole="http://www.xbrl.org/2003/arcrole/concept-label" xlink:from="loc_s2c_x76" xlink:to="label_s2c_x76" />
    <link:loc xlink:type="locator" xlink:href="mem.xsd#s2c_x77" xlink:label="loc_s2c_x77" />
    <link:label xlink:type="resource" xlink:label="label_s2c_x77" xml:lang="en" xlink:role="http://www.xbrl.org/2003/role/label">Valuation basis for statutory accounts value</link:label>
    <link:labelArc xlink:type="arc" xlink:arcrole="http://www.xbrl.org/2003/arcrole/concept-label" xlink:from="loc_s2c_x77" xlink:to="label_s2c_x77" />
    <link:loc xlink:type="locator" xlink:href="mem.xsd#s2c_x78" xlink:label="loc_s2c_x78" />
    <link:label xlink:type="resource" xlink:label="label_s2c_x78" xml:lang="en" xlink:role="http://www.xbrl.org/2003/role/label">Template reporting status</link:label>
    <link:labelArc xlink:type="arc" xlink:arcrole="http://www.xbrl.org/2003/arcrole/concept-label" xlink:from="loc_s2c_x78" xlink:to="label_s2c_x78" />
    <link:loc xlink:type="locator" xlink:href="mem.xsd#s2c_x79" xlink:label="loc_s2c_x79" />
    <link:label xlink:type="resource" xlink:label="label_s2c_x79" xml:lang="en" xlink:role="http://www.xbrl.org/2003/role/label">Single name exposure code</link:label>
    <link:labelArc xlink:type="arc" xlink:arcrole="http://www.xbrl.org/2003/arcrole/concept-label" xlink:from="loc_s2c_x79" xlink:to="label_s2c_x79" />
    <link:loc xlink:type="locator" xlink:href="mem.xsd#s2c_x81" xlink:label="loc_s2c_x81" />
    <link:label xlink:type="resource" xlink:label="label_s2c_x81" xml:lang="en" xlink:role="http://www.xbrl.org/2003/role/label">Issuer Sector</link:label>
    <link:labelArc xlink:type="arc" xlink:arcrole="http://www.xbrl.org/2003/arcrole/concept-label" xlink:from="loc_s2c_x81" xlink:to="label_s2c_x81" />
    <link:loc xlink:type="locator" xlink:href="mem.xsd#s2c_x82" xlink:label="loc_s2c_x82" />
    <link:label xlink:type="resource" xlink:label="label_s2c_x82" xml:lang="en" xlink:role="http://www.xbrl.org/2003/role/label">Legal name of group</link:label>
    <link:labelArc xlink:type="arc" xlink:arcrole="http://www.xbrl.org/2003/arcrole/concept-label" xlink:from="loc_s2c_x82" xlink:to="label_s2c_x82" />
    <link:loc xlink:type="locator" xlink:href="mem.xsd#s2c_x83" xlink:label="loc_s2c_x83" />
    <link:label xlink:type="resource" xlink:label="label_s2c_x83" xml:lang="en" xlink:role="http://www.xbrl.org/2003/role/label">Issuer code</link:label>
    <link:labelArc xlink:type="arc" xlink:arcrole="http://www.xbrl.org/2003/arcrole/concept-label" xlink:from="loc_s2c_x83" xlink:to="label_s2c_x83" />
    <link:loc xlink:type="locator" xlink:href="mem.xsd#s2c_x84" xlink:label="loc_s2c_x84" />
    <link:label xlink:type="resource" xlink:label="label_s2c_x84" xml:lang="en" xlink:role="http://www.xbrl.org/2003/role/label">Issuer group code</link:label>
    <link:labelArc xlink:type="arc" xlink:arcrole="http://www.xbrl.org/2003/arcrole/concept-label" xlink:from="loc_s2c_x84" xlink:to="label_s2c_x84" />
    <link:loc xlink:type="locator" xlink:href="mem.xsd#s2c_x85" xlink:label="loc_s2c_x85" />
    <link:label xlink:type="resource" xlink:label="label_s2c_x85" xml:lang="en" xlink:role="http://www.xbrl.org/2003/role/label">CIC code</link:label>
    <link:labelArc xlink:type="arc" xlink:arcrole="http://www.xbrl.org/2003/arcrole/concept-label" xlink:from="loc_s2c_x85" xlink:to="label_s2c_x85" />
    <link:loc xlink:type="locator" xlink:href="mem.xsd#s2c_x86" xlink:label="loc_s2c_x86" />
    <link:label xlink:type="resource" xlink:label="label_s2c_x86" xml:lang="en" xlink:role="http://www.xbrl.org/2003/role/label">External rating</link:label>
    <link:labelArc xlink:type="arc" xlink:arcrole="http://www.xbrl.org/2003/arcrole/concept-label" xlink:from="loc_s2c_x86" xlink:to="label_s2c_x86" />
    <link:loc xlink:type="locator" xlink:href="mem.xsd#s2c_x87" xlink:label="loc_s2c_x87" />
    <link:label xlink:type="resource" xlink:label="label_s2c_x87" xml:lang="en" xlink:role="http://www.xbrl.org/2003/role/label">Rating agency</link:label>
    <link:labelArc xlink:type="arc" xlink:arcrole="http://www.xbrl.org/2003/arcrole/concept-label" xlink:from="loc_s2c_x87" xlink:to="label_s2c_x87" />
    <link:loc xlink:type="locator" xlink:href="mem.xsd#s2c_x88" xlink:label="loc_s2c_x88" />
    <link:label xlink:type="resource" xlink:label="label_s2c_x88" xml:lang="en" xlink:role="http://www.xbrl.org/2003/role/label">ID code of underlying</link:label>
    <link:labelArc xlink:type="arc" xlink:arcrole="http://www.xbrl.org/2003/arcrole/concept-label" xlink:from="loc_s2c_x88" xlink:to="label_s2c_x88" />
    <link:loc xlink:type="locator" xlink:href="mem.xsd#s2c_x89" xlink:label="loc_s2c_x89" />
    <link:label xlink:type="resource" xlink:label="label_s2c_x89" xml:lang="en" xlink:role="http://www.xbrl.org/2003/role/label">Counterparty code</link:label>
    <link:labelArc xlink:type="arc" xlink:arcrole="http://www.xbrl.org/2003/arcrole/concept-label" xlink:from="loc_s2c_x89" xlink:to="label_s2c_x89" />
    <link:loc xlink:type="locator" xlink:href="mem.xsd#s2c_x90" xlink:label="loc_s2c_x90" />
    <link:label xlink:type="resource" xlink:label="label_s2c_x90" xml:lang="en" xlink:role="http://www.xbrl.org/2003/role/label">Counterparty group code</link:label>
    <link:labelArc xlink:type="arc" xlink:arcrole="http://www.xbrl.org/2003/arcrole/concept-label" xlink:from="loc_s2c_x90" xlink:to="label_s2c_x90" />
    <link:loc xlink:type="locator" xlink:href="mem.xsd#s2c_x91" xlink:label="loc_s2c_x91" />
    <link:label xlink:type="resource" xlink:label="label_s2c_x91" xml:lang="en" xlink:role="http://www.xbrl.org/2003/role/label">Number of fund</link:label>
    <link:labelArc xlink:type="arc" xlink:arcrole="http://www.xbrl.org/2003/arcrole/concept-label" xlink:from="loc_s2c_x91" xlink:to="label_s2c_x91" />
    <link:loc xlink:type="locator" xlink:href="mem.xsd#s2c_x92" xlink:label="loc_s2c_x92" />
    <link:label xlink:type="resource" xlink:label="label_s2c_x92" xml:lang="en" xlink:role="http://www.xbrl.org/2003/role/label">Currency (ISO code)</link:label>
    <link:labelArc xlink:type="arc" xlink:arcrole="http://www.xbrl.org/2003/arcrole/concept-label" xlink:from="loc_s2c_x92" xlink:to="label_s2c_x92" />
    <link:loc xlink:type="locator" xlink:href="mem.xsd#s2c_x93" xlink:label="loc_s2c_x93" />
    <link:label xlink:type="resource" xlink:label="label_s2c_x93" xml:lang="en" xlink:role="http://www.xbrl.org/2003/role/label">Composite limited CIC code</link:label>
    <link:labelArc xlink:type="arc" xlink:arcrole="http://www.xbrl.org/2003/arcrole/concept-label" xlink:from="loc_s2c_x93" xlink:to="label_s2c_x93" />
    <link:loc xlink:type="locator" xlink:href="mem.xsd#s2c_x94" xlink:label="loc_s2c_x94" />
    <link:label xlink:type="resource" xlink:label="label_s2c_x94" xml:lang="en" xlink:role="http://www.xbrl.org/2003/role/label">CIC code [third digit] of most significant collateral</link:label>
    <link:labelArc xlink:type="arc" xlink:arcrole="http://www.xbrl.org/2003/arcrole/concept-label" xlink:from="loc_s2c_x94" xlink:to="label_s2c_x94" />
    <link:loc xlink:type="locator" xlink:href="mem.xsd#s2c_x95" xlink:label="loc_s2c_x95" />
    <link:label xlink:type="resource" xlink:label="label_s2c_x95" xml:lang="en" xlink:role="http://www.xbrl.org/2003/role/label">Limited CIC code</link:label>
    <link:labelArc xlink:type="arc" xlink:arcrole="http://www.xbrl.org/2003/arcrole/concept-label" xlink:from="loc_s2c_x95" xlink:to="label_s2c_x95" />
    <link:loc xlink:type="locator" xlink:href="mem.xsd#s2c_x96" xlink:label="loc_s2c_x96" />
    <link:label xlink:type="resource" xlink:label="label_s2c_x96" xml:lang="en" xlink:role="http://www.xbrl.org/2003/role/label">ID of counterparty [in repo/securities lending]</link:label>
    <link:labelArc xlink:type="arc" xlink:arcrole="http://www.xbrl.org/2003/arcrole/concept-label" xlink:from="loc_s2c_x96" xlink:to="label_s2c_x96" />
    <link:loc xlink:type="locator" xlink:href="mem.xsd#s2c_x97" xlink:label="loc_s2c_x97" />
    <link:label xlink:type="resource" xlink:label="label_s2c_x97" xml:lang="en" xlink:role="http://www.xbrl.org/2003/role/label">Type of asset for which collateral is held</link:label>
    <link:labelArc xlink:type="arc" xlink:arcrole="http://www.xbrl.org/2003/arcrole/concept-label" xlink:from="loc_s2c_x97" xlink:to="label_s2c_x97" />
    <link:loc xlink:type="locator" xlink:href="mem.xsd#s2c_x98" xlink:label="loc_s2c_x98" />
    <link:label xlink:type="resource" xlink:label="label_s2c_x98" xml:lang="en" xlink:role="http://www.xbrl.org/2003/role/label">Name of debtor pledging the collateral</link:label>
    <link:labelArc xlink:type="arc" xlink:arcrole="http://www.xbrl.org/2003/arcrole/concept-label" xlink:from="loc_s2c_x98" xlink:to="label_s2c_x98" />
    <link:loc xlink:type="locator" xlink:href="mem.xsd#s2c_x99" xlink:label="loc_s2c_x99" />
    <link:label xlink:type="resource" xlink:label="label_s2c_x99" xml:lang="en" xlink:role="http://www.xbrl.org/2003/role/label">Code of group</link:label>
    <link:labelArc xlink:type="arc" xlink:arcrole="http://www.xbrl.org/2003/arcrole/concept-label" xlink:from="loc_s2c_x99" xlink:to="label_s2c_x99" />
    <link:loc xlink:type="locator" xlink:href="mem.xsd#s2c_x100" xlink:label="loc_s2c_x100" />
    <link:label xlink:type="resource" xlink:label="label_s2c_x100" xml:lang="en" xlink:role="http://www.xbrl.org/2003/role/label">Product classification ID</link:label>
    <link:labelArc xlink:type="arc" xlink:arcrole="http://www.xbrl.org/2003/arcrole/concept-label" xlink:from="loc_s2c_x100" xlink:to="label_s2c_x100" />
    <link:loc xlink:type="locator" xlink:href="mem.xsd#s2c_x101" xlink:label="loc_s2c_x101" />
    <link:label xlink:type="resource" xlink:label="label_s2c_x101" xml:lang="en" xlink:role="http://www.xbrl.org/2003/role/label">Reinsurance program code</link:label>
    <link:labelArc xlink:type="arc" xlink:arcrole="http://www.xbrl.org/2003/arcrole/concept-label" xlink:from="loc_s2c_x101" xlink:to="label_s2c_x101" />
    <link:loc xlink:type="locator" xlink:href="mem.xsd#s2c_x102" xlink:label="loc_s2c_x102" />
    <link:label xlink:type="resource" xlink:label="label_s2c_x102" xml:lang="en" xlink:role="http://www.xbrl.org/2003/role/label">Risk identification code</link:label>
    <link:labelArc xlink:type="arc" xlink:arcrole="http://www.xbrl.org/2003/arcrole/concept-label" xlink:from="loc_s2c_x102" xlink:to="label_s2c_x102" />
    <link:loc xlink:type="locator" xlink:href="mem.xsd#s2c_x103" xlink:label="loc_s2c_x103" />
    <link:label xlink:type="resource" xlink:label="label_s2c_x103" xml:lang="en" xlink:role="http://www.xbrl.org/2003/role/label">Facultative reinsurance placement identification code</link:label>
    <link:labelArc xlink:type="arc" xlink:arcrole="http://www.xbrl.org/2003/arcrole/concept-label" xlink:from="loc_s2c_x103" xlink:to="label_s2c_x103" />
    <link:loc xlink:type="locator" xlink:href="mem.xsd#s2c_x104" xlink:label="loc_s2c_x104" />
    <link:label xlink:type="resource" xlink:label="label_s2c_x104" xml:lang="en" xlink:role="http://www.xbrl.org/2003/role/label">Code reinsurer</link:label>
    <link:labelArc xlink:type="arc" xlink:arcrole="http://www.xbrl.org/2003/arcrole/concept-label" xlink:from="loc_s2c_x104" xlink:to="label_s2c_x104" />
    <link:loc xlink:type="locator" xlink:href="mem.xsd#s2c_x105" xlink:label="loc_s2c_x105" />
    <link:label xlink:type="resource" xlink:label="label_s2c_x105" xml:lang="en" xlink:role="http://www.xbrl.org/2003/role/label">Code broker</link:label>
    <link:labelArc xlink:type="arc" xlink:arcrole="http://www.xbrl.org/2003/arcrole/concept-label" xlink:from="loc_s2c_x105" xlink:to="label_s2c_x105" />
    <link:loc xlink:type="locator" xlink:href="mem.xsd#s2c_x106" xlink:label="loc_s2c_x106" />
    <link:label xlink:type="resource" xlink:label="label_s2c_x106" xml:lang="en" xlink:role="http://www.xbrl.org/2003/role/label">Name of reinsured entity</link:label>
    <link:labelArc xlink:type="arc" xlink:arcrole="http://www.xbrl.org/2003/arcrole/concept-label" xlink:from="loc_s2c_x106" xlink:to="label_s2c_x106" />
    <link:loc xlink:type="locator" xlink:href="mem.xsd#s2c_x110" xlink:label="loc_s2c_x110" />
    <link:label xlink:type="resource" xlink:label="label_s2c_x110" xml:lang="en" xlink:role="http://www.xbrl.org/2003/role/label">Nature of exposure</link:label>
    <link:labelArc xlink:type="arc" xlink:arcrole="http://www.xbrl.org/2003/arcrole/concept-label" xlink:from="loc_s2c_x110" xlink:to="label_s2c_x110" />
    <link:loc xlink:type="locator" xlink:href="mem.xsd#s2c_x111" xlink:label="loc_s2c_x111" />
    <link:label xlink:type="resource" xlink:label="label_s2c_x111" xml:lang="en" xlink:role="http://www.xbrl.org/2003/role/label">Code of group of debtor pledging the collateral</link:label>
    <link:labelArc xlink:type="arc" xlink:arcrole="http://www.xbrl.org/2003/arcrole/concept-label" xlink:from="loc_s2c_x111" xlink:to="label_s2c_x111" />
    <link:loc xlink:type="locator" xlink:href="mem.xsd#s2c_x112" xlink:label="loc_s2c_x112" />
    <link:label xlink:type="resource" xlink:label="label_s2c_x112" xml:lang="en" xlink:role="http://www.xbrl.org/2003/role/label">Composite limited CIC code of underlying</link:label>
    <link:labelArc xlink:type="arc" xlink:arcrole="http://www.xbrl.org/2003/arcrole/concept-label" xlink:from="loc_s2c_x112" xlink:to="label_s2c_x112" />
    <link:loc xlink:type="locator" xlink:href="mem.xsd#s2c_x113" xlink:label="loc_s2c_x113" />
    <link:label xlink:type="resource" xlink:label="label_s2c_x113" xml:lang="en" xlink:role="http://www.xbrl.org/2003/role/label">Code collateral provider</link:label>
    <link:labelArc xlink:type="arc" xlink:arcrole="http://www.xbrl.org/2003/arcrole/concept-label" xlink:from="loc_s2c_x113" xlink:to="label_s2c_x113" />
    <link:loc xlink:type="locator" xlink:href="mem.xsd#s2c_x114" xlink:label="loc_s2c_x114" />
    <link:label xlink:type="resource" xlink:label="label_s2c_x114" xml:lang="en" xlink:role="http://www.xbrl.org/2003/role/label">Name of ring-fenced fund/Matching adjustment portfolio</link:label>
    <link:labelArc xlink:type="arc" xlink:arcrole="http://www.xbrl.org/2003/arcrole/concept-label" xlink:from="loc_s2c_x114" xlink:to="label_s2c_x114" />
    <link:loc xlink:type="locator" xlink:href="mem.xsd#s2c_x115" xlink:label="loc_s2c_x115" />
    <link:label xlink:type="resource" xlink:label="label_s2c_x115" xml:lang="en" xlink:role="http://www.xbrl.org/2003/role/label">Internal rating</link:label>
    <link:labelArc xlink:type="arc" xlink:arcrole="http://www.xbrl.org/2003/arcrole/concept-label" xlink:from="loc_s2c_x115" xlink:to="label_s2c_x115" />
    <link:loc xlink:type="locator" xlink:href="mem.xsd#s2c_x116" xlink:label="loc_s2c_x116" />
    <link:label xlink:type="resource" xlink:label="label_s2c_x116" xml:lang="en" xlink:role="http://www.xbrl.org/2003/role/label">Custodian</link:label>
    <link:labelArc xlink:type="arc" xlink:arcrole="http://www.xbrl.org/2003/arcrole/concept-label" xlink:from="loc_s2c_x116" xlink:to="label_s2c_x116" />
    <link:loc xlink:type="locator" xlink:href="mem.xsd#s2c_x117" xlink:label="loc_s2c_x117" />
    <link:label xlink:type="resource" xlink:label="label_s2c_x117" xml:lang="en" xlink:role="http://www.xbrl.org/2003/role/label">Description of product</link:label>
    <link:labelArc xlink:type="arc" xlink:arcrole="http://www.xbrl.org/2003/arcrole/concept-label" xlink:from="loc_s2c_x117" xlink:to="label_s2c_x117" />
    <link:loc xlink:type="locator" xlink:href="mem.xsd#s2c_x118" xlink:label="loc_s2c_x118" />
    <link:label xlink:type="resource" xlink:label="label_s2c_x118" xml:lang="en" xlink:role="http://www.xbrl.org/2003/role/label">Activity code broker</link:label>
    <link:labelArc xlink:type="arc" xlink:arcrole="http://www.xbrl.org/2003/arcrole/concept-label" xlink:from="loc_s2c_x118" xlink:to="label_s2c_x118" />
    <link:loc xlink:type="locator" xlink:href="mem.xsd#s2c_x119" xlink:label="loc_s2c_x119" />
    <link:label xlink:type="resource" xlink:label="label_s2c_x119" xml:lang="en" xlink:role="http://www.xbrl.org/2003/role/label">Description of the reinsurers limit collateralised</link:label>
    <link:labelArc xlink:type="arc" xlink:arcrole="http://www.xbrl.org/2003/arcrole/concept-label" xlink:from="loc_s2c_x119" xlink:to="label_s2c_x119" />
    <link:loc xlink:type="locator" xlink:href="mem.xsd#s2c_x120" xlink:label="loc_s2c_x120" />
    <link:label xlink:type="resource" xlink:label="label_s2c_x120" xml:lang="en" xlink:role="http://www.xbrl.org/2003/role/label">Code of receiver of guarantee</link:label>
    <link:labelArc xlink:type="arc" xlink:arcrole="http://www.xbrl.org/2003/arcrole/concept-label" xlink:from="loc_s2c_x120" xlink:to="label_s2c_x120" />
    <link:loc xlink:type="locator" xlink:href="mem.xsd#s2c_x121" xlink:label="loc_s2c_x121" />
    <link:label xlink:type="resource" xlink:label="label_s2c_x121" xml:lang="en" xlink:role="http://www.xbrl.org/2003/role/label">Code of provider of guarantee</link:label>
    <link:labelArc xlink:type="arc" xlink:arcrole="http://www.xbrl.org/2003/arcrole/concept-label" xlink:from="loc_s2c_x121" xlink:to="label_s2c_x121" />
    <link:loc xlink:type="locator" xlink:href="mem.xsd#s2c_x122" xlink:label="loc_s2c_x122" />
    <link:label xlink:type="resource" xlink:label="label_s2c_x122" xml:lang="en" xlink:role="http://www.xbrl.org/2003/role/label">Undertaking identification code</link:label>
    <link:labelArc xlink:type="arc" xlink:arcrole="http://www.xbrl.org/2003/arcrole/concept-label" xlink:from="loc_s2c_x122" xlink:to="label_s2c_x122" />
    <link:loc xlink:type="locator" xlink:href="mem.xsd#s2c_x123" xlink:label="loc_s2c_x123" />
    <link:label xlink:type="resource" xlink:label="label_s2c_x123" xml:lang="en" xlink:role="http://www.xbrl.org/2003/role/label">List the counterparty of the subordinated liabilities</link:label>
    <link:labelArc xlink:type="arc" xlink:arcrole="http://www.xbrl.org/2003/arcrole/concept-label" xlink:from="loc_s2c_x123" xlink:to="label_s2c_x123" />
    <link:loc xlink:type="locator" xlink:href="mem.xsd#s2c_x124" xlink:label="loc_s2c_x124" />
    <link:label xlink:type="resource" xlink:label="label_s2c_x124" xml:lang="en" xlink:role="http://www.xbrl.org/2003/role/label">Name of issuer/seller/transferor/receiver/reinsurer/providor</link:label>
    <link:labelArc xlink:type="arc" xlink:arcrole="http://www.xbrl.org/2003/arcrole/concept-label" xlink:from="loc_s2c_x124" xlink:to="label_s2c_x124" />
    <link:loc xlink:type="locator" xlink:href="mem.xsd#s2c_x125" xlink:label="loc_s2c_x125" />
    <link:label xlink:type="resource" xlink:label="label_s2c_x125" xml:lang="en" xlink:role="http://www.xbrl.org/2003/role/label">Legal name of branch</link:label>
    <link:labelArc xlink:type="arc" xlink:arcrole="http://www.xbrl.org/2003/arcrole/concept-label" xlink:from="loc_s2c_x125" xlink:to="label_s2c_x125" />
    <link:loc xlink:type="locator" xlink:href="mem.xsd#s2c_x126" xlink:label="loc_s2c_x126" />
    <link:label xlink:type="resource" xlink:label="label_s2c_x126" xml:lang="en" xlink:role="http://www.xbrl.org/2003/role/label">Branch identification code</link:label>
    <link:labelArc xlink:type="arc" xlink:arcrole="http://www.xbrl.org/2003/arcrole/concept-label" xlink:from="loc_s2c_x126" xlink:to="label_s2c_x126" />
    <link:loc xlink:type="locator" xlink:href="mem.xsd#s2c_x127" xlink:label="loc_s2c_x127" />
    <link:label xlink:type="resource" xlink:label="label_s2c_x127" xml:lang="en" xlink:role="http://www.xbrl.org/2003/role/label">Name of a branches included under Article 167</link:label>
    <link:labelArc xlink:type="arc" xlink:arcrole="http://www.xbrl.org/2003/arcrole/concept-label" xlink:from="loc_s2c_x127" xlink:to="label_s2c_x127" />
    <link:loc xlink:type="locator" xlink:href="mem.xsd#s2c_x128" xlink:label="loc_s2c_x128" />
    <link:label xlink:type="resource" xlink:label="label_s2c_x128" xml:lang="en" xlink:role="http://www.xbrl.org/2003/role/label">Countries of branches included under Article 167</link:label>
    <link:labelArc xlink:type="arc" xlink:arcrole="http://www.xbrl.org/2003/arcrole/concept-label" xlink:from="loc_s2c_x128" xlink:to="label_s2c_x128" />
    <link:loc xlink:type="locator" xlink:href="mem.xsd#s2c_x129" xlink:label="loc_s2c_x129" />
    <link:label xlink:type="resource" xlink:label="label_s2c_x129" xml:lang="en" xlink:role="http://www.xbrl.org/2003/role/label">Description of encumbered assets</link:label>
    <link:labelArc xlink:type="arc" xlink:arcrole="http://www.xbrl.org/2003/arcrole/concept-label" xlink:from="loc_s2c_x129" xlink:to="label_s2c_x129" />
    <link:loc xlink:type="locator" xlink:href="mem.xsd#s2c_x130" xlink:label="loc_s2c_x130" />
    <link:label xlink:type="resource" xlink:label="label_s2c_x130" xml:lang="en" xlink:role="http://www.xbrl.org/2003/role/label">Description of encumbrance</link:label>
    <link:labelArc xlink:type="arc" xlink:arcrole="http://www.xbrl.org/2003/arcrole/concept-label" xlink:from="loc_s2c_x130" xlink:to="label_s2c_x130" />
    <link:loc xlink:type="locator" xlink:href="mem.xsd#s2c_x131" xlink:label="loc_s2c_x131" />
    <link:label xlink:type="resource" xlink:label="label_s2c_x131" xml:lang="en" xlink:role="http://www.xbrl.org/2003/role/label">Description of the balance sheet liability</link:label>
    <link:labelArc xlink:type="arc" xlink:arcrole="http://www.xbrl.org/2003/arcrole/concept-label" xlink:from="loc_s2c_x131" xlink:to="label_s2c_x131" />
    <link:loc xlink:type="locator" xlink:href="mem.xsd#s2c_x132" xlink:label="loc_s2c_x132" />
    <link:label xlink:type="resource" xlink:label="label_s2c_x132" xml:lang="en" xlink:role="http://www.xbrl.org/2003/role/label">Code of SPV</link:label>
    <link:labelArc xlink:type="arc" xlink:arcrole="http://www.xbrl.org/2003/arcrole/concept-label" xlink:from="loc_s2c_x132" xlink:to="label_s2c_x132" />
    <link:loc xlink:type="locator" xlink:href="mem.xsd#s2c_x133" xlink:label="loc_s2c_x133" />
    <link:label xlink:type="resource" xlink:label="label_s2c_x133" xml:lang="en" xlink:role="http://www.xbrl.org/2003/role/label">Name of cedant</link:label>
    <link:labelArc xlink:type="arc" xlink:arcrole="http://www.xbrl.org/2003/arcrole/concept-label" xlink:from="loc_s2c_x133" xlink:to="label_s2c_x133" />
    <link:loc xlink:type="locator" xlink:href="mem.xsd#s2c_x134" xlink:label="loc_s2c_x134" />
    <link:label xlink:type="resource" xlink:label="label_s2c_x134" xml:lang="en" xlink:role="http://www.xbrl.org/2003/role/label">Cedant code</link:label>
    <link:labelArc xlink:type="arc" xlink:arcrole="http://www.xbrl.org/2003/arcrole/concept-label" xlink:from="loc_s2c_x134" xlink:to="label_s2c_x134" />
    <link:loc xlink:type="locator" xlink:href="mem.xsd#s2c_x135" xlink:label="loc_s2c_x135" />
    <link:label xlink:type="resource" xlink:label="label_s2c_x135" xml:lang="en" xlink:role="http://www.xbrl.org/2003/role/label">Description of the debt or other financing mechanism issued for arrangement</link:label>
    <link:labelArc xlink:type="arc" xlink:arcrole="http://www.xbrl.org/2003/arcrole/concept-label" xlink:from="loc_s2c_x135" xlink:to="label_s2c_x135" />
    <link:loc xlink:type="locator" xlink:href="mem.xsd#s2c_x136" xlink:label="loc_s2c_x136" />
    <link:label xlink:type="resource" xlink:label="label_s2c_x136" xml:lang="en" xlink:role="http://www.xbrl.org/2003/role/label">Name of vessel with the biggest sum insured</link:label>
    <link:labelArc xlink:type="arc" xlink:arcrole="http://www.xbrl.org/2003/arcrole/concept-label" xlink:from="loc_s2c_x136" xlink:to="label_s2c_x136" />
    <link:loc xlink:type="locator" xlink:href="mem.xsd#s2c_x137" xlink:label="loc_s2c_x137" />
    <link:label xlink:type="resource" xlink:label="label_s2c_x137" xml:lang="en" xlink:role="http://www.xbrl.org/2003/role/label">Name of platform with the biggest sum insured</link:label>
    <link:labelArc xlink:type="arc" xlink:arcrole="http://www.xbrl.org/2003/arcrole/concept-label" xlink:from="loc_s2c_x137" xlink:to="label_s2c_x137" />
    <link:loc xlink:type="locator" xlink:href="mem.xsd#s2c_x138" xlink:label="loc_s2c_x138" />
    <link:label xlink:type="resource" xlink:label="label_s2c_x138" xml:lang="en" xlink:role="http://www.xbrl.org/2003/role/label">Name of related party</link:label>
    <link:labelArc xlink:type="arc" xlink:arcrole="http://www.xbrl.org/2003/arcrole/concept-label" xlink:from="loc_s2c_x138" xlink:to="label_s2c_x138" />
    <link:loc xlink:type="locator" xlink:href="mem.xsd#s2c_x139" xlink:label="loc_s2c_x139" />
    <link:label xlink:type="resource" xlink:label="label_s2c_x139" xml:lang="en" xlink:role="http://www.xbrl.org/2003/role/label">Description of simplifications</link:label>
    <link:labelArc xlink:type="arc" xlink:arcrole="http://www.xbrl.org/2003/arcrole/concept-label" xlink:from="loc_s2c_x139" xlink:to="label_s2c_x139" />
    <link:loc xlink:type="locator" xlink:href="mem.xsd#s2c_x140" xlink:label="loc_s2c_x140" />
    <link:label xlink:type="resource" xlink:label="label_s2c_x140" xml:lang="en" xlink:role="http://www.xbrl.org/2003/role/label">Comment to technical table</link:label>
    <link:labelArc xlink:type="arc" xlink:arcrole="http://www.xbrl.org/2003/arcrole/concept-label" xlink:from="loc_s2c_x140" xlink:to="label_s2c_x140" />
    <link:loc xlink:type="locator" xlink:href="mem.xsd#s2c_x141" xlink:label="loc_s2c_x141" />
    <link:label xlink:type="resource" xlink:label="label_s2c_x141" xml:lang="en" xlink:role="http://www.xbrl.org/2003/role/label">USP - Life underwriting risk</link:label>
    <link:labelArc xlink:type="arc" xlink:arcrole="http://www.xbrl.org/2003/arcrole/concept-label" xlink:from="loc_s2c_x141" xlink:to="label_s2c_x141" />
    <link:loc xlink:type="locator" xlink:href="mem.xsd#s2c_x142" xlink:label="loc_s2c_x142" />
    <link:label xlink:type="resource" xlink:label="label_s2c_x142" xml:lang="en" xlink:role="http://www.xbrl.org/2003/role/label">USP - Health underwriting risk</link:label>
    <link:labelArc xlink:type="arc" xlink:arcrole="http://www.xbrl.org/2003/arcrole/concept-label" xlink:from="loc_s2c_x142" xlink:to="label_s2c_x142" />
    <link:loc xlink:type="locator" xlink:href="mem.xsd#s2c_x143" xlink:label="loc_s2c_x143" />
    <link:label xlink:type="resource" xlink:label="label_s2c_x143" xml:lang="en" xlink:role="http://www.xbrl.org/2003/role/label">USP - Non life underwriting risk</link:label>
    <link:labelArc xlink:type="arc" xlink:arcrole="http://www.xbrl.org/2003/arcrole/concept-label" xlink:from="loc_s2c_x143" xlink:to="label_s2c_x143" />
    <link:loc xlink:type="locator" xlink:href="mem.xsd#s2c_x144" xlink:label="loc_s2c_x144" />
    <link:label xlink:type="resource" xlink:label="label_s2c_x144" xml:lang="en" xlink:role="http://www.xbrl.org/2003/role/label">USP</link:label>
    <link:labelArc xlink:type="arc" xlink:arcrole="http://www.xbrl.org/2003/arcrole/concept-label" xlink:from="loc_s2c_x144" xlink:to="label_s2c_x144" />
    <link:loc xlink:type="locator" xlink:href="mem.xsd#s2c_x145" xlink:label="loc_s2c_x145" />
    <link:label xlink:type="resource" xlink:label="label_s2c_x145" xml:lang="en" xlink:role="http://www.xbrl.org/2003/role/label">Description of subordinated liabilities</link:label>
    <link:labelArc xlink:type="arc" xlink:arcrole="http://www.xbrl.org/2003/arcrole/concept-label" xlink:from="loc_s2c_x145" xlink:to="label_s2c_x145" />
    <link:loc xlink:type="locator" xlink:href="mem.xsd#s2c_x146" xlink:label="loc_s2c_x146" />
    <link:label xlink:type="resource" xlink:label="label_s2c_x146" xml:lang="en" xlink:role="http://www.xbrl.org/2003/role/label">Ad hoc XBRL technical field 1</link:label>
    <link:labelArc xlink:type="arc" xlink:arcrole="http://www.xbrl.org/2003/arcrole/concept-label" xlink:from="loc_s2c_x146" xlink:to="label_s2c_x146" />
    <link:loc xlink:type="locator" xlink:href="mem.xsd#s2c_x147" xlink:label="loc_s2c_x147" />
    <link:label xlink:type="resource" xlink:label="label_s2c_x147" xml:lang="en" xlink:role="http://www.xbrl.org/2003/role/label">Ad hoc XBRL technical field 2</link:label>
    <link:labelArc xlink:type="arc" xlink:arcrole="http://www.xbrl.org/2003/arcrole/concept-label" xlink:from="loc_s2c_x147" xlink:to="label_s2c_x147" />
    <link:loc xlink:type="locator" xlink:href="mem.xsd#s2c_x148" xlink:label="loc_s2c_x148" />
    <link:label xlink:type="resource" xlink:label="label_s2c_x148" xml:lang="en" xlink:role="http://www.xbrl.org/2003/role/label">Ad hoc XBRL technical field 3</link:label>
    <link:labelArc xlink:type="arc" xlink:arcrole="http://www.xbrl.org/2003/arcrole/concept-label" xlink:from="loc_s2c_x148" xlink:to="label_s2c_x148" />
    <link:loc xlink:type="locator" xlink:href="mem.xsd#s2c_x149" xlink:label="loc_s2c_x149" />
    <link:label xlink:type="resource" xlink:label="label_s2c_x149" xml:lang="en" xlink:role="http://www.xbrl.org/2003/role/label">Simplifications - spread risk - bonds and loans [240]</link:label>
    <link:labelArc xlink:type="arc" xlink:arcrole="http://www.xbrl.org/2003/arcrole/concept-label" xlink:from="loc_s2c_x149" xlink:to="label_s2c_x149" />
    <link:loc xlink:type="locator" xlink:href="mem.xsd#s2c_x150" xlink:label="loc_s2c_x150" />
    <link:label xlink:type="resource" xlink:label="label_s2c_x150" xml:lang="en" xlink:role="http://www.xbrl.org/2003/role/label">Simplifications - Counterparty default risk [240]</link:label>
    <link:labelArc xlink:type="arc" xlink:arcrole="http://www.xbrl.org/2003/arcrole/concept-label" xlink:from="loc_s2c_x150" xlink:to="label_s2c_x150" />
    <link:loc xlink:type="locator" xlink:href="mem.xsd#s2c_x151" xlink:label="loc_s2c_x151" />
    <link:label xlink:type="resource" xlink:label="label_s2c_x151" xml:lang="en" xlink:role="http://www.xbrl.org/2003/role/label">Simplifications - lapse risk [240]</link:label>
    <link:labelArc xlink:type="arc" xlink:arcrole="http://www.xbrl.org/2003/arcrole/concept-label" xlink:from="loc_s2c_x151" xlink:to="label_s2c_x151" />
    <link:loc xlink:type="locator" xlink:href="mem.xsd#s2c_x152" xlink:label="loc_s2c_x152" />
    <link:label xlink:type="resource" xlink:label="label_s2c_x152" xml:lang="en" xlink:role="http://www.xbrl.org/2003/role/label">Simplifications - SLT lapse risk [240]</link:label>
    <link:labelArc xlink:type="arc" xlink:arcrole="http://www.xbrl.org/2003/arcrole/concept-label" xlink:from="loc_s2c_x152" xlink:to="label_s2c_x152" />
    <link:loc xlink:type="locator" xlink:href="mem.xsd#s2c_x153" xlink:label="loc_s2c_x153" />
    <link:label xlink:type="resource" xlink:label="label_s2c_x153" xml:lang="en" xlink:role="http://www.xbrl.org/2003/role/label">Simplifications used – natural catastrophe risk</link:label>
    <link:labelArc xlink:type="arc" xlink:arcrole="http://www.xbrl.org/2003/arcrole/concept-label" xlink:from="loc_s2c_x153" xlink:to="label_s2c_x153" />
    <link:loc xlink:type="locator" xlink:href="mem.xsd#s2c_x5000" xlink:label="loc_s2c_x5000" />
    <link:label xlink:type="resource" xlink:label="label_s2c_x5000" xml:lang="en" xlink:role="http://www.xbrl.org/2003/role/label">Pension fund name</link:label>
    <link:labelArc xlink:type="arc" xlink:arcrole="http://www.xbrl.org/2003/arcrole/concept-label" xlink:from="loc_s2c_x5000" xlink:to="label_s2c_x5000" />
    <link:loc xlink:type="locator" xlink:href="mem.xsd#s2c_x5001" xlink:label="loc_s2c_x5001" />
    <link:label xlink:type="resource" xlink:label="label_s2c_x5001" xml:lang="en" xlink:role="http://www.xbrl.org/2003/role/label">Pension fund identification code</link:label>
    <link:labelArc xlink:type="arc" xlink:arcrole="http://www.xbrl.org/2003/arcrole/concept-label" xlink:from="loc_s2c_x5001" xlink:to="label_s2c_x5001" />
    <link:loc xlink:type="locator" xlink:href="mem.xsd#s2c_x5003" xlink:label="loc_s2c_x5003" />
    <link:label xlink:type="resource" xlink:label="label_s2c_x5003" xml:lang="en" xlink:role="http://www.xbrl.org/2003/role/label">Range of discount rates used</link:label>
    <link:labelArc xlink:type="arc" xlink:arcrole="http://www.xbrl.org/2003/arcrole/concept-label" xlink:from="loc_s2c_x5003" xlink:to="label_s2c_x5003" />
    <link:loc xlink:type="locator" xlink:href="mem.xsd#s2c_x5004" xlink:label="loc_s2c_x5004" />
    <link:label xlink:type="resource" xlink:label="label_s2c_x5004" xml:lang="en" xlink:role="http://www.xbrl.org/2003/role/label">Active host country</link:label>
    <link:labelArc xlink:type="arc" xlink:arcrole="http://www.xbrl.org/2003/arcrole/concept-label" xlink:from="loc_s2c_x5004" xlink:to="label_s2c_x5004" />
  </link:labelLink>
</link:linkbase>