<?xml version="1.0" encoding="UTF-8"?>
<Erxl  xmlns:xsi="http://www.w3.org/2001/XMLSchema-instance"  xsi:noNamespaceSchemaLocation="erxl.xsd" >
<Loc>
<Family>BASE</Family>
<Version>2010</Version>
<Href>http://www.xbrl.org/2003/xbrl-instance-2003-12-31.xsd</Href>
<AttType>SCH</AttType>
<FileTypeName>Schema</FileTypeName>
<Elements>0</Elements>
<Namespace>http://www.xbrl.org/2003/instance</Namespace>
<Prefix>xbrli</Prefix>
</Loc>
<Loc>
<Family>BASE</Family>
<Version>2010</Version>
<Href>http://www.xbrl.org/2003/xbrl-linkbase-2003-12-31.xsd</Href>
<AttType>SCH</AttType>
<FileTypeName>Schema</FileTypeName>
<Elements>0</Elements>
<Namespace>http://www.xbrl.org/2003/linkbase</Namespace>
<Prefix>link</Prefix>
</Loc>
<Loc>
<Family>BASE</Family>
<Version>2010</Version>
<Href>http://www.xbrl.org/2003/xl-2003-12-31.xsd</Href>
<AttType>SCH</AttType>
<FileTypeName>Schema</FileTypeName>
<Elements>0</Elements>
<Namespace>http://www.xbrl.org/2003/XLink</Namespace>
<Prefix>xl</Prefix>
</Loc>
<Loc>
<Family>BASE</Family>
<Version>2010</Version>
<Href>http://www.xbrl.org/2003/xlink-2003-12-31.xsd</Href>
<AttType>SCH</AttType>
<FileTypeName>Schema</FileTypeName>
<Elements>0</Elements>
<Namespace>http://www.w3.org/1999/xlink</Namespace>
<Prefix>xlink</Prefix>
</Loc>
<Loc>
<Family>BASE</Family>
<Version>2010</Version>
<Href>http://www.xbrl.org/2005/xbrldt-2005.xsd</Href>
<AttType>SCH</AttType>
<FileTypeName>Schema</FileTypeName>
<Elements>1</Elements>
<Namespace>http://xbrl.org/2005/xbrldt</Namespace>
<Prefix>xbrldt</Prefix>
</Loc>
<Loc>
<Family>BASE</Family>
<Version>2010</Version>
<Href>http://www.xbrl.org/2006/xbrldi-2006.xsd</Href>
<AttType>SCH</AttType>
<FileTypeName>Schema</FileTypeName>
<Elements>1</Elements>
<Namespace>http://xbrl.org/2006/xbrldi</Namespace>
<Prefix>xbrldi</Prefix>
</Loc>
<Loc>
<Family>BASE</Family>
<Version>2010</Version>
<Href>http://www.xbrl.org/lrr/role/negated-2009-12-16.xsd</Href>
<AttType>SCH</AttType>
<FileTypeName>Roles/Arcroles</FileTypeName>
<Elements>0</Elements>
<Namespace>http://www.xbrl.org/2009/role/negated</Namespace>
</Loc>
<Loc>
<Family>BASE</Family>
<Version>2010</Version>
<Href>http://www.xbrl.org/dtr/type/nonNumeric-2009-12-16.xsd</Href>
<AttType>SCH</AttType>
<FileTypeName>Schema</FileTypeName>
<Elements>0</Elements>
<Namespace>http://www.xbrl.org/dtr/type/non-numeric</Namespace>
<Prefix>nonnum</Prefix>
</Loc>
<Loc>
<Family>BASE</Family>
<Version>2010</Version>
<Href>http://www.xbrl.org/dtr/type/numeric-2009-12-16.xsd</Href>
<AttType>SCH</AttType>
<FileTypeName>Schema</FileTypeName>
<Elements>0</Elements>
<Namespace>http://www.xbrl.org/dtr/type/numeric</Namespace>
<Prefix>num</Prefix>
</Loc>
<Loc>
<Family>BASE</Family>
<Version>2010</Version>
<Href>http://www.xbrl.org/2006/ref-2006-02-27.xsd</Href>
<AttType>SCH</AttType>
<FileTypeName>Schema</FileTypeName>
<Elements>0</Elements>
<Namespace>http://www.xbrl.org/2006/ref</Namespace>
</Loc>
<Loc>
<Family>BASE</Family>
<Version>2010</Version>
<Href>http://www.xbrl.org/2004/ref-2004-08-10.xsd</Href>
<AttType>SCH</AttType>
<FileTypeName>Schema</FileTypeName>
<Elements>0</Elements>
<Namespace>http://www.xbrl.org/2004/ref</Namespace>
</Loc>
<Loc>
<Family>BASE</Family>
<Version>2010</Version>
<Href>http://www.xbrl.org/lrr/role/net-2009-12-16.xsd</Href>
<AttType>SCH</AttType>
<FileTypeName>Roles/Arcroles</FileTypeName>
<Elements>0</Elements>
<Namespace>http://www.xbrl.org/2009/role/net</Namespace>
</Loc>
<Loc>
<Family>BASE</Family>
<Version>2010</Version>
<Href>http://www.xbrl.org/lrr/arcrole/factExplanatory-2009-12-16.xsd</Href>
<AttType>SCH</AttType>
<FileTypeName>Roles/Arcroles</FileTypeName>
<Elements>0</Elements>
<Namespace>http://www.xbrl.org/2009/arcrole/fact-explanatoryFact</Namespace>
</Loc>
<Loc>
<Family>BASE</Family>
<Version>2010</Version>
<Href>http://www.xbrl.org/lrr/role/negated-2008-03-31.xsd</Href>
<AttType>SCH</AttType>
<FileTypeName>Roles/Arcroles</FileTypeName>
<Elements>0</Elements>
<Namespace>http://xbrl.us/us-gaap/negated/2008-03-31</Namespace>
</Loc>
<Loc>
<Family>BASE</Family>
<Version>2010</Version>
<Href>http://www.xbrl.org/lrr/arcrole/deprecated-2009-12-16.xsd</Href>
<AttType>SCH</AttType>
<FileTypeName>Roles/Arcroles</FileTypeName>
<Elements>0</Elements>
<Namespace>http://www.xbrl.org/2009/arcrole/deprecated</Namespace>
</Loc>
<Loc>
<Family>BASE</Family>
<Version>2010</Version>
<Href>http://www.xbrl.org/lrr/role/deprecated-2009-12-16.xsd</Href>
<AttType>SCH</AttType>
<FileTypeName>Roles/Arcroles</FileTypeName>
<Elements>0</Elements>
<Namespace>http://www.xbrl.org/2009/role/deprecated</Namespace>
</Loc>
<Loc>
<Family>IFRS</Family>
<Version>2010</Version>
<Href>http://xbrl.iasb.org/taxonomy/2010-04-30/ifrs-cor_2010-04-30.xsd</Href>
<AttType>SCH</AttType>
<FileTypeName>Schema</FileTypeName>
<Elements>1</Elements>
<Namespace>http://xbrl.iasb.org/taxonomy/2010-04-30/ifrs</Namespace>
<Prefix>ifrs</Prefix>
</Loc>
<Loc>
<Family>IFRS</Family>
<Version>2011</Version>
<Href>http://xbrl.iasb.org/taxonomy/2011-03-15/ifrs-cor_2010-03-25.xsd</Href>
<AttType>SCH</AttType>
<FileTypeName>Schema</FileTypeName>
<Elements>1</Elements>
<Namespace>http://xbrl.ifrs.org/taxonomy/2011-03-25/ifrs</Namespace>
<Prefix>ifrs</Prefix>
</Loc>

<!-- other UK files seen in test cases, namespaces needed to be recognized as standard taxonomy -->
<!-- mark all these as BASE to block schema validation in test cases -->

<Loc><Family>BASE</Family>
<Version>2006</Version>
<AttType>SCH</AttType>
<FileTypeName>Schema</FileTypeName>
<Elements>1</Elements>
<Namespace>http://www.govtalk.gov.uk/uk/fr/tax/uk-hmrc-ct/2006-07-03</Namespace>
<Prefix>ct</Prefix>
</Loc>
<Loc><Family>BASE</Family>
<Version>2006</Version>
<AttType>SCH</AttType>
<FileTypeName>Schema</FileTypeName>
<Elements>1</Elements>
<Namespace>http://www.govtalk.gov.uk/uk/fr/tax/uk-hmrc-ct-CaseI/2006-07-03</Namespace>
<Prefix>ct-CaseI</Prefix>
</Loc>
<Loc><Family>BASE</Family>
<Version>2006</Version>
<AttType>SCH</AttType>
<FileTypeName>Schema</FileTypeName>
<Elements>1</Elements>
<Namespace>http://www.govtalk.gov.uk/uk/fr/tax/uk-hmrc-ct-CaseV/2006-07-03</Namespace>
<Prefix>ct-CaseV</Prefix>
</Loc>
<Loc><Family>BASE</Family>
<Version>2006</Version>
<AttType>SCH</AttType>
<FileTypeName>Schema</FileTypeName>
<Elements>1</Elements>
<Namespace>http://www.govtalk.gov.uk/uk/fr/tax/uk-hmrc-ct-CG/2006-07-03</Namespace>
<Prefix>ct-CG</Prefix>
</Loc>
<Loc><Family>BASE</Family>
<Version>2006</Version>
<AttType>SCH</AttType>
<FileTypeName>Schema</FileTypeName>
<Elements>1</Elements>
<Namespace>http://www.govtalk.gov.uk/uk/fr/tax/uk-hmrc-ct-CT/2006-07-03</Namespace>
<Prefix>ct-CT</Prefix>
</Loc>
<Loc><Family>BASE</Family>
<Version>2006</Version>
<AttType>SCH</AttType>
<FileTypeName>Schema</FileTypeName>
<Elements>1</Elements>
<Namespace>http://www.govtalk.gov.uk/uk/fr/tax/uk-hmrc-ct-default/2006-07-03</Namespace>
<Prefix>ct-default</Prefix>
</Loc>
<Loc><Family>BASE</Family>
<Version>2006</Version>
<AttType>SCH</AttType>
<FileTypeName>Schema</FileTypeName>
<Elements>1</Elements>
<Namespace>http://www.govtalk.gov.uk/uk/fr/tax/uk-hmrc-ct-DR/2006-07-03</Namespace>
<Prefix>ct-DR</Prefix>
</Loc>
<Loc><Family>BASE</Family>
<Version>2006</Version>
<AttType>SCH</AttType>
<FileTypeName>Schema</FileTypeName>
<Elements>1</Elements>
<Namespace>http://www.govtalk.gov.uk/uk/fr/tax/uk-hmrc-ct-FixedAss/2006-07-03</Namespace>
<Prefix>ct-FixedAss</Prefix>
</Loc>
<Loc><Family>BASE</Family>
<Version>2006</Version>
<AttType>SCH</AttType>
<FileTypeName>Schema</FileTypeName>
<Elements>1</Elements>
<Namespace>http://www.govtalk.gov.uk/uk/fr/tax/uk-hmrc-ct-OtherInc/2006-07-03</Namespace>
<Prefix>ct-OtherInc</Prefix>
</Loc>
<Loc><Family>BASE</Family>
<Version>2006</Version>
<AttType>SCH</AttType>
<FileTypeName>Schema</FileTypeName>
<Elements>1</Elements>
<Namespace>http://www.govtalk.gov.uk/uk/fr/tax/uk-hmrc-ct-PL/2006-07-03</Namespace>
<Prefix>ct-PL</Prefix>
</Loc>
<Loc><Family>BASE</Family>
<Version>2006</Version>
<AttType>SCH</AttType>
<FileTypeName>Schema</FileTypeName>
<Elements>1</Elements>
<Namespace>http://www.govtalk.gov.uk/uk/fr/tax/uk-hmrc-ct-roles/2006-07-03</Namespace>
<Prefix>ct-roles</Prefix>
</Loc>
<Loc><Family>BASE</Family>
<Version>2006</Version>
<AttType>SCH</AttType>
<FileTypeName>Schema</FileTypeName>
<Elements>1</Elements>
<Namespace>http://www.govtalk.gov.uk/uk/fr/tax/uk-hmrc-ct-SchA/2006-07-03</Namespace>
<Prefix>ct-SchA</Prefix>
</Loc>
<Loc><Family>BASE</Family>
<Version>2006</Version>
<AttType>SCH</AttType>
<FileTypeName>Schema</FileTypeName>
<Elements>1</Elements>
<Namespace>http://www.govtalk.gov.uk/uk/fr/tax/uk-hmrc-ct-Tax/2006-07-03</Namespace>
<Prefix>ct-Tax</Prefix>
</Loc>
<Loc><Family>UKGAAP</Family>
<Version>2005</Version>
<AttType>SCH</AttType>
<FileTypeName>Schema</FileTypeName>
<Elements>1</Elements>
<Namespace>http://www.companieshouse.gov.uk/ef/xbrl/gaap/ae/2005-06-01
</Namespace>
<Prefix>uk-gaap-ae</Prefix>
</Loc>
<Loc><Family>UKGAAP</Family>
<Version>2004</Version>
<AttType>SCH</AttType>
<FileTypeName>Schema</FileTypeName>
<Elements>1</Elements>
<Namespace>http://www.xbrl.org/uk/fr/gaap/ci/2004-12-01</Namespace>
<Prefix>uk-gaap-ci</Prefix>
</Loc>
<Loc><Family>UKGAAP</Family>
<Version>2004</Version>
<AttType>SCH</AttType>
<FileTypeName>Schema</FileTypeName>
<Elements>1</Elements>
<Namespace>http://www.xbrl.org/uk/fr/gcd/2004-12-01</Namespace>
<Prefix>uk-gcd</Prefix>
</Loc>
<Loc><Family>UKGAAP</Family>
<Version>2004</Version>
<AttType>SCH</AttType>
<FileTypeName>Schema</FileTypeName>
<Elements>1</Elements>
<Namespace>http://www.xbrl.org/uk/fr/gaap/pt/2004-12-01</Namespace>
<Prefix>uk-gaap-pt</Prefix>
</Loc>

</Erxl>
