<?xml version="1.0" encoding="UTF-8"?>
<Erxl  xmlns:xsi="http://www.w3.org/2001/XMLSchema-instance"  xsi:noNamespaceSchemaLocation="erxl.xsd" version="27">
<Loc>
<Family>BASE</Family>
<Version>2010</Version>
<Href>http://www.xbrl.org/2003/xbrl-instance-2003-12-31.xsd</Href>
<AttType>SCH</AttType>
<FileTypeName>Schema</FileTypeName>
<Elements>0</Elements>
<Namespace>http://www.xbrl.org/2003/instance</Namespace>
<Prefix>xbrli</Prefix>
</Loc>
<Loc>
<Family>BASE</Family>
<Version>2010</Version>
<Href>http://www.xbrl.org/2003/xbrl-linkbase-2003-12-31.xsd</Href>
<AttType>SCH</AttType>
<FileTypeName>Schema</FileTypeName>
<Elements>0</Elements>
<Namespace>http://www.xbrl.org/2003/linkbase</Namespace>
<Prefix>link</Prefix>
</Loc>
<Loc>
<Family>BASE</Family>
<Version>2010</Version>
<Href>http://www.xbrl.org/2003/xl-2003-12-31.xsd</Href>
<AttType>SCH</AttType>
<FileTypeName>Schema</FileTypeName>
<Elements>0</Elements>
<Namespace>http://www.xbrl.org/2003/XLink</Namespace>
<Prefix>xl</Prefix>
</Loc>
<Loc>
<Family>BASE</Family>
<Version>2010</Version>
<Href>http://www.xbrl.org/2003/xlink-2003-12-31.xsd</Href>
<AttType>SCH</AttType>
<FileTypeName>Schema</FileTypeName>
<Elements>0</Elements>
<Namespace>http://www.w3.org/1999/xlink</Namespace>
<Prefix>xlink</Prefix>
</Loc>
<Loc>
<Family>BASE</Family>
<Version>2010</Version>
<Href>http://www.xbrl.org/2005/xbrldt-2005.xsd</Href>
<AttType>SCH</AttType>
<FileTypeName>Schema</FileTypeName>
<Elements>1</Elements>
<Namespace>http://xbrl.org/2005/xbrldt</Namespace>
<Prefix>xbrldt</Prefix>
</Loc>
<Loc>
<Family>BASE</Family>
<Version>2010</Version>
<Href>http://www.xbrl.org/2006/xbrldi-2006.xsd</Href>
<AttType>SCH</AttType>
<FileTypeName>Schema</FileTypeName>
<Elements>1</Elements>
<Namespace>http://xbrl.org/2006/xbrldi</Namespace>
<Prefix>xbrldi</Prefix>
</Loc>
<Loc>
<Family>BASE</Family>
<Version>2010</Version>
<Href>http://www.xbrl.org/lrr/role/negated-2009-12-16.xsd</Href>
<AttType>SCH</AttType>
<FileTypeName>Roles/Arcroles</FileTypeName>
<Elements>0</Elements>
<Namespace>http://www.xbrl.org/2009/role/negated</Namespace>
</Loc>
<Loc>
<Family>BASE</Family>
<Version>2010</Version>
<Href>http://www.xbrl.org/dtr/type/nonNumeric-2009-12-16.xsd</Href>
<AttType>SCH</AttType>
<FileTypeName>Schema</FileTypeName>
<Elements>0</Elements>
<Namespace>http://www.xbrl.org/dtr/type/non-numeric</Namespace>
<Prefix>nonnum</Prefix>
</Loc>
<Loc>
<Family>BASE</Family>
<Version>2010</Version>
<Href>http://www.xbrl.org/dtr/type/numeric-2009-12-16.xsd</Href>
<AttType>SCH</AttType>
<FileTypeName>Schema</FileTypeName>
<Elements>0</Elements>
<Namespace>http://www.xbrl.org/dtr/type/numeric</Namespace>
<Prefix>num</Prefix>
</Loc>
<Loc>
<Family>BASE</Family>
<Version>2010</Version>
<Href>http://www.xbrl.org/2006/ref-2006-02-27.xsd</Href>
<AttType>SCH</AttType>
<FileTypeName>Schema</FileTypeName>
<Elements>0</Elements>
<Namespace>http://www.xbrl.org/2006/ref</Namespace>
<Prefix>ref</Prefix>
</Loc>
<Loc>
<Family>BASE</Family>
<Version>2010</Version>
<Href>http://www.xbrl.org/2004/ref-2004-08-10.xsd</Href>
<AttType>SCH</AttType>
<FileTypeName>Schema</FileTypeName>
<Elements>0</Elements>
<Namespace>http://www.xbrl.org/2004/ref</Namespace>
<Prefix>ref</Prefix>
</Loc>
<Loc>
<Family>BASE</Family>
<Version>2010</Version>
<Href>http://www.xbrl.org/lrr/role/net-2009-12-16.xsd</Href>
<AttType>SCH</AttType>
<FileTypeName>Roles/Arcroles</FileTypeName>
<Elements>0</Elements>
<Namespace>http://www.xbrl.org/2009/role/net</Namespace>
</Loc>
<Loc>
<Family>BASE</Family>
<Version>2010</Version>
<Href>http://www.xbrl.org/lrr/arcrole/factExplanatory-2009-12-16.xsd</Href>
<AttType>SCH</AttType>
<FileTypeName>Roles/Arcroles</FileTypeName>
<Elements>0</Elements>
<Namespace>http://www.xbrl.org/2009/arcrole/fact-explanatoryFact</Namespace>
</Loc>
<Loc>
<Family>BASE</Family>
<Version>2010</Version>
<Href>http://www.xbrl.org/lrr/role/negated-2008-03-31.xsd</Href>
<AttType>SCH</AttType>
<FileTypeName>Roles/Arcroles</FileTypeName>
<Elements>0</Elements>
<Namespace>http://xbrl.us/us-gaap/negated/2008-03-31</Namespace>
</Loc>
<Loc>
<Family>BASE</Family>
<Version>2010</Version>
<Href>http://www.xbrl.org/lrr/arcrole/deprecated-2009-12-16.xsd</Href>
<AttType>SCH</AttType>
<FileTypeName>Roles/Arcroles</FileTypeName>
<Elements>0</Elements>
<Namespace>http://www.xbrl.org/2009/arcrole/deprecated</Namespace>
</Loc>
<Loc>
<Family>BASE</Family>
<Version>2010</Version>
<Href>http://www.xbrl.org/lrr/role/deprecated-2009-12-16.xsd</Href>
<AttType>SCH</AttType>
<FileTypeName>Roles/Arcroles</FileTypeName>
<Elements>0</Elements>
<Namespace>http://www.xbrl.org/2009/role/deprecated</Namespace>
</Loc>
<Loc>
<Family>IFRS</Family>
<Version>2010</Version>
<Href>http://xbrl.iasb.org/taxonomy/2010-04-30/ifrs-cor_2010-04-30.xsd</Href>
<AttType>SCH</AttType>
<FileTypeName>Schema</FileTypeName>
<Elements>1</Elements>
<Namespace>http://xbrl.iasb.org/taxonomy/2010-04-30/ifrs</Namespace>
<Prefix>ifrs</Prefix>
</Loc>
<Loc>
<Family>IFRS</Family>
<Version>2011</Version>
<Href>http://xbrl.iasb.org/taxonomy/2011-03-25/ifrs-cor_2011-03-25.xsd</Href>
<AttType>SCH</AttType>
<FileTypeName>Schema</FileTypeName>
<Elements>1</Elements>
<Namespace>http://xbrl.ifrs.org/taxonomy/2011-03-25/ifrs</Namespace>
<Prefix>ifrs</Prefix>
</Loc>
<Loc>
<Family>IFRS</Family>
<Version>2012</Version>
<Href>http://xbrl.ifrs.org/taxonomy/2012-03-29/ifrs-cor_2012-03-29.xsd</Href>
<AttType>SCH</AttType>
<FileTypeName>Schema</FileTypeName>
<Elements>1</Elements>
<Namespace>http://xbrl.ifrs.org/taxonomy/2012-03-29/ifrs</Namespace>
<Prefix>ifrs</Prefix>
</Loc>
<Loc>
<Family>IFRS</Family>
<Version>2013</Version>
<Href>http://xbrl.ifrs.org/taxonomy/2013-03-28/ifrs-cor_2013-03-28.xsd</Href>
<AttType>SCH</AttType>
<FileTypeName>Schema</FileTypeName>
<Elements>1</Elements>
<Namespace>http://xbrl.ifrs.org/taxonomy/2013-03-28/ifrs</Namespace>
<Prefix>ifrs</Prefix>
</Loc>
<Loc>
<Family>IFRS</Family>
<Version>2014</Version>
<Href>http://xbrl.ifrs.org/taxonomy/2014-03-05/full_ifrs/full_ifrs-cor_2014-03-05.xsd</Href>
<AttType>SCH</AttType>
<FileTypeName>Schema</FileTypeName>
<Elements>1</Elements>
<Namespace>http://xbrl.ifrs.org/taxonomy/2014-03-05/ifrs-full</Namespace>
<Prefix>ifrs</Prefix>
</Loc>
<Loc>
<Family>IFRS</Family>
<Version>2015</Version>
<Href>http://xbrl.ifrs.org/taxonomy/2015-03-11/full_ifrs/full_ifrs-cor_2015-03-11.xsd</Href>
<AttType>SCH</AttType>
<FileTypeName>Schema</FileTypeName>
<Elements>1</Elements>
<Namespace>http://xbrl.ifrs.org/taxonomy/2015-03-11/ifrs-full</Namespace>
<Prefix>ifrs</Prefix>
</Loc>

<!-- added for testing possible SEC filings -->
<Loc>
<Family>US GAAP</Family>
<Version>2015</Version>
<Href>http://xbrl.fasb.org/us-gaap/2015/elts/us-gaap-2015-01-31.xsd</Href>
<AttType>SCH</AttType>
<FileTypeName>Schema</FileTypeName>
<Elements>1</Elements>
<Namespace>http://fasb.org/us-gaap/2015-01-31</Namespace>
<Prefix>us-gaap</Prefix>
</Loc>
<Loc>
<Family>US GAAP</Family>
<Version>2015</Version>
<Href>http://xbrl.sec.gov/dei/2014/dei-2014-01-31.xsd</Href>
<AttType>SCH</AttType>
<FileTypeName>Schema</FileTypeName>
<Elements>1</Elements>
<Namespace>http://xbrl.sec.gov/dei/2014-01-31</Namespace>
<Prefix>dei</Prefix>
</Loc>
<Loc>
<Family>US GAAP</Family>
<Version>2015</Version>
<Href>http://xbrl.fasb.org/us-gaap/2015/elts/us-types-2015-01-31.xsd</Href>
<AttType>SCH</AttType>
<FileTypeName>Schema</FileTypeName>
<Elements>0</Elements>
<Namespace>http://fasb.org/us-types/2015-01-31</Namespace>
<Prefix>us-types</Prefix>
</Loc>
<Loc>
<Family>US GAAP</Family>
<Version>2015</Version>
<Href>http://xbrl.fasb.org/us-gaap/2015/elts/us-roles-2015-01-31.xsd</Href>
<AttType>SCH</AttType>
<FileTypeName>Roles/Arcroles</FileTypeName>
<Elements>0</Elements>
<Namespace>http://fasb.org/us-roles/2015-01-31</Namespace>
</Loc>
<Loc>
<Family>US GAAP</Family>
<Version>2015</Version>
<Href>http://www.xbrl.org/dtr/type/numeric-2009-12-16.xsd</Href>
<AttType>SCH</AttType>
<FileTypeName>Schema</FileTypeName>
<Elements>0</Elements>
<Namespace>http://www.xbrl.org/dtr/type/numeric</Namespace>
<Prefix>num</Prefix>
</Loc>
<Loc>
<Family>US GAAP</Family>
<Version>2015</Version>
<Href>http://www.xbrl.org/dtr/type/nonNumeric-2009-12-16.xsd</Href>
<AttType>SCH</AttType>
<FileTypeName>Schema</FileTypeName>
<Elements>0</Elements>
<Namespace>http://www.xbrl.org/dtr/type/non-numeric</Namespace>
<Prefix>nonnum</Prefix>
</Loc>
<Loc>
<Family>US GAAP</Family>
<Version>2015</Version>
<Href>http://xbrl.sec.gov/country/2013/country-2013-01-31.xsd</Href>
<AttType>SCH</AttType>
<FileTypeName>Schema</FileTypeName>
<Elements>1</Elements>
<Namespace>http://xbrl.sec.gov/country/2013-01-31</Namespace>
<Prefix>country</Prefix>
</Loc>
<Loc>
<Family>US GAAP</Family>
<Version>2015</Version>
<Href>http://xbrl.sec.gov/currency/2014/currency-2014-01-31.xsd</Href>
<AttType>SCH</AttType>
<FileTypeName>Schema</FileTypeName>
<Elements>1</Elements>
<Namespace>http://xbrl.sec.gov/currency/2014-01-31</Namespace>
<Prefix>currency</Prefix>
</Loc>
<Loc>
<Family>US GAAP</Family>
<Version>2015</Version>
<Href>http://xbrl.sec.gov/exch/2015/exch-2015-01-31.xsd</Href>
<AttType>SCH</AttType>
<FileTypeName>Schema</FileTypeName>
<Elements>1</Elements>
<Namespace>http://xbrl.sec.gov/exch/2015-01-31</Namespace>
<Prefix>exch</Prefix>
</Loc>
<Loc>
<Family>US GAAP</Family>
<Version>2015</Version>
<Href>http://xbrl.sec.gov/invest/2013/invest-2013-01-31.xsd</Href>
<AttType>SCH</AttType>
<FileTypeName>Schema</FileTypeName>
<Elements>1</Elements>
<Namespace>http://xbrl.sec.gov/invest/2013-01-31</Namespace>
<Prefix>invest</Prefix>
</Loc>
<Loc>
<Family>US GAAP</Family>
<Version>2015</Version>
<Href>http://xbrl.sec.gov/naics/2011/naics-2011-01-31.xsd</Href>
<AttType>SCH</AttType>
<FileTypeName>Schema</FileTypeName>
<Elements>1</Elements>
<Namespace>http://xbrl.sec.gov/naics/2011-01-31</Namespace>
<Prefix>naics</Prefix>
</Loc>
<Loc>
<Family>US GAAP</Family>
<Version>2015</Version>
<Href>http://xbrl.sec.gov/sic/2011/sic-2011-01-31.xsd</Href>
<AttType>SCH</AttType>
<FileTypeName>Schema</FileTypeName>
<Elements>1</Elements>
<Namespace>http://xbrl.sec.gov/sic/2011-01-31</Namespace>
<Prefix>sic</Prefix>
</Loc>
<Loc>
<Family>US GAAP</Family>
<Version>2015</Version>
<Href>http://xbrl.sec.gov/stpr/2011/stpr-2011-01-31.xsd</Href>
<AttType>SCH</AttType>
<FileTypeName>Schema</FileTypeName>
<Elements>1</Elements>
<Namespace>http://xbrl.sec.gov/stpr/2011-01-31</Namespace>
<Prefix>stpr</Prefix>
</Loc>
<Loc>
<Family>US GAAP</Family>
<Version>2015</Version>
<Href>http://www.xbrl.org/lrr/role/negated-2009-12-16.xsd</Href>
<AttType>SCH</AttType>
<FileTypeName>Roles/Arcroles</FileTypeName>
<Elements>0</Elements>
<Namespace>http://www.xbrl.org/2009/role/negated</Namespace>
</Loc>
<Loc>
<Family>US GAAP</Family>
<Version>2015</Version>
<Href>http://www.xbrl.org/lrr/role/net-2009-12-16.xsd</Href>
<AttType>SCH</AttType>
<FileTypeName>Roles/Arcroles</FileTypeName>
<Elements>0</Elements>
<Namespace>http://www.xbrl.org/2009/role/net</Namespace>
</Loc>
<Loc>
<Family>US GAAP</Family>
<Version>2015</Version>
<Href>http://www.xbrl.org/lrr/arcrole/factExplanatory-2009-12-16.xsd</Href>
<AttType>SCH</AttType>
<FileTypeName>Roles/Arcroles</FileTypeName>
<Elements>0</Elements>
<Namespace>http://www.xbrl.org/2009/arcrole/fact-explanatoryFact</Namespace>
</Loc>
<Loc>
<Family>US GAAP</Family>
<Version>2015 IM</Version>
<Href>http://xbrl.sec.gov/invest/2013/invest-2013-01-31.xsd</Href>
<AttType>SCH</AttType>
<FileTypeName>Schema</FileTypeName>
<Elements>1</Elements>
<Namespace>http://xbrl.sec.gov/invest/2013-01-31</Namespace>
<Prefix>invest</Prefix>
</Loc>
<Loc>
<Family>US GAAP</Family>
<Version>2015 IM</Version>
<Href>http://xbrl.fasb.org/us-gaap/2015/elts/us-gaap-2015-01-31.xsd</Href>
<AttType>SCH</AttType>
<FileTypeName>Schema</FileTypeName>
<Elements>1</Elements>
<Namespace>http://fasb.org/us-gaap/2015-01-31</Namespace>
<Prefix>us-gaap</Prefix>
</Loc>
<Loc>
<Family>US GAAP</Family>
<Version>2015 IM</Version>
<Href>http://xbrl.sec.gov/dei/2014/dei-2014-01-31.xsd</Href>
<AttType>SCH</AttType>
<FileTypeName>Schema</FileTypeName>
<Elements>1</Elements>
<Namespace>http://xbrl.sec.gov/dei/2014-01-31</Namespace>
<Prefix>dei</Prefix>
</Loc>
<Loc>
<Family>US GAAP</Family>
<Version>2015 IM</Version>
<Href>http://xbrl.fasb.org/us-gaap/2015/elts/us-types-2015-01-31.xsd</Href>
<AttType>SCH</AttType>
<FileTypeName>Schema</FileTypeName>
<Elements>0</Elements>
<Namespace>http://fasb.org/us-types/2015-01-31</Namespace>
<Prefix>us-types</Prefix>
</Loc>
<Loc>
<Family>US GAAP</Family>
<Version>2015 IM</Version>
<Href>http://xbrl.fasb.org/us-gaap/2015/elts/us-roles-2015-01-31.xsd</Href>
<AttType>SCH</AttType>
<FileTypeName>Roles/Arcroles</FileTypeName>
<Elements>0</Elements>
<Namespace>http://fasb.org/us-roles/2015-01-31</Namespace>
</Loc>
<Loc>
<Family>US GAAP</Family>
<Version>2015 IM</Version>
<Href>http://www.xbrl.org/dtr/type/numeric-2009-12-16.xsd</Href>
<AttType>SCH</AttType>
<FileTypeName>Schema</FileTypeName>
<Elements>0</Elements>
<Namespace>http://www.xbrl.org/dtr/type/numeric</Namespace>
<Prefix>num</Prefix>
</Loc>
<Loc>
<Family>US GAAP</Family>
<Version>2015 IM</Version>
<Href>http://www.xbrl.org/dtr/type/nonNumeric-2009-12-16.xsd</Href>
<AttType>SCH</AttType>
<FileTypeName>Schema</FileTypeName>
<Elements>0</Elements>
<Namespace>http://www.xbrl.org/dtr/type/non-numeric</Namespace>
<Prefix>nonnum</Prefix>
</Loc>
<Loc>
<Family>US GAAP</Family>
<Version>2015 IM</Version>
<Href>http://xbrl.sec.gov/country/2013/country-2013-01-31.xsd</Href>
<AttType>SCH</AttType>
<FileTypeName>Schema</FileTypeName>
<Elements>1</Elements>
<Namespace>http://xbrl.sec.gov/country/2013-01-31</Namespace>
<Prefix>country</Prefix>
</Loc>
<Loc>
<Family>US GAAP</Family>
<Version>2015 IM</Version>
<Href>http://xbrl.sec.gov/currency/2014/currency-2014-01-31.xsd</Href>
<AttType>SCH</AttType>
<FileTypeName>Schema</FileTypeName>
<Elements>1</Elements>
<Namespace>http://xbrl.sec.gov/currency/2014-01-31</Namespace>
<Prefix>currency</Prefix>
</Loc>
<Loc>
<Family>US GAAP</Family>
<Version>2015 IM</Version>
<Href>http://xbrl.sec.gov/exch/2015/exch-2015-01-31.xsd</Href>
<AttType>SCH</AttType>
<FileTypeName>Schema</FileTypeName>
<Elements>1</Elements>
<Namespace>http://xbrl.sec.gov/exch/2015-01-31</Namespace>
<Prefix>exch</Prefix>
</Loc>
<Loc>
<Family>US GAAP</Family>
<Version>2015 IM</Version>
<Href>http://xbrl.sec.gov/naics/2011/naics-2011-01-31.xsd</Href>
<AttType>SCH</AttType>
<FileTypeName>Schema</FileTypeName>
<Elements>1</Elements>
<Namespace>http://xbrl.sec.gov/naics/2011-01-31</Namespace>
<Prefix>naics</Prefix>
</Loc>
<Loc>
<Family>US GAAP</Family>
<Version>2015 IM</Version>
<Href>http://xbrl.sec.gov/sic/2011/sic-2011-01-31.xsd</Href>
<AttType>SCH</AttType>
<FileTypeName>Schema</FileTypeName>
<Elements>1</Elements>
<Namespace>http://xbrl.sec.gov/sic/2011-01-31</Namespace>
<Prefix>sic</Prefix>
</Loc>
<Loc>
<Family>US GAAP</Family>
<Version>2015 IM</Version>
<Href>http://xbrl.sec.gov/stpr/2011/stpr-2011-01-31.xsd</Href>
<AttType>SCH</AttType>
<FileTypeName>Schema</FileTypeName>
<Elements>1</Elements>
<Namespace>http://xbrl.sec.gov/stpr/2011-01-31</Namespace>
<Prefix>stpr</Prefix>
</Loc>
<Loc>
<Family>US GAAP</Family>
<Version>2015 IM</Version>
<Href>http://www.xbrl.org/lrr/role/negated-2009-12-16.xsd</Href>
<AttType>SCH</AttType>
<FileTypeName>Roles/Arcroles</FileTypeName>
<Elements>0</Elements>
<Namespace>http://www.xbrl.org/2009/role/negated</Namespace>
</Loc>
<Loc>
<Family>US GAAP</Family>
<Version>2015 IM</Version>
<Href>http://www.xbrl.org/lrr/role/net-2009-12-16.xsd</Href>
<AttType>SCH</AttType>
<FileTypeName>Roles/Arcroles</FileTypeName>
<Elements>0</Elements>
<Namespace>http://www.xbrl.org/2009/role/net</Namespace>
</Loc>
<Loc>
<Family>US GAAP</Family>
<Version>2015 IM</Version>
<Href>http://www.xbrl.org/lrr/arcrole/factExplanatory-2009-12-16.xsd</Href>
<AttType>SCH</AttType>
<FileTypeName>Roles/Arcroles</FileTypeName>
<Elements>0</Elements>
<Namespace>http://www.xbrl.org/2009/arcrole/fact-explanatoryFact</Namespace>
</Loc>
<Loc>
<Family>US GAAP</Family>
<Version>2014</Version>
<Href>http://xbrl.fasb.org/us-gaap/2014/elts/us-gaap-2014-01-31.xsd</Href>
<AttType>SCH</AttType>
<FileTypeName>Schema</FileTypeName>
<Elements>1</Elements>
<Namespace>http://fasb.org/us-gaap/2014-01-31</Namespace>
<Prefix>us-gaap</Prefix>
</Loc>
<Loc>
<Family>US GAAP</Family>
<Version>2014</Version>
<Href>http://xbrl.sec.gov/dei/2014/dei-2014-01-31.xsd</Href>
<AttType>SCH</AttType>
<FileTypeName>Schema</FileTypeName>
<Elements>1</Elements>
<Namespace>http://xbrl.sec.gov/dei/2014-01-31</Namespace>
<Prefix>dei</Prefix>
</Loc>
<Loc>
<Family>US GAAP</Family>
<Version>2014</Version>
<Href>http://xbrl.fasb.org/us-gaap/2014/elts/us-types-2014-01-31.xsd</Href>
<AttType>SCH</AttType>
<FileTypeName>Schema</FileTypeName>
<Elements>0</Elements>
<Namespace>http://fasb.org/us-types/2014-01-31</Namespace>
<Prefix>us-types</Prefix>
</Loc>
<Loc>
<Family>US GAAP</Family>
<Version>2014</Version>
<Href>http://xbrl.fasb.org/us-gaap/2014/elts/us-roles-2014-01-31.xsd</Href>
<AttType>SCH</AttType>
<FileTypeName>Roles/Arcroles</FileTypeName>
<Elements>0</Elements>
<Namespace>http://fasb.org/us-roles/2014-01-31</Namespace>
</Loc>
<Loc>
<Family>US GAAP</Family>
<Version>2014</Version>
<Href>http://www.xbrl.org/dtr/type/numeric-2009-12-16.xsd</Href>
<AttType>SCH</AttType>
<FileTypeName>Schema</FileTypeName>
<Elements>0</Elements>
<Namespace>http://www.xbrl.org/dtr/type/numeric</Namespace>
<Prefix>num</Prefix>
</Loc>
<Loc>
<Family>US GAAP</Family>
<Version>2014</Version>
<Href>http://www.xbrl.org/dtr/type/nonNumeric-2009-12-16.xsd</Href>
<AttType>SCH</AttType>
<FileTypeName>Schema</FileTypeName>
<Elements>0</Elements>
<Namespace>http://www.xbrl.org/dtr/type/non-numeric</Namespace>
<Prefix>nonnum</Prefix>
</Loc>
<Loc>
<Family>US GAAP</Family>
<Version>2014</Version>
<Href>http://xbrl.sec.gov/invest/2013/invest-2013-01-31.xsd</Href>
<AttType>SCH</AttType>
<FileTypeName>Schema</FileTypeName>
<Elements>1</Elements>
<Namespace>http://xbrl.sec.gov/invest/2013-01-31</Namespace>
<Prefix>invest</Prefix>
</Loc>
<Loc>
<Family>US GAAP</Family>
<Version>2014</Version>
<Href>http://xbrl.sec.gov/country/2013/country-2013-01-31.xsd</Href>
<AttType>SCH</AttType>
<FileTypeName>Schema</FileTypeName>
<Elements>1</Elements>
<Namespace>http://xbrl.sec.gov/country/2013-01-31</Namespace>
<Prefix>country</Prefix>
</Loc>
<Loc>
<Family>US GAAP</Family>
<Version>2014</Version>
<Href>http://xbrl.sec.gov/exch/2014/exch-2014-01-31.xsd</Href>
<AttType>SCH</AttType>
<FileTypeName>Schema</FileTypeName>
<Elements>1</Elements>
<Namespace>http://xbrl.sec.gov/exch/2014-01-31</Namespace>
<Prefix>exch</Prefix>
</Loc>
<Loc>
<Family>US GAAP</Family>
<Version>2014</Version>
<Href>http://xbrl.sec.gov/currency/2014/currency-2014-01-31.xsd</Href>
<AttType>SCH</AttType>
<FileTypeName>Schema</FileTypeName>
<Elements>1</Elements>
<Namespace>http://xbrl.sec.gov/currency/2014-01-31</Namespace>
<Prefix>currency</Prefix>
</Loc>
<Loc>
<Family>US GAAP</Family>
<Version>2014</Version>
<Href>http://xbrl.sec.gov/naics/2011/naics-2011-01-31.xsd</Href>
<AttType>SCH</AttType>
<FileTypeName>Schema</FileTypeName>
<Elements>1</Elements>
<Namespace>http://xbrl.sec.gov/naics/2011-01-31</Namespace>
<Prefix>naics</Prefix>
</Loc>
<Loc>
<Family>US GAAP</Family>
<Version>2014</Version>
<Href>http://xbrl.sec.gov/sic/2011/sic-2011-01-31.xsd</Href>
<AttType>SCH</AttType>
<FileTypeName>Schema</FileTypeName>
<Elements>1</Elements>
<Namespace>http://xbrl.sec.gov/sic/2011-01-31</Namespace>
<Prefix>sic</Prefix>
</Loc>
<Loc>
<Family>US GAAP</Family>
<Version>2014</Version>
<Href>http://xbrl.sec.gov/stpr/2011/stpr-2011-01-31.xsd</Href>
<AttType>SCH</AttType>
<FileTypeName>Schema</FileTypeName>
<Elements>1</Elements>
<Namespace>http://xbrl.sec.gov/stpr/2011-01-31</Namespace>
<Prefix>stpr</Prefix>
</Loc>
<Loc>
<Family>US GAAP</Family>
<Version>2014</Version>
<Href>http://www.xbrl.org/lrr/role/negated-2009-12-16.xsd</Href>
<AttType>SCH</AttType>
<FileTypeName>Roles/Arcroles</FileTypeName>
<Elements>0</Elements>
<Namespace>http://www.xbrl.org/2009/role/negated</Namespace>
</Loc>
<Loc>
<Family>US GAAP</Family>
<Version>2014</Version>
<Href>http://www.xbrl.org/lrr/role/net-2009-12-16.xsd</Href>
<AttType>SCH</AttType>
<FileTypeName>Roles/Arcroles</FileTypeName>
<Elements>0</Elements>
<Namespace>http://www.xbrl.org/2009/role/net</Namespace>
</Loc>
<Loc>
<Family>US GAAP</Family>
<Version>2014</Version>
<Href>http://www.xbrl.org/lrr/arcrole/factExplanatory-2009-12-16.xsd</Href>
<AttType>SCH</AttType>
<FileTypeName>Roles/Arcroles</FileTypeName>
<Elements>0</Elements>
<Namespace>http://www.xbrl.org/2009/arcrole/fact-explanatoryFact</Namespace>
</Loc>
<Loc>
<Family>US GAAP</Family>
<Version>2013</Version>
<Href>http://xbrl.fasb.org/us-gaap/2013/elts/us-gaap-2013-01-31.xsd</Href>
<AttType>SCH</AttType>
<FileTypeName>Schema</FileTypeName>
<Elements>1</Elements>
<Namespace>http://fasb.org/us-gaap/2013-01-31</Namespace>
<Prefix>us-gaap</Prefix>
</Loc>
<Loc>
<Family>US GAAP</Family>
<Version>2013</Version>
<Href>http://xbrl.sec.gov/dei/2013/dei-2013-01-31.xsd</Href>
<AttType>SCH</AttType>
<FileTypeName>Schema</FileTypeName>
<Elements>1</Elements>
<Namespace>http://xbrl.sec.gov/dei/2013-01-31</Namespace>
<Prefix>dei</Prefix>
</Loc>
<Loc>
<Family>US GAAP</Family>
<Version>2013</Version>
<Href>http://xbrl.fasb.org/us-gaap/2013/elts/us-types-2013-01-31.xsd</Href>
<AttType>SCH</AttType>
<FileTypeName>Schema</FileTypeName>
<Elements>0</Elements>
<Namespace>http://fasb.org/us-types/2013-01-31</Namespace>
<Prefix>us-types</Prefix>
</Loc>
<Loc>
<Family>US GAAP</Family>
<Version>2013</Version>
<Href>http://xbrl.fasb.org/us-gaap/2013/elts/us-roles-2013-01-31.xsd</Href>
<AttType>SCH</AttType>
<FileTypeName>Roles/Arcroles</FileTypeName>
<Elements>0</Elements>
<Namespace>http://fasb.org/us-roles/2013-01-31</Namespace>
</Loc>
<Loc>
<Family>US GAAP</Family>
<Version>2013</Version>
<Href>http://www.xbrl.org/dtr/type/nonNumeric-2009-12-16.xsd</Href>
<AttType>SCH</AttType>
<FileTypeName>Schema</FileTypeName>
<Elements>0</Elements>
<Namespace>http://www.xbrl.org/dtr/type/non-numeric</Namespace>
<Prefix>nonnum</Prefix>
</Loc>
<Loc>
<Family>US GAAP</Family>
<Version>2013</Version>
<Href>http://www.xbrl.org/dtr/type/numeric-2009-12-16.xsd</Href>
<AttType>SCH</AttType>
<FileTypeName>Schema</FileTypeName>
<Elements>0</Elements>
<Namespace>http://www.xbrl.org/dtr/type/numeric</Namespace>
<Prefix>num</Prefix>
</Loc>
<Loc>
<Family>US GAAP</Family>
<Version>2013</Version>
<Href>http://xbrl.sec.gov/invest/2013/invest-2013-01-31.xsd</Href>
<AttType>SCH</AttType>
<FileTypeName>Schema</FileTypeName>
<Elements>1</Elements>
<Namespace>http://xbrl.sec.gov/invest/2013-01-31</Namespace>
<Prefix>invest</Prefix>
</Loc>
<Loc>
<Family>US GAAP</Family>
<Version>2013</Version>
<Href>http://xbrl.sec.gov/country/2013/country-2013-01-31.xsd</Href>
<AttType>SCH</AttType>
<FileTypeName>Schema</FileTypeName>
<Elements>1</Elements>
<Namespace>http://xbrl.sec.gov/country/2013-01-31</Namespace>
<Prefix>country</Prefix>
</Loc>
<Loc>
<Family>US GAAP</Family>
<Version>2013</Version>
<Href>http://xbrl.sec.gov/currency/2012/currency-2012-01-31.xsd</Href>
<AttType>SCH</AttType>
<FileTypeName>Schema</FileTypeName>
<Elements>1</Elements>
<Namespace>http://xbrl.sec.gov/currency/2012-01-31</Namespace>
<Prefix>currency</Prefix>
</Loc>
<Loc>
<Family>US GAAP</Family>
<Version>2013</Version>
<Href>http://xbrl.sec.gov/exch/2013/exch-2013-01-31.xsd</Href>
<AttType>SCH</AttType>
<FileTypeName>Schema</FileTypeName>
<Elements>1</Elements>
<Namespace>http://xbrl.sec.gov/exch/2013-01-31</Namespace>
<Prefix>exch</Prefix>
</Loc>
<Loc>
<Family>US GAAP</Family>
<Version>2013</Version>
<Href>http://xbrl.sec.gov/naics/2011/naics-2011-01-31.xsd</Href>
<AttType>SCH</AttType>
<FileTypeName>Schema</FileTypeName>
<Elements>1</Elements>
<Namespace>http://xbrl.sec.gov/naics/2011-01-31</Namespace>
<Prefix>naics</Prefix>
</Loc>
<Loc>
<Family>US GAAP</Family>
<Version>2013</Version>
<Href>http://xbrl.sec.gov/sic/2011/sic-2011-01-31.xsd</Href>
<AttType>SCH</AttType>
<FileTypeName>Schema</FileTypeName>
<Elements>1</Elements>
<Namespace>http://xbrl.sec.gov/sic/2011-01-31</Namespace>
<Prefix>sic</Prefix>
</Loc>
<Loc>
<Family>US GAAP</Family>
<Version>2013</Version>
<Href>http://xbrl.sec.gov/stpr/2011/stpr-2011-01-31.xsd</Href>
<AttType>SCH</AttType>
<FileTypeName>Schema</FileTypeName>
<Elements>1</Elements>
<Namespace>http://xbrl.sec.gov/stpr/2011-01-31</Namespace>
<Prefix>stpr</Prefix>
</Loc>
<Loc>
<Family>US GAAP</Family>
<Version>2013</Version>
<Href>http://www.xbrl.org/lrr/role/negated-2009-12-16.xsd</Href>
<AttType>SCH</AttType>
<FileTypeName>Roles/Arcroles</FileTypeName>
<Elements>0</Elements>
<Namespace>http://www.xbrl.org/2009/role/negated</Namespace>
</Loc>
<Loc>
<Family>US GAAP</Family>
<Version>2013</Version>
<Href>http://www.xbrl.org/lrr/role/net-2009-12-16.xsd</Href>
<AttType>SCH</AttType>
<FileTypeName>Roles/Arcroles</FileTypeName>
<Elements>0</Elements>
<Namespace>http://www.xbrl.org/2009/role/net</Namespace>
</Loc>
<Loc>
<Family>US GAAP</Family>
<Version>2013</Version>
<Href>http://www.xbrl.org/lrr/arcrole/factExplanatory-2009-12-16.xsd</Href>
<AttType>SCH</AttType>
<FileTypeName>Roles/Arcroles</FileTypeName>
<Elements>0</Elements>
<Namespace>http://www.xbrl.org/2009/arcrole/fact-explanatoryFact</Namespace>
</Loc>
<Loc>
<Family>US GAAP</Family>
<Version>2012</Version>
<Href>http://xbrl.fasb.org/us-gaap/2012/elts/us-gaap-2012-01-31.xsd</Href>
<AttType>SCH</AttType>
<FileTypeName>Schema</FileTypeName>
<Elements>1</Elements>
<Namespace>http://fasb.org/us-gaap/2012-01-31</Namespace>
<Prefix>us-gaap</Prefix>
</Loc>
<Loc>
<Family>US GAAP</Family>
<Version>2012</Version>
<Href>http://xbrl.sec.gov/dei/2012/dei-2012-01-31.xsd</Href>
<AttType>SCH</AttType>
<FileTypeName>Schema</FileTypeName>
<Elements>1</Elements>
<Namespace>http://xbrl.sec.gov/dei/2012-01-31</Namespace>
<Prefix>dei</Prefix>
</Loc>
<Loc>
<Family>US GAAP</Family>
<Version>2012</Version>
<Href>http://xbrl.fasb.org/us-gaap/2012/elts/us-types-2012-01-31.xsd</Href>
<AttType>SCH</AttType>
<FileTypeName>Schema</FileTypeName>
<Elements>0</Elements>
<Namespace>http://fasb.org/us-types/2012-01-31</Namespace>
<Prefix>us-types</Prefix>
</Loc>
<Loc>
<Family>US GAAP</Family>
<Version>2012</Version>
<Href>http://xbrl.fasb.org/us-gaap/2012/elts/us-roles-2012-01-31.xsd</Href>
<AttType>SCH</AttType>
<FileTypeName>Roles/Arcroles</FileTypeName>
<Elements>0</Elements>
<Namespace>http://fasb.org/us-roles/2012-01-31</Namespace>
</Loc>
<Loc>
<Family>US GAAP</Family>
<Version>2012</Version>
<Href>http://www.xbrl.org/dtr/type/nonNumeric-2009-12-16.xsd</Href>
<AttType>SCH</AttType>
<FileTypeName>Schema</FileTypeName>
<Elements>0</Elements>
<Namespace>http://www.xbrl.org/dtr/type/non-numeric</Namespace>
<Prefix>nonnum</Prefix>
</Loc>
<Loc>
<Family>US GAAP</Family>
<Version>2012</Version>
<Href>http://www.xbrl.org/dtr/type/numeric-2009-12-16.xsd</Href>
<AttType>SCH</AttType>
<FileTypeName>Schema</FileTypeName>
<Elements>0</Elements>
<Namespace>http://www.xbrl.org/dtr/type/numeric</Namespace>
<Prefix>num</Prefix>
</Loc>
<Loc>
<Family>US GAAP</Family>
<Version>2012</Version>
<Href>http://xbrl.sec.gov/invest/2012/invest-2012-01-31.xsd</Href>
<AttType>SCH</AttType>
<FileTypeName>Schema</FileTypeName>
<Elements>1</Elements>
<Namespace>http://xbrl.sec.gov/invest/2012-01-31</Namespace>
<Prefix>invest</Prefix>
</Loc>
<Loc>
<Family>US GAAP</Family>
<Version>2012</Version>
<Href>http://xbrl.sec.gov/country/2012/country-2012-01-31.xsd</Href>
<AttType>SCH</AttType>
<FileTypeName>Schema</FileTypeName>
<Elements>1</Elements>
<Namespace>http://xbrl.sec.gov/country/2012-01-31</Namespace>
<Prefix>country</Prefix>
</Loc>
<Loc>
<Family>US GAAP</Family>
<Version>2012</Version>
<Href>http://xbrl.sec.gov/currency/2012/currency-2012-01-31.xsd</Href>
<AttType>SCH</AttType>
<FileTypeName>Schema</FileTypeName>
<Elements>1</Elements>
<Namespace>http://xbrl.sec.gov/currency/2012-01-31</Namespace>
<Prefix>currency</Prefix>
</Loc>
<Loc>
<Family>US GAAP</Family>
<Version>2012</Version>
<Href>http://xbrl.sec.gov/exch/2012/exch-2012-01-31.xsd</Href>
<AttType>SCH</AttType>
<FileTypeName>Schema</FileTypeName>
<Elements>1</Elements>
<Namespace>http://xbrl.sec.gov/exch/2012-01-31</Namespace>
<Prefix>exch</Prefix>
</Loc>
<Loc>
<Family>US GAAP</Family>
<Version>2012</Version>
<Href>http://xbrl.sec.gov/naics/2011/naics-2011-01-31.xsd</Href>
<AttType>SCH</AttType>
<FileTypeName>Schema</FileTypeName>
<Elements>1</Elements>
<Namespace>http://xbrl.sec.gov/naics/2011-01-31</Namespace>
<Prefix>naics</Prefix>
</Loc>
<Loc>
<Family>US GAAP</Family>
<Version>2012</Version>
<Href>http://xbrl.sec.gov/sic/2011/sic-2011-01-31.xsd</Href>
<AttType>SCH</AttType>
<FileTypeName>Schema</FileTypeName>
<Elements>1</Elements>
<Namespace>http://xbrl.sec.gov/sic/2011-01-31</Namespace>
<Prefix>sic</Prefix>
</Loc>
<Loc>
<Family>US GAAP</Family>
<Version>2012</Version>
<Href>http://xbrl.sec.gov/stpr/2011/stpr-2011-01-31.xsd</Href>
<AttType>SCH</AttType>
<FileTypeName>Schema</FileTypeName>
<Elements>1</Elements>
<Namespace>http://xbrl.sec.gov/stpr/2011-01-31</Namespace>
<Prefix>stpr</Prefix>
</Loc>
<Loc>
<Family>US GAAP</Family>
<Version>2012</Version>
<Href>http://www.xbrl.org/lrr/role/negated-2009-12-16.xsd</Href>
<AttType>SCH</AttType>
<FileTypeName>Roles/Arcroles</FileTypeName>
<Elements>0</Elements>
<Namespace>http://www.xbrl.org/2009/role/negated</Namespace>
</Loc>
<Loc>
<Family>US GAAP</Family>
<Version>2012</Version>
<Href>http://www.xbrl.org/lrr/role/net-2009-12-16.xsd</Href>
<AttType>SCH</AttType>
<FileTypeName>Roles/Arcroles</FileTypeName>
<Elements>0</Elements>
<Namespace>http://www.xbrl.org/2009/role/net</Namespace>
</Loc>
<Loc>
<Family>US GAAP</Family>
<Version>2012</Version>
<Href>http://www.xbrl.org/lrr/arcrole/factExplanatory-2009-12-16.xsd</Href>
<AttType>SCH</AttType>
<FileTypeName>Roles/Arcroles</FileTypeName>
<Elements>0</Elements>
<Namespace>http://www.xbrl.org/2009/arcrole/fact-explanatoryFact</Namespace>
</Loc>
<Loc>
<Family>RR</Family>
<Version>2012</Version>
<Href>http://xbrl.sec.gov/rr/2012/rr-2012-01-31.xsd</Href>
<AttType>SCH</AttType>
<FileTypeName>Schema</FileTypeName>
<Elements>1</Elements>
<Namespace>http://xbrl.sec.gov/rr/2012-01-31</Namespace>
<Prefix>rr</Prefix>
</Loc>
<Loc>
<Family>RR</Family>
<Version>2012</Version>
<Href>http://xbrl.sec.gov/dei/2012/dei-2012-01-31.xsd</Href>
<AttType>SCH</AttType>
<FileTypeName>Schema</FileTypeName>
<Elements>1</Elements>
<Namespace>http://xbrl.sec.gov/dei/2012-01-31</Namespace>
<Prefix>dei</Prefix>
</Loc>
<Loc>
<Family>RR</Family>
<Version>2012</Version>
<Href>http://xbrl.sec.gov/rr/2012/rr-ent-2012-01-31.xsd</Href>
<AttType>SCH</AttType>
<FileTypeName>Entry Point</FileTypeName>
<Elements>0</Elements>
<Namespace>http://xbrl.sec.gov/rr-ent/2012-01-31</Namespace>
<Prefix>rr-ent</Prefix>
</Loc>
<Loc>
<Family>RR</Family>
<Version>2012</Version>
<Href>http://xbrl.sec.gov/rr/2012/rr-cal-2012-01-31.xsd</Href>
<AttType>SCH</AttType>
<FileTypeName>Entry Point</FileTypeName>
<Elements>0</Elements>
<Namespace>http://xbrl.sec.gov/rr-cal/2012-01-31</Namespace>
<Prefix>rr-cal</Prefix>
</Loc>
<Loc>
<Family>RR</Family>
<Version>2012</Version>
<Href>http://xbrl.sec.gov/rr/2012/rr-def-2012-01-31.xsd</Href>
<AttType>SCH</AttType>
<FileTypeName>Entry Point</FileTypeName>
<Elements>0</Elements>
<Namespace>http://xbrl.sec.gov/rr-def/2012-01-31</Namespace>
<Prefix>rr-def</Prefix>
</Loc>
<Loc>
<Family>RR</Family>
<Version>2012</Version>
<Href>http://xbrl.sec.gov/rr/2012/rr-def-2012-01-31.xml</Href>
<AttType>DEF</AttType>
<FileTypeName>Definition, Dimensions</FileTypeName>
<Elements>0</Elements>
</Loc>
<Loc>
<Family>RR</Family>
<Version>2012</Version>
<Href>http://xbrl.sec.gov/rr/2012/rr-pre-2012-01-31.xsd</Href>
<AttType>SCH</AttType>
<FileTypeName>Entry Point</FileTypeName>
<Elements>0</Elements>
<Namespace>http://xbrl.sec.gov/rr-pre/2012-01-31</Namespace>
<Prefix>rr-pre</Prefix>
</Loc>
<Loc>
<Family>RR</Family>
<Version>2012</Version>
<Href>http://xbrl.sec.gov/rr/2012/rr-cal-2012-01-31.xml</Href>
<AttType>CAL</AttType>
<FileTypeName>Calculation</FileTypeName>
<Elements>0</Elements>
</Loc>
<Loc>
<Family>RR</Family>
<Version>2012</Version>
<Href>http://xbrl.sec.gov/rr/2012/rr-pre-2012-01-31.xml</Href>
<AttType>PRE</AttType>
<FileTypeName>Presentation</FileTypeName>
<Elements>0</Elements>
</Loc>
<Loc>
<Family>RR</Family>
<Version>2012</Version>
<Href>http://www.xbrl.org/lrr/role/negated-2009-12-16.xsd</Href>
<AttType>SCH</AttType>
<FileTypeName>Roles/Arcroles</FileTypeName>
<Elements>0</Elements>
<Namespace>http://www.xbrl.org/2009/role/negated</Namespace>
</Loc>

<Loc>
<Family>US GAAP</Family>
<Version>2011</Version>
<Href>http://xbrl.fasb.org/us-gaap/2011/elts/us-gaap-2011-01-31.xsd</Href>
<AttType>SCH</AttType>
<FileTypeName>Schema</FileTypeName>
<Elements>1</Elements>
<Namespace>http://fasb.org/us-gaap/2011-01-31</Namespace>
<Prefix>us-gaap</Prefix>
</Loc>
<Loc>
<Family>US GAAP</Family>
<Version>2011</Version>
<Href>http://xbrl.sec.gov/dei/2011/dei-2011-01-31.xsd</Href>
<AttType>SCH</AttType>
<FileTypeName>Schema</FileTypeName>
<Elements>1</Elements>
<Namespace>http://xbrl.sec.gov/dei/2011-01-31</Namespace>
<Prefix>dei</Prefix>
</Loc>
<Loc>
<Family>US GAAP</Family>
<Version>2011</Version>
<Href>http://xbrl.fasb.org/us-gaap/2011/elts/us-types-2011-01-31.xsd</Href>
<AttType>SCH</AttType>
<FileTypeName>Schema</FileTypeName>
<Elements>0</Elements>
<Namespace>http://fasb.org/us-types/2011-01-31</Namespace>
</Loc>
<Loc>
<Family>US GAAP</Family>
<Version>2011</Version>
<Href>http://xbrl.fasb.org/us-gaap/2011/elts/us-roles-2011-01-31.xsd</Href>
<AttType>SCH</AttType>
<FileTypeName>Roles/Arcroles</FileTypeName>
<Elements>0</Elements>
<Namespace>http://fasb.org/us-roles/2011-01-31</Namespace>
</Loc>
<Loc>
<Family>US GAAP</Family>
<Version>2011</Version>
<Href>http://www.xbrl.org/dtr/type/nonNumeric-2009-12-16.xsd</Href>
<AttType>SCH</AttType>
<FileTypeName>Schema</FileTypeName>
<Elements>0</Elements>
<Namespace>http://www.xbrl.org/dtr/type/non-numeric</Namespace>
<Prefix>nonnum</Prefix>
</Loc>
<Loc>
<Family>US GAAP</Family>
<Version>2011</Version>
<Href>http://www.xbrl.org/dtr/type/numeric-2009-12-16.xsd</Href>
<AttType>SCH</AttType>
<FileTypeName>Schema</FileTypeName>
<Elements>0</Elements>
<Namespace>http://www.xbrl.org/dtr/type/numeric</Namespace>
<Prefix>num</Prefix>
</Loc>
<Loc>
<Family>US GAAP</Family>
<Version>2011</Version>
<Href>http://xbrl.sec.gov/invest/2011/invest-2011-01-31.xsd</Href>
<AttType>SCH</AttType>
<FileTypeName>Schema</FileTypeName>
<Elements>1</Elements>
<Namespace>http://xbrl.sec.gov/invest/2011-01-31</Namespace>
<Prefix>invest</Prefix>
</Loc>
<Loc>
<Family>US GAAP</Family>
<Version>2011</Version>
<Href>http://xbrl.sec.gov/country/2011/country-2011-01-31.xsd</Href>
<AttType>SCH</AttType>
<FileTypeName>Schema</FileTypeName>
<Elements>1</Elements>
<Namespace>http://xbrl.sec.gov/country/2011-01-31</Namespace>
<Prefix>country</Prefix>
</Loc>
<Loc>
<Family>US GAAP</Family>
<Version>2011</Version>
<Href>http://xbrl.sec.gov/currency/2011/currency-2011-01-31.xsd</Href>
<AttType>SCH</AttType>
<FileTypeName>Schema</FileTypeName>
<Elements>1</Elements>
<Namespace>http://xbrl.sec.gov/currency/2011-01-31</Namespace>
<Prefix>currency</Prefix>
</Loc>
<Loc>
<Family>US GAAP</Family>
<Version>2011</Version>
<Href>http://xbrl.sec.gov/exch/2011/exch-2011-01-31.xsd</Href>
<AttType>SCH</AttType>
<FileTypeName>Schema</FileTypeName>
<Elements>1</Elements>
<Namespace>http://xbrl.sec.gov/exch/2011-01-31</Namespace>
<Prefix>exch</Prefix>
</Loc>
<Loc>
<Family>US GAAP</Family>
<Version>2011</Version>
<Href>http://xbrl.sec.gov/naics/2011/naics-2011-01-31.xsd</Href>
<AttType>SCH</AttType>
<FileTypeName>Schema</FileTypeName>
<Elements>1</Elements>
<Namespace>http://xbrl.sec.gov/naics/2011-01-31</Namespace>
<Prefix>naics</Prefix>
</Loc>
<Loc>
<Family>US GAAP</Family>
<Version>2011</Version>
<Href>http://xbrl.sec.gov/sic/2011/sic-2011-01-31.xsd</Href>
<AttType>SCH</AttType>
<FileTypeName>Schema</FileTypeName>
<Elements>1</Elements>
<Namespace>http://xbrl.sec.gov/sic/2011-01-31</Namespace>
<Prefix>sic</Prefix>
</Loc>
<Loc>
<Family>US GAAP</Family>
<Version>2011</Version>
<Href>http://xbrl.sec.gov/stpr/2011/stpr-2011-01-31.xsd</Href>
<AttType>SCH</AttType>
<FileTypeName>Schema</FileTypeName>
<Elements>1</Elements>
<Namespace>http://xbrl.sec.gov/stpr/2011-01-31</Namespace>
<Prefix>stpr</Prefix>
</Loc>
<Loc>
<Family>US GAAP</Family>
<Version>2011</Version>
<Href>http://www.xbrl.org/lrr/role/negated-2009-12-16.xsd</Href>
<AttType>SCH</AttType>
<FileTypeName>Roles/Arcroles</FileTypeName>
<Elements>0</Elements>
<Namespace>http://www.xbrl.org/2009/role/negated</Namespace>
</Loc>
<Loc>
<Family>US GAAP</Family>
<Version>2011</Version>
<Href>http://www.xbrl.org/lrr/role/net-2009-12-16.xsd</Href>
<AttType>SCH</AttType>
<FileTypeName>Roles/Arcroles</FileTypeName>
<Elements>0</Elements>
<Namespace>http://www.xbrl.org/2009/role/net</Namespace>
</Loc>
<Loc>
<Family>US GAAP</Family>
<Version>2011</Version>
<Href>http://www.xbrl.org/lrr/arcrole/factExplanatory-2009-12-16.xsd</Href>
<AttType>SCH</AttType>
<FileTypeName>Roles/Arcroles</FileTypeName>
<Elements>0</Elements>
<Namespace>http://www.xbrl.org/2009/arcrole/fact-explanatoryFact</Namespace>
</Loc>


<Loc>
<Family>RR</Family>
<Version>2010</Version>
<Href>http://xbrl.sec.gov/rr/2010/rr-2010-02-28.xsd</Href>
<AttType>SCH</AttType>
<FileTypeName>Schema</FileTypeName>
<Elements>1</Elements>
<Namespace>http://xbrl.sec.gov/rr/2010-02-28</Namespace>
<Prefix>rr</Prefix>
</Loc>
<Loc>
<Family>RR</Family>
<Version>2010</Version>
<Href>http://taxonomies.xbrl.us/us-gaap/2009/non-gaap/dei-2009-01-31.xsd</Href>
<AttType>SCH</AttType>
<FileTypeName>Schema</FileTypeName>
<Elements>1</Elements>
<Namespace>http://xbrl.us/dei/2009-01-31</Namespace>
<Prefix>dei</Prefix>
</Loc>
<Loc>
<Family>RR</Family>
<Version>2010</Version>
<Href>http://taxonomies.xbrl.us/us-gaap/2009/elts/us-types-2009-01-31.xsd</Href>
<AttType>SCH</AttType>
<FileTypeName>Schema</FileTypeName>
<Elements>0</Elements>
<Namespace>http://xbrl.us/us-types/2009-01-31</Namespace>
<Prefix>us-types</Prefix>
</Loc>
<Loc>
<Family>RR</Family>
<Version>2010</Version>
<Href>http://taxonomies.xbrl.us/us-gaap/2009/elts/us-roles-2009-01-31.xsd</Href>
<AttType>SCH</AttType>
<FileTypeName>Roles/Arcroles</FileTypeName>
<Elements>0</Elements>
<Namespace>http://xbrl.us/us-roles/2009-01-31</Namespace>
</Loc>
<Loc>
<Family>RR</Family>
<Version>2010</Version>
<Href>http://xbrl.sec.gov/rr/2010/rr-ent-2010-02-28.xsd</Href>
<AttType>SCH</AttType>
<FileTypeName>Entry Point</FileTypeName>
<Elements>0</Elements>
<Namespace>http://xbrl.sec.gov/rr-ent/2010-02-28</Namespace>
<Prefix>rr-ent</Prefix>
</Loc>
<Loc>
<Family>RR</Family>
<Version>2010</Version>
<Href>http://xbrl.sec.gov/rr/2010/rr-cal-2010-02-28.xsd</Href>
<AttType>SCH</AttType>
<FileTypeName>Entry Point</FileTypeName>
<Elements>0</Elements>
<Namespace>http://xbrl.sec.gov/rr-cal/2010-02-28</Namespace>
<Prefix>rr-cal</Prefix>
</Loc>
<Loc>
<Family>RR</Family>
<Version>2010</Version>
<Href>http://xbrl.sec.gov/rr/2010/rr-def-2010-02-28.xsd</Href>
<AttType>SCH</AttType>
<FileTypeName>Entry Point</FileTypeName>
<Elements>0</Elements>
<Namespace>http://xbrl.sec.gov/rr-def/2010-02-28</Namespace>
<Prefix>rr-def</Prefix>
</Loc>
<Loc>
<Family>RR</Family>
<Version>2010</Version>
<Href>http://xbrl.sec.gov/rr/2010/rr-def-2010-02-28.xml</Href>
<AttType>DEF</AttType>
<FileTypeName>Definition, Dimensions</FileTypeName>
<Elements>0</Elements>
</Loc>
<Loc>
<Family>RR</Family>
<Version>2010</Version>
<Href>http://xbrl.sec.gov/rr/2010/rr-pre-2010-02-28.xsd</Href>
<AttType>SCH</AttType>
<FileTypeName>Entry Point</FileTypeName>
<Elements>0</Elements>
<Namespace>http://xbrl.sec.gov/rr-pre/2010-02-28</Namespace>
<Prefix>rr-pre</Prefix>
</Loc>
<Loc>
<Family>RR</Family>
<Version>2010</Version>
<Href>http://xbrl.sec.gov/rr/2010/rr-cal-2010-02-28.xml</Href>
<AttType>CAL</AttType>
<FileTypeName>Calculation</FileTypeName>
<Elements>0</Elements>
</Loc>
<Loc>
<Family>RR</Family>
<Version>2010</Version>
<Href>http://taxonomies.xbrl.us/us-gaap/2009/non-gaap/dei-lab-2009-01-31.xml</Href>
<AttType>LAB</AttType>
<FileTypeName>Labels, Standard</FileTypeName>
<Elements>0</Elements>
</Loc>
<Loc>
<Family>RR</Family>
<Version>2010</Version>
<Href>http://xbrl.sec.gov/rr/2010/rr-pre-2010-02-28.xml</Href>
<AttType>PRE</AttType>
<FileTypeName>Presentation</FileTypeName>
<Elements>0</Elements>
</Loc>
<Loc>
<Family>RR</Family>
<Version>2010</Version>
<Href>http://www.xbrl.org/lrr/role/negated-2009-12-16.xsd</Href>
<AttType>SCH</AttType>
<FileTypeName>Roles/Arcroles</FileTypeName>
<Elements>0</Elements>
<Namespace>http://www.xbrl.org/2009/role/negated</Namespace>
</Loc>
<Loc>
<Family>RR</Family>
<Version>2010</Version>
<Href>http://taxonomies.xbrl.us/us-gaap/2009/non-gaap/us-gaap-doc-di-def-2009-01-31.xml</Href>
<AttType>DEF</AttType>
<FileTypeName>Definition, Dimensions</FileTypeName>
<Elements>0</Elements>
</Loc>
<Loc>
<Family>RR</Family>
<Version>2010</Version>
<Href>http://taxonomies.xbrl.us/us-gaap/2009/non-gaap/us-gaap-doc-ent-def-2009-01-31.xml</Href>
<AttType>DEF</AttType>
<FileTypeName>Definition, Dimensions</FileTypeName>
<Elements>0</Elements>
</Loc>
<Loc>
<Family>US GAAP</Family>
<Version>2014 IM</Version>
<Href>http://xbrl.sec.gov/invest/2013/invest-2013-01-31.xsd</Href>
<AttType>SCH</AttType>
<FileTypeName>Schema</FileTypeName>
<Elements>1</Elements>
<Namespace>http://xbrl.sec.gov/invest/2013-01-31</Namespace>
<Prefix>invest</Prefix>
</Loc>
<Loc>
<Family>US GAAP</Family>
<Version>2014 IM</Version>
<Href>http://xbrl.fasb.org/us-gaap/2014/elts/us-gaap-2014-01-31.xsd</Href>
<AttType>SCH</AttType>
<FileTypeName>Schema</FileTypeName>
<Elements>1</Elements>
<Namespace>http://fasb.org/us-gaap/2014-01-31</Namespace>
<Prefix>us-gaap</Prefix>
</Loc>
<Loc>
<Family>US GAAP</Family>
<Version>2014 IM</Version>
<Href>http://xbrl.sec.gov/dei/2014/dei-2014-01-31.xsd</Href>
<AttType>SCH</AttType>
<FileTypeName>Schema</FileTypeName>
<Elements>1</Elements>
<Namespace>http://xbrl.sec.gov/dei/2014-01-31</Namespace>
<Prefix>dei</Prefix>
</Loc>
<Loc>
<Family>US GAAP</Family>
<Version>2014 IM</Version>
<Href>http://xbrl.fasb.org/us-gaap/2014/elts/us-types-2014-01-31.xsd</Href>
<AttType>SCH</AttType>
<FileTypeName>Schema</FileTypeName>
<Elements>0</Elements>
<Namespace>http://fasb.org/us-types/2014-01-31</Namespace>
<Prefix>us-types</Prefix>
</Loc>
<Loc>
<Family>US GAAP</Family>
<Version>2014 IM</Version>
<Href>http://xbrl.fasb.org/us-gaap/2014/elts/us-roles-2014-01-31.xsd</Href>
<AttType>SCH</AttType>
<FileTypeName>Roles/Arcroles</FileTypeName>
<Elements>0</Elements>
<Namespace>http://fasb.org/us-roles/2014-01-31</Namespace>
</Loc>
<Loc>
<Family>US GAAP</Family>
<Version>2014 IM</Version>
<Href>http://www.xbrl.org/dtr/type/numeric-2009-12-16.xsd</Href>
<AttType>SCH</AttType>
<FileTypeName>Schema</FileTypeName>
<Elements>0</Elements>
<Namespace>http://www.xbrl.org/dtr/type/numeric</Namespace>
<Prefix>num</Prefix>
</Loc>
<Loc>
<Family>US GAAP</Family>
<Version>2014 IM</Version>
<Href>http://www.xbrl.org/dtr/type/nonNumeric-2009-12-16.xsd</Href>
<AttType>SCH</AttType>
<FileTypeName>Schema</FileTypeName>
<Elements>0</Elements>
<Namespace>http://www.xbrl.org/dtr/type/non-numeric</Namespace>
<Prefix>nonnum</Prefix>
</Loc>
<Loc>
<Family>US GAAP</Family>
<Version>2014 IM</Version>
<Href>http://xbrl.sec.gov/country/2013/country-2013-01-31.xsd</Href>
<AttType>SCH</AttType>
<FileTypeName>Schema</FileTypeName>
<Elements>1</Elements>
<Namespace>http://xbrl.sec.gov/country/2013-01-31</Namespace>
<Prefix>country</Prefix>
</Loc>
<Loc>
<Family>US GAAP</Family>
<Version>2014 IM</Version>
<Href>http://xbrl.sec.gov/currency/2014/currency-2014-01-31.xsd</Href>
<AttType>SCH</AttType>
<FileTypeName>Schema</FileTypeName>
<Elements>1</Elements>
<Namespace>http://xbrl.sec.gov/currency/2014-01-31</Namespace>
<Prefix>currency</Prefix>
</Loc>
<Loc>
<Family>US GAAP</Family>
<Version>2014 IM</Version>
<Href>http://xbrl.sec.gov/exch/2014/exch-2014-01-31.xsd</Href>
<AttType>SCH</AttType>
<FileTypeName>Schema</FileTypeName>
<Elements>1</Elements>
<Namespace>http://xbrl.sec.gov/exch/2014-01-31</Namespace>
<Prefix>exch</Prefix>
</Loc>
<Loc>
<Family>US GAAP</Family>
<Version>2014 IM</Version>
<Href>http://xbrl.sec.gov/naics/2011/naics-2011-01-31.xsd</Href>
<AttType>SCH</AttType>
<FileTypeName>Schema</FileTypeName>
<Elements>1</Elements>
<Namespace>http://xbrl.sec.gov/naics/2011-01-31</Namespace>
<Prefix>naics</Prefix>
</Loc>
<Loc>
<Family>US GAAP</Family>
<Version>2014 IM</Version>
<Href>http://xbrl.sec.gov/sic/2011/sic-2011-01-31.xsd</Href>
<AttType>SCH</AttType>
<FileTypeName>Schema</FileTypeName>
<Elements>1</Elements>
<Namespace>http://xbrl.sec.gov/sic/2011-01-31</Namespace>
<Prefix>sic</Prefix>
</Loc>
<Loc>
<Family>US GAAP</Family>
<Version>2014 IM</Version>
<Href>http://xbrl.sec.gov/stpr/2011/stpr-2011-01-31.xsd</Href>
<AttType>SCH</AttType>
<FileTypeName>Schema</FileTypeName>
<Elements>1</Elements>
<Namespace>http://xbrl.sec.gov/stpr/2011-01-31</Namespace>
<Prefix>stpr</Prefix>
</Loc>
<Loc>
<Family>US GAAP</Family>
<Version>2014 IM</Version>
<Href>http://www.xbrl.org/lrr/role/negated-2009-12-16.xsd</Href>
<AttType>SCH</AttType>
<FileTypeName>Roles/Arcroles</FileTypeName>
<Elements>0</Elements>
<Namespace>http://www.xbrl.org/2009/role/negated</Namespace>
</Loc>
<Loc>
<Family>US GAAP</Family>
<Version>2014 IM</Version>
<Href>http://www.xbrl.org/lrr/role/net-2009-12-16.xsd</Href>
<AttType>SCH</AttType>
<FileTypeName>Roles/Arcroles</FileTypeName>
<Elements>0</Elements>
<Namespace>http://www.xbrl.org/2009/role/net</Namespace>
</Loc>
<Loc>
<Family>US GAAP</Family>
<Version>2014 IM</Version>
<Href>http://www.xbrl.org/lrr/arcrole/factExplanatory-2009-12-16.xsd</Href>
<AttType>SCH</AttType>
<FileTypeName>Roles/Arcroles</FileTypeName>
<Elements>0</Elements>
<Namespace>http://www.xbrl.org/2009/arcrole/fact-explanatoryFact</Namespace>
</Loc>
<Loc>
<Family>US GAAP</Family>
<Version>2013 IM</Version>
<Href>http://xbrl.sec.gov/invest/2013/invest-2013-01-31.xsd</Href>
<AttType>SCH</AttType>
<FileTypeName>Schema</FileTypeName>
<Elements>1</Elements>
<Namespace>http://xbrl.sec.gov/invest/2013-01-31</Namespace>
<Prefix>invest</Prefix>
</Loc>
<Loc>
<Family>US GAAP</Family>
<Version>2013 IM</Version>
<Href>http://xbrl.fasb.org/us-gaap/2013/elts/us-gaap-2013-01-31.xsd</Href>
<AttType>SCH</AttType>
<FileTypeName>Schema</FileTypeName>
<Elements>1</Elements>
<Namespace>http://fasb.org/us-gaap/2013-01-31</Namespace>
<Prefix>us-gaap</Prefix>
</Loc>
<Loc>
<Family>US GAAP</Family>
<Version>2013 IM</Version>
<Href>http://xbrl.sec.gov/dei/2013/dei-2013-01-31.xsd</Href>
<AttType>SCH</AttType>
<FileTypeName>Schema</FileTypeName>
<Elements>1</Elements>
<Namespace>http://xbrl.sec.gov/dei/2013-01-31</Namespace>
<Prefix>dei</Prefix>
</Loc>
<Loc>
<Family>US GAAP</Family>
<Version>2013 IM</Version>
<Href>http://www.xbrl.org/dtr/type/nonNumeric-2009-12-16.xsd</Href>
<AttType>SCH</AttType>
<FileTypeName>Schema</FileTypeName>
<Elements>0</Elements>
<Namespace>http://www.xbrl.org/dtr/type/non-numeric</Namespace>
<Prefix>nonnum</Prefix>
</Loc>
<Loc>
<Family>US GAAP</Family>
<Version>2013 IM</Version>
<Href>http://xbrl.fasb.org/us-gaap/2013/elts/us-types-2013-01-31.xsd</Href>
<AttType>SCH</AttType>
<FileTypeName>Schema</FileTypeName>
<Elements>0</Elements>
<Namespace>http://fasb.org/us-types/2013-01-31</Namespace>
<Prefix>us-types</Prefix>
</Loc>
<Loc>
<Family>US GAAP</Family>
<Version>2013 IM</Version>
<Href>http://www.xbrl.org/dtr/type/numeric-2009-12-16.xsd</Href>
<AttType>SCH</AttType>
<FileTypeName>Schema</FileTypeName>
<Elements>0</Elements>
<Namespace>http://www.xbrl.org/dtr/type/numeric</Namespace>
<Prefix>num</Prefix>
</Loc>
<Loc>
<Family>US GAAP</Family>
<Version>2013 IM</Version>
<Href>http://xbrl.fasb.org/us-gaap/2013/elts/us-roles-2013-01-31.xsd</Href>
<AttType>SCH</AttType>
<FileTypeName>Roles/Arcroles</FileTypeName>
<Elements>0</Elements>
<Namespace>http://fasb.org/us-roles/2013-01-31</Namespace>
</Loc>
<Loc>
<Family>US GAAP</Family>
<Version>2013 IM</Version>
<Href>http://xbrl.sec.gov/country/2013/country-2013-01-31.xsd</Href>
<AttType>SCH</AttType>
<FileTypeName>Schema</FileTypeName>
<Elements>1</Elements>
<Namespace>http://xbrl.sec.gov/country/2013-01-31</Namespace>
<Prefix>country</Prefix>
</Loc>
<Loc>
<Family>US GAAP</Family>
<Version>2013 IM</Version>
<Href>http://xbrl.sec.gov/currency/2012/currency-2012-01-31.xsd</Href>
<AttType>SCH</AttType>
<FileTypeName>Schema</FileTypeName>
<Elements>1</Elements>
<Namespace>http://xbrl.sec.gov/currency/2012-01-31</Namespace>
<Prefix>currency</Prefix>
</Loc>
<Loc>
<Family>US GAAP</Family>
<Version>2013 IM</Version>
<Href>http://xbrl.sec.gov/exch/2013/exch-2013-01-31.xsd</Href>
<AttType>SCH</AttType>
<FileTypeName>Schema</FileTypeName>
<Elements>1</Elements>
<Namespace>http://xbrl.sec.gov/exch/2013-01-31</Namespace>
<Prefix>exch</Prefix>
</Loc>
<Loc>
<Family>US GAAP</Family>
<Version>2013 IM</Version>
<Href>http://xbrl.sec.gov/naics/2011/naics-2011-01-31.xsd</Href>
<AttType>SCH</AttType>
<FileTypeName>Schema</FileTypeName>
<Elements>1</Elements>
<Namespace>http://xbrl.sec.gov/naics/2011-01-31</Namespace>
<Prefix>naics</Prefix>
</Loc>
<Loc>
<Family>US GAAP</Family>
<Version>2013 IM</Version>
<Href>http://xbrl.sec.gov/sic/2011/sic-2011-01-31.xsd</Href>
<AttType>SCH</AttType>
<FileTypeName>Schema</FileTypeName>
<Elements>1</Elements>
<Namespace>http://xbrl.sec.gov/sic/2011-01-31</Namespace>
<Prefix>sic</Prefix>
</Loc>
<Loc>
<Family>US GAAP</Family>
<Version>2013 IM</Version>
<Href>http://xbrl.sec.gov/stpr/2011/stpr-2011-01-31.xsd</Href>
<AttType>SCH</AttType>
<FileTypeName>Schema</FileTypeName>
<Elements>1</Elements>
<Namespace>http://xbrl.sec.gov/stpr/2011-01-31</Namespace>
<Prefix>stpr</Prefix>
</Loc>
<Loc>
<Family>US GAAP</Family>
<Version>2013 IM</Version>
<Href>http://www.xbrl.org/lrr/role/negated-2009-12-16.xsd</Href>
<AttType>SCH</AttType>
<FileTypeName>Roles/Arcroles</FileTypeName>
<Elements>0</Elements>
<Namespace>http://www.xbrl.org/2009/role/negated</Namespace>
</Loc>
<Loc>
<Family>US GAAP</Family>
<Version>2013 IM</Version>
<Href>http://www.xbrl.org/lrr/role/net-2009-12-16.xsd</Href>
<AttType>SCH</AttType>
<FileTypeName>Roles/Arcroles</FileTypeName>
<Elements>0</Elements>
<Namespace>http://www.xbrl.org/2009/role/net</Namespace>
</Loc>
<Loc>
<Family>US GAAP</Family>
<Version>2013 IM</Version>
<Href>http://www.xbrl.org/lrr/arcrole/factExplanatory-2009-12-16.xsd</Href>
<AttType>SCH</AttType>
<FileTypeName>Roles/Arcroles</FileTypeName>
<Elements>0</Elements>
<Namespace>http://www.xbrl.org/2009/arcrole/fact-explanatoryFact</Namespace>
</Loc>
<Loc>
<Family>US GAAP</Family>
<Version>2012 IM</Version>
<Href>http://xbrl.sec.gov/invest/2012/invest-2012-01-31.xsd</Href>
<AttType>SCH</AttType>
<FileTypeName>Schema</FileTypeName>
<Elements>1</Elements>
<Namespace>http://xbrl.sec.gov/invest/2012-01-31</Namespace>
<Prefix>invest</Prefix>
</Loc>
<Loc>
<Family>US GAAP</Family>
<Version>2012 IM</Version>
<Href>http://xbrl.fasb.org/us-gaap/2012/elts/us-gaap-2012-01-31.xsd</Href>
<AttType>SCH</AttType>
<FileTypeName>Schema</FileTypeName>
<Elements>1</Elements>
<Namespace>http://fasb.org/us-gaap/2012-01-31</Namespace>
<Prefix>us-gaap</Prefix>
</Loc>
<Loc>
<Family>US GAAP</Family>
<Version>2012 IM</Version>
<Href>http://xbrl.sec.gov/dei/2012/dei-2012-01-31.xsd</Href>
<AttType>SCH</AttType>
<FileTypeName>Schema</FileTypeName>
<Elements>1</Elements>
<Namespace>http://xbrl.sec.gov/dei/2012-01-31</Namespace>
<Prefix>dei</Prefix>
</Loc>
<Loc>
<Family>US GAAP</Family>
<Version>2012 IM</Version>
<Href>http://www.xbrl.org/dtr/type/nonNumeric-2009-12-16.xsd</Href>
<AttType>SCH</AttType>
<FileTypeName>Schema</FileTypeName>
<Elements>0</Elements>
<Namespace>http://www.xbrl.org/dtr/type/non-numeric</Namespace>
<Prefix>nonnum</Prefix>
</Loc>
<Loc>
<Family>US GAAP</Family>
<Version>2012 IM</Version>
<Href>http://www.xbrl.org/dtr/type/numeric-2009-12-16.xsd</Href>
<AttType>SCH</AttType>
<FileTypeName>Schema</FileTypeName>
<Elements>0</Elements>
<Namespace>http://www.xbrl.org/dtr/type/numeric</Namespace>
<Prefix>num</Prefix>
</Loc>
<Loc>
<Family>US GAAP</Family>
<Version>2012 IM</Version>
<Href>http://xbrl.sec.gov/country/2012/country-2012-01-31.xsd</Href>
<AttType>SCH</AttType>
<FileTypeName>Schema</FileTypeName>
<Elements>1</Elements>
<Namespace>http://xbrl.sec.gov/country/2012-01-31</Namespace>
<Prefix>country</Prefix>
</Loc>
<Loc>
<Family>US GAAP</Family>
<Version>2012 IM</Version>
<Href>http://xbrl.sec.gov/currency/2012/currency-2012-01-31.xsd</Href>
<AttType>SCH</AttType>
<FileTypeName>Schema</FileTypeName>
<Elements>1</Elements>
<Namespace>http://xbrl.sec.gov/currency/2012-01-31</Namespace>
<Prefix>currency</Prefix>
</Loc>
<Loc>
<Family>US GAAP</Family>
<Version>2012 IM</Version>
<Href>http://xbrl.sec.gov/exch/2012/exch-2012-01-31.xsd</Href>
<AttType>SCH</AttType>
<FileTypeName>Schema</FileTypeName>
<Elements>1</Elements>
<Namespace>http://xbrl.sec.gov/exch/2012-01-31</Namespace>
<Prefix>exch</Prefix>
</Loc>
<Loc>
<Family>US GAAP</Family>
<Version>2012 IM</Version>
<Href>http://xbrl.sec.gov/naics/2011/naics-2011-01-31.xsd</Href>
<AttType>SCH</AttType>
<FileTypeName>Schema</FileTypeName>
<Elements>1</Elements>
<Namespace>http://xbrl.sec.gov/naics/2011-01-31</Namespace>
<Prefix>naics</Prefix>
</Loc>
<Loc>
<Family>US GAAP</Family>
<Version>2012 IM</Version>
<Href>http://xbrl.sec.gov/sic/2011/sic-2011-01-31.xsd</Href>
<AttType>SCH</AttType>
<FileTypeName>Schema</FileTypeName>
<Elements>1</Elements>
<Namespace>http://xbrl.sec.gov/sic/2011-01-31</Namespace>
<Prefix>sic</Prefix>
</Loc>
<Loc>
<Family>US GAAP</Family>
<Version>2012 IM</Version>
<Href>http://xbrl.sec.gov/stpr/2011/stpr-2011-01-31.xsd</Href>
<AttType>SCH</AttType>
<FileTypeName>Schema</FileTypeName>
<Elements>1</Elements>
<Namespace>http://xbrl.sec.gov/stpr/2011-01-31</Namespace>
<Prefix>stpr</Prefix>
</Loc>
<Loc>
<Family>US GAAP</Family>
<Version>2012 IM</Version>
<Href>http://www.xbrl.org/lrr/role/negated-2009-12-16.xsd</Href>
<AttType>SCH</AttType>
<FileTypeName>Roles/Arcroles</FileTypeName>
<Elements>0</Elements>
<Namespace>http://www.xbrl.org/2009/role/negated</Namespace>
</Loc>
<Loc>
<Family>US GAAP</Family>
<Version>2012 IM</Version>
<Href>http://www.xbrl.org/lrr/role/net-2009-12-16.xsd</Href>
<AttType>SCH</AttType>
<FileTypeName>Roles/Arcroles</FileTypeName>
<Elements>0</Elements>
<Namespace>http://www.xbrl.org/2009/role/net</Namespace>
</Loc>
<Loc>
<Family>US GAAP</Family>
<Version>2012 IM</Version>
<Href>http://www.xbrl.org/lrr/arcrole/factExplanatory-2009-12-16.xsd</Href>
<AttType>SCH</AttType>
<FileTypeName>Roles/Arcroles</FileTypeName>
<Elements>0</Elements>
<Namespace>http://www.xbrl.org/2009/arcrole/fact-explanatoryFact</Namespace>
</Loc>

<Loc>
<Family>US GAAP</Family>
<Version>2012 IM</Version>
<Href>http://www.xbrl.org/lrr/arcrole/factExplanatory-2009-12-16.xsd</Href>
<AttType>SCH</AttType>
<FileTypeName>Roles/Arcroles</FileTypeName>
<Elements>0</Elements>
<Namespace>http://www.xbrl.org/2009/arcrole/fact-explanatoryFact</Namespace>
</Loc>
<Loc>
<Family>US GAAP</Family>
<Version>2011 IM</Version>
<Href>http://xbrl.sec.gov/invest/2011/invest-2011-01-31.xsd</Href>
<AttType>SCH</AttType>
<FileTypeName>Schema</FileTypeName>
<Elements>1</Elements>
<Namespace>http://xbrl.sec.gov/invest/2011-01-31</Namespace>
<Prefix>invest</Prefix>
</Loc>
<Loc>
<Family>US GAAP</Family>
<Version>2011 IM</Version>
<Href>http://xbrl.fasb.org/us-gaap/2011/elts/us-gaap-2011-01-31.xsd</Href>
<AttType>SCH</AttType>
<FileTypeName>Schema</FileTypeName>
<Elements>1</Elements>
<Namespace>http://fasb.org/us-gaap/2011-01-31</Namespace>
<Prefix>us-gaap</Prefix>
</Loc>
<Loc>
<Family>US GAAP</Family>
<Version>2011 IM</Version>
<Href>http://xbrl.sec.gov/dei/2011/dei-2011-01-31.xsd</Href>
<AttType>SCH</AttType>
<FileTypeName>Schema</FileTypeName>
<Elements>1</Elements>
<Namespace>http://xbrl.sec.gov/dei/2011-01-31</Namespace>
<Prefix>dei</Prefix>
</Loc>
<Loc>
<Family>US GAAP</Family>
<Version>2011 IM</Version>
<Href>http://www.xbrl.org/dtr/type/nonNumeric-2009-12-16.xsd</Href>
<AttType>SCH</AttType>
<FileTypeName>Schema</FileTypeName>
<Elements>0</Elements>
<Namespace>http://www.xbrl.org/dtr/type/non-numeric</Namespace>
<Prefix>nonnum</Prefix>
</Loc>
<Loc>
<Family>US GAAP</Family>
<Version>2011 IM</Version>
<Href>http://www.xbrl.org/dtr/type/numeric-2009-12-16.xsd</Href>
<AttType>SCH</AttType>
<FileTypeName>Schema</FileTypeName>
<Elements>0</Elements>
<Namespace>http://www.xbrl.org/dtr/type/numeric</Namespace>
<Prefix>num</Prefix>
</Loc>
<Loc>
<Family>US GAAP</Family>
<Version>2011 IM</Version>
<Href>http://xbrl.sec.gov/country/2011/country-2011-01-31.xsd</Href>
<AttType>SCH</AttType>
<FileTypeName>Schema</FileTypeName>
<Elements>1</Elements>
<Namespace>http://xbrl.sec.gov/country/2011-01-31</Namespace>
<Prefix>country</Prefix>
</Loc>
<Loc>
<Family>US GAAP</Family>
<Version>2011 IM</Version>
<Href>http://xbrl.sec.gov/currency/2011/currency-2011-01-31.xsd</Href>
<AttType>SCH</AttType>
<FileTypeName>Schema</FileTypeName>
<Elements>1</Elements>
<Namespace>http://xbrl.sec.gov/currency/2011-01-31</Namespace>
<Prefix>currency</Prefix>
</Loc>
<Loc>
<Family>US GAAP</Family>
<Version>2011 IM</Version>
<Href>http://xbrl.sec.gov/exch/2011/exch-2011-01-31.xsd</Href>
<AttType>SCH</AttType>
<FileTypeName>Schema</FileTypeName>
<Elements>1</Elements>
<Namespace>http://xbrl.sec.gov/exch/2011-01-31</Namespace>
<Prefix>exch</Prefix>
</Loc>
<Loc>
<Family>US GAAP</Family>
<Version>2011 IM</Version>
<Href>http://xbrl.sec.gov/naics/2011/naics-2011-01-31.xsd</Href>
<AttType>SCH</AttType>
<FileTypeName>Schema</FileTypeName>
<Elements>1</Elements>
<Namespace>http://xbrl.sec.gov/naics/2011-01-31</Namespace>
<Prefix>naics</Prefix>
</Loc>
<Loc>
<Family>US GAAP</Family>
<Version>2011 IM</Version>
<Href>http://xbrl.sec.gov/sic/2011/sic-2011-01-31.xsd</Href>
<AttType>SCH</AttType>
<FileTypeName>Schema</FileTypeName>
<Elements>1</Elements>
<Namespace>http://xbrl.sec.gov/sic/2011-01-31</Namespace>
<Prefix>sic</Prefix>
</Loc>
<Loc>
<Family>US GAAP</Family>
<Version>2011 IM</Version>
<Href>http://xbrl.sec.gov/stpr/2011/stpr-2011-01-31.xsd</Href>
<AttType>SCH</AttType>
<FileTypeName>Schema</FileTypeName>
<Elements>1</Elements>
<Namespace>http://xbrl.sec.gov/stpr/2011-01-31</Namespace>
<Prefix>stpr</Prefix>
</Loc>
<Loc>
<Family>US GAAP</Family>
<Version>2011 IM</Version>
<Href>http://www.xbrl.org/lrr/role/negated-2009-12-16.xsd</Href>
<AttType>SCH</AttType>
<FileTypeName>Roles/Arcroles</FileTypeName>
<Elements>0</Elements>
<Namespace>http://www.xbrl.org/2009/role/negated</Namespace>
</Loc>
<Loc>
<Family>US GAAP</Family>
<Version>2011 IM</Version>
<Href>http://www.xbrl.org/lrr/role/net-2009-12-16.xsd</Href>
<AttType>SCH</AttType>
<FileTypeName>Roles/Arcroles</FileTypeName>
<Elements>0</Elements>
<Namespace>http://www.xbrl.org/2009/role/net</Namespace>
</Loc>
<Loc>
<Family>US GAAP</Family>
<Version>2011 IM</Version>
<Href>http://www.xbrl.org/lrr/arcrole/factExplanatory-2009-12-16.xsd</Href>
<AttType>SCH</AttType>
<FileTypeName>Roles/Arcroles</FileTypeName>
<Elements>0</Elements>
<Namespace>http://www.xbrl.org/2009/arcrole/fact-explanatoryFact</Namespace>
</Loc>

<Loc>
<Family>US GAAP</Family>
<Version>2009</Version>
<Href>http://taxonomies.xbrl.us/us-gaap/2009/elts/us-gaap-2009-01-31.xsd</Href>
<AttType>SCH</AttType>
<FileTypeName>Schema</FileTypeName>
<Elements>1</Elements>
<Namespace>http://xbrl.us/us-gaap/2009-01-31</Namespace>
<Prefix>us-gaap</Prefix>
</Loc>
<Loc>
<Family>US GAAP</Family>
<Version>2009</Version>
<Href>http://taxonomies.xbrl.us/us-gaap/2009/non-gaap/dei-2009-01-31.xsd</Href>
<AttType>SCH</AttType>
<FileTypeName>Schema</FileTypeName>
<Elements>1</Elements>
<Namespace>http://xbrl.us/dei/2009-01-31</Namespace>
<Prefix>dei</Prefix>
</Loc>
<Loc>
<Family>US GAAP</Family>
<Version>2009</Version>
<Href>http://taxonomies.xbrl.us/us-gaap/2009/elts/us-types-2009-01-31.xsd</Href>
<AttType>SCH</AttType>
<FileTypeName>Schema</FileTypeName>
<Elements>0</Elements>
<Namespace>http://xbrl.us/us-types/2009-01-31</Namespace>
</Loc>
<Loc>
<Family>US GAAP</Family>
<Version>2009</Version>
<Href>http://taxonomies.xbrl.us/us-gaap/2009/elts/us-roles-2009-01-31.xsd</Href>
<AttType>SCH</AttType>
<FileTypeName>Roles/Arcroles</FileTypeName>
<Elements>0</Elements>
<Namespace>http://xbrl.us/us-roles/2009-01-31</Namespace>
</Loc>
<Loc>
<Family>US GAAP</Family>
<Version>2009</Version>
<Href>http://taxonomies.xbrl.us/us-gaap/2009/non-gaap/dei-std-2009-01-31.xsd</Href>
<AttType>SCH</AttType>
<FileTypeName>Entry Point</FileTypeName>
<Elements>0</Elements>
<Namespace>http://xbrl.us/dei-std/2009-01-31</Namespace>
</Loc>
<Loc>
<Family>US GAAP</Family>
<Version>2009</Version>
<Href>http://taxonomies.xbrl.us/us-gaap/2009/non-gaap/dei-lab-2009-01-31.xml</Href>
<AttType>LAB</AttType>
<FileTypeName>Labels, Standard</FileTypeName>
<Elements>0</Elements>
</Loc>
<Loc>
<Family>US GAAP</Family>
<Version>2009</Version>
<Href>http://taxonomies.xbrl.us/us-gaap/2009/non-gaap/dei-pre-2009-01-31.xml</Href>
<AttType>PRE</AttType>
<FileTypeName>Presentation</FileTypeName>
<Elements>0</Elements>
</Loc>
<Loc>
<Family>US GAAP</Family>
<Version>2009</Version>
<Href>http://www.xbrl.org/dtr/type/nonNumeric-2009-12-16.xsd</Href>
<AttType>SCH</AttType>
<FileTypeName>Schema</FileTypeName>
<Elements>0</Elements>
<Namespace>http://www.xbrl.org/dtr/type/non-numeric</Namespace>
<Prefix>nonnum</Prefix>
</Loc>
<Loc>
<Family>US GAAP</Family>
<Version>2009</Version>
<Href>http://www.xbrl.org/dtr/type/numeric-2009-12-16.xsd</Href>
<AttType>SCH</AttType>
<FileTypeName>Schema</FileTypeName>
<Elements>0</Elements>
<Namespace>http://www.xbrl.org/dtr/type/numeric</Namespace>
<Prefix>num</Prefix>
</Loc>
<Loc>
<Family>US GAAP</Family>
<Version>2009</Version>
<Href>http://www.xbrl.org/lrr/role/negated-2008-03-31.xsd</Href>
<AttType>SCH</AttType>
<FileTypeName>Roles/Arcroles</FileTypeName>
<Elements>0</Elements>
<Namespace>http://xbrl.us/us-gaap/negated/2008-03-31</Namespace>
</Loc>
<Loc>
<Family>US GAAP</Family>
<Version>2009</Version>
<Href>http://www.xbrl.org/lrr/role/negated-2009-12-16.xsd</Href>
<AttType>SCH</AttType>
<FileTypeName>Roles/Arcroles</FileTypeName>
<Elements>0</Elements>
<Namespace>http://www.xbrl.org/2009/role/negated</Namespace>
</Loc>
<Loc>
<Family>US GAAP</Family>
<Version>2009</Version>
<Href>http://www.xbrl.org/lrr/role/net-2009-12-16.xsd</Href>
<AttType>SCH</AttType>
<FileTypeName>Roles/Arcroles</FileTypeName>
<Elements>0</Elements>
<Namespace>http://www.xbrl.org/2009/role/net</Namespace>
</Loc>
<Loc>
<Family>US GAAP</Family>
<Version>2009</Version>
<Href>http://www.xbrl.org/lrr/arcrole/factExplanatory-2009-12-16.xsd</Href>
<AttType>SCH</AttType>
<FileTypeName>Roles/Arcroles</FileTypeName>
<Elements>0</Elements>
<Namespace>http://www.xbrl.org/2009/arcrole/fact-explanatoryFact</Namespace>
</Loc>
<Loc>
<Family>US GAAP</Family>
<Version>2009</Version>
<Href>http://taxonomies.xbrl.us/us-gaap/2009/non-gaap/country-2009-01-31.xsd</Href>
<AttType>SCH</AttType>
<FileTypeName>Schema</FileTypeName>
<Elements>1</Elements>
<Namespace>http://xbrl.us/country/2009-01-31</Namespace>
<Prefix>country</Prefix>
</Loc>
<Loc>
<Family>US GAAP</Family>
<Version>2009</Version>
<Href>http://taxonomies.xbrl.us/us-gaap/2009/non-gaap/currency-2009-01-31.xsd</Href>
<AttType>SCH</AttType>
<FileTypeName>Schema</FileTypeName>
<Elements>1</Elements>
<Namespace>http://xbrl.us/currency/2009-01-31</Namespace>
<Prefix>currency</Prefix>
</Loc>
<Loc>
<Family>US GAAP</Family>
<Version>2009</Version>
<Href>http://taxonomies.xbrl.us/us-gaap/2009/non-gaap/exch-2009-01-31.xsd</Href>
<AttType>SCH</AttType>
<FileTypeName>Schema</FileTypeName>
<Elements>1</Elements>
<Namespace>http://xbrl.us/exch/2009-01-31</Namespace>
<Prefix>exch</Prefix>
</Loc>
<Loc>
<Family>US GAAP</Family>
<Version>2009</Version>
<Href>http://taxonomies.xbrl.us/us-gaap/2009/non-gaap/invest-2009-01-31.xsd</Href>
<AttType>SCH</AttType>
<FileTypeName>Schema</FileTypeName>
<Elements>1</Elements>
<Namespace>http://xbrl.us/invest/2009-01-31</Namespace>
<Prefix>invest</Prefix>
</Loc>
<Loc>
<Family>US GAAP</Family>
<Version>2009</Version>
<Href>http://taxonomies.xbrl.us/us-gaap/2009/non-gaap/naics-2009-01-31.xsd</Href>
<AttType>SCH</AttType>
<FileTypeName>Schema</FileTypeName>
<Elements>1</Elements>
<Namespace>http://xbrl.us/naics/2009-01-31</Namespace>
<Prefix>naics</Prefix>
</Loc>
<Loc>
<Family>US GAAP</Family>
<Version>2009</Version>
<Href>http://taxonomies.xbrl.us/us-gaap/2009/non-gaap/sic-2009-01-31.xsd</Href>
<AttType>SCH</AttType>
<FileTypeName>Schema</FileTypeName>
<Elements>1</Elements>
<Namespace>http://xbrl.us/sic/2009-01-31</Namespace>
<Prefix>sic</Prefix>
</Loc>
<Loc>
<Family>US GAAP</Family>
<Version>2009</Version>
<Href>http://taxonomies.xbrl.us/us-gaap/2009/non-gaap/stpr-2009-01-31.xsd</Href>
<AttType>SCH</AttType>
<FileTypeName>Schema</FileTypeName>
<Elements>1</Elements>
<Namespace>http://xbrl.us/stpr/2009-01-31</Namespace>
<Prefix>stpr</Prefix>
</Loc>
<Loc>
<Family>US GAAP</Family>
<Version>2009</Version>
<Href>http://taxonomies.xbrl.us/us-gaap/2009/non-gaap/ar-2009-01-31.xsd</Href>
<AttType>SCH</AttType>
<FileTypeName>Schema</FileTypeName>
<Elements>1</Elements>
<Namespace>http://xbrl.us/ar/2009-01-31</Namespace>
<Prefix>ar</Prefix>
</Loc>
<Loc>
<Family>US GAAP</Family>
<Version>2009</Version>
<Href>http://taxonomies.xbrl.us/us-gaap/2009/non-gaap/mda-2009-01-31.xsd</Href>
<AttType>SCH</AttType>
<FileTypeName>Schema</FileTypeName>
<Elements>1</Elements>
<Namespace>http://xbrl.us/mda/2009-01-31</Namespace>
<Prefix>mda</Prefix>
</Loc>
<Loc>
<Family>US GAAP</Family>
<Version>2009</Version>
<Href>http://taxonomies.xbrl.us/us-gaap/2009/non-gaap/mr-2009-01-31.xsd</Href>
<AttType>SCH</AttType>
<FileTypeName>Schema</FileTypeName>
<Elements>1</Elements>
<Namespace>http://xbrl.us/mr/2009-01-31</Namespace>
<Prefix>mr</Prefix>
</Loc>
<Loc>
<Family>US GAAP</Family>
<Version>2009</Version>
<Href>http://taxonomies.xbrl.us/us-gaap/2009/non-gaap/seccert-2009-01-31.xsd</Href>
<AttType>SCH</AttType>
<FileTypeName>Schema</FileTypeName>
<Elements>1</Elements>
<Namespace>http://xbrl.us/seccert/2009-01-31</Namespace>
<Prefix>seccert</Prefix>
</Loc>
<Loc>
<Family>SOI</Family>
<Version>2008</Version>
<Href>http://taxonomies.xbrl.us/soi/2008/soi-2008-11-30.xsd</Href>
<AttType>SCH</AttType>
<FileTypeName>Schema</FileTypeName>
<Elements>1</Elements>
<Namespace>http://xbrl.us/soi/2008-11-30</Namespace>
<Prefix>soi</Prefix>
</Loc>
<Loc>
<Family>SOI</Family>
<Version>2008</Version>
<Href>http://xbrl.us/us-gaap/1.0/non-gaap/dei-2008-03-31.xsd</Href>
<AttType>SCH</AttType>
<FileTypeName>Schema</FileTypeName>
<Elements>1</Elements>
<Namespace>http://xbrl.us/dei/2008-03-31</Namespace>
<Prefix>dei</Prefix>
</Loc>
<Loc>
<Family>SOI</Family>
<Version>2008</Version>
<Href>http://xbrl.us/us-gaap/1.0/elts/us-types-2008-03-31.xsd</Href>
<AttType>SCH</AttType>
<FileTypeName>Schema</FileTypeName>
<Elements>0</Elements>
<Namespace>http://xbrl.us/us-types/2008-03-31</Namespace>
<Prefix>us-types</Prefix>
</Loc>
<Loc>
<Family>SOI</Family>
<Version>2008</Version>
<Href>http://xbrl.us/us-gaap/1.0/elts/us-roles-2008-03-31.xsd</Href>
<AttType>SCH</AttType>
<FileTypeName>Roles/Arcroles</FileTypeName>
<Elements>0</Elements>
<Namespace>http://xbrl.us/us-roles/2008-03-31</Namespace>
</Loc>
<Loc>
<Family>SOI</Family>
<Version>2008</Version>
<Href>http://xbrl.us/us-gaap/1.0/non-gaap/dei-std-2008-03-31.xsd</Href>
<AttType>SCH</AttType>
<FileTypeName>Entry Point</FileTypeName>
<Elements>0</Elements>
<Namespace>http://xbrl.us/dei-std/2008-03-31</Namespace>
<Prefix>dei-std</Prefix>
</Loc>
<Loc>
<Family>SOI</Family>
<Version>2008</Version>
<Href>http://xbrl.us/us-gaap/1.0/non-gaap/dei-lab-2008-03-31.xml</Href>
<AttType>LAB</AttType>
<FileTypeName>Labels, Standard</FileTypeName>
<Elements>0</Elements>
</Loc>
<Loc>
<Family>SOI</Family>
<Version>2008</Version>
<Href>http://xbrl.us/us-gaap/1.0/non-gaap/dei-pre-2008-03-31.xml</Href>
<AttType>PRE</AttType>
<FileTypeName>Presentation</FileTypeName>
<Elements>0</Elements>
</Loc>
<Loc>
<Family>SOI</Family>
<Version>2008</Version>
<Href>http://xbrl.us/us-gaap/1.0/non-gaap/us-gaap-doc-di-def-2008-03-31.xml</Href>
<AttType>DEF</AttType>
<FileTypeName>Definition, Dimensions</FileTypeName>
<Elements>0</Elements>
</Loc>
<Loc>
<Family>SOI</Family>
<Version>2008</Version>
<Href>http://xbrl.us/us-gaap/1.0/non-gaap/us-gaap-doc-ent-def-2008-03-31.xml</Href>
<AttType>DEF</AttType>
<FileTypeName>Definition, Dimensions</FileTypeName>
<Elements>0</Elements>
</Loc>
<Loc>
<Family>SOI</Family>
<Version>2008</Version>
<Href>http://xbrl.us/us-gaap/1.0/non-gaap/dei-ent-2008-03-31.xsd</Href>
<AttType>SCH</AttType>
<FileTypeName>Entry Point</FileTypeName>
<Elements>0</Elements>
<Namespace>http://xbrl.us/dei-ent/2008-03-31</Namespace>
<Prefix>dei-ent</Prefix>
</Loc>
<Loc>
<Family>RR</Family>
<Version>2008</Version>
<Href>http://taxonomies.xbrl.us/rr/2008/rr-2008-12-31.xsd</Href>
<AttType>SCH</AttType>
<FileTypeName>Schema</FileTypeName>
<Elements>1</Elements>
<Namespace>http://xbrl.us/rr/2008-12-31</Namespace>
<Prefix>rr</Prefix>
</Loc>
<Loc>
<Family>RR</Family>
<Version>2008</Version>
<Href>http://xbrl.us/us-gaap/1.0/non-gaap/dei-2008-03-31.xsd</Href>
<AttType>SCH</AttType>
<FileTypeName>Schema</FileTypeName>
<Elements>1</Elements>
<Namespace>http://xbrl.us/dei/2008-03-31</Namespace>
<Prefix>dei</Prefix>
</Loc>
<Loc>
<Family>RR</Family>
<Version>2008</Version>
<Href>http://xbrl.us/us-gaap/1.0/elts/us-types-2008-03-31.xsd</Href>
<AttType>SCH</AttType>
<FileTypeName>Schema</FileTypeName>
<Elements>0</Elements>
<Namespace>http://xbrl.us/us-types/2008-03-31</Namespace>
<Prefix>us-types</Prefix>
</Loc>
<Loc>
<Family>RR</Family>
<Version>2008</Version>
<Href>http://xbrl.us/us-gaap/1.0/elts/us-roles-2008-03-31.xsd</Href>
<AttType>SCH</AttType>
<FileTypeName>Roles/Arcroles</FileTypeName>
<Elements>0</Elements>
<Namespace>http://xbrl.us/us-roles/2008-03-31</Namespace>
</Loc>
<Loc>
<Family>RR</Family>
<Version>2008</Version>
<Href>http://taxonomies.xbrl.us/rr/2008/rr-ent-2008-12-31.xsd</Href>
<AttType>SCH</AttType>
<FileTypeName>Entry Point</FileTypeName>
<Elements>0</Elements>
<Namespace>http://xbrl.us/rr-ent/2008-12-31</Namespace>
<Prefix>rr-ent</Prefix>
</Loc>
<Loc>
<Family>RR</Family>
<Version>2008</Version>
<Href>http://taxonomies.xbrl.us/rr/2008/rr-std-2008-12-31.xsd</Href>
<AttType>SCH</AttType>
<FileTypeName>Entry Point</FileTypeName>
<Elements>0</Elements>
<Namespace>http://xbrl.us/rr-std/2008-12-31</Namespace>
<Prefix>rr-std</Prefix>
</Loc>
<Loc>
<Family>RR</Family>
<Version>2008</Version>
<Href>http://taxonomies.xbrl.us/rr/2008/rr-lab-2008-12-31.xml</Href>
<AttType>LAB</AttType>
<FileTypeName>Labels, Standard</FileTypeName>
<Elements>0</Elements>
</Loc>
<Loc>
<Family>RR</Family>
<Version>2008</Version>
<Href>http://taxonomies.xbrl.us/rr/2008/rr-cal-2008-12-31.xml</Href>
<AttType>CAL</AttType>
<FileTypeName>Calculation</FileTypeName>
<Elements>0</Elements>
</Loc>
<Loc>
<Family>RR</Family>
<Version>2008</Version>
<Href>http://taxonomies.xbrl.us/rr/2008/rr-def-2008-12-31.xml</Href>
<AttType>DEF</AttType>
<FileTypeName>Definition, Dimensions</FileTypeName>
<Elements>0</Elements>
</Loc>
<Loc>
<Family>RR</Family>
<Version>2008</Version>
<Href>http://taxonomies.xbrl.us/rr/2008/rr-pre-2008-12-31.xml</Href>
<AttType>PRE</AttType>
<FileTypeName>Presentation</FileTypeName>
<Elements>0</Elements>
</Loc>
<Loc>
<Family>RR</Family>
<Version>2008</Version>
<Href>http://xbrl.us/us-gaap/1.0/non-gaap/dei-std-2008-03-31.xsd</Href>
<AttType>SCH</AttType>
<FileTypeName>Entry Point</FileTypeName>
<Elements>0</Elements>
<Namespace>http://xbrl.us/dei-std/2008-03-31</Namespace>
<Prefix>dei-std</Prefix>
</Loc>
<Loc>
<Family>RR</Family>
<Version>2008</Version>
<Href>http://xbrl.us/us-gaap/1.0/non-gaap/dei-ent-2008-03-31.xsd</Href>
<AttType>SCH</AttType>
<FileTypeName>Entry Point</FileTypeName>
<Elements>0</Elements>
<Namespace>http://xbrl.us/dei-ent/2008-03-31</Namespace>
<Prefix>dei-ent</Prefix>
</Loc>
<Loc>
<Family>RR</Family>
<Version>2008</Version>
<Href>http://xbrl.us/us-gaap/1.0/non-gaap/dei-lab-2008-03-31.xml</Href>
<AttType>LAB</AttType>
<FileTypeName>Labels, Standard</FileTypeName>
<Elements>0</Elements>
</Loc>
<Loc>
<Family>RR</Family>
<Version>2008</Version>
<Href>http://xbrl.us/us-gaap/1.0/non-gaap/dei-pre-2008-03-31.xml</Href>
<AttType>PRE</AttType>
<FileTypeName>Presentation</FileTypeName>
<Elements>0</Elements>
</Loc>
<Loc>
<Family>RR</Family>
<Version>2008</Version>
<Href>http://xbrl.us/us-gaap/1.0/non-gaap/us-gaap-doc-di-def-2008-03-31.xml</Href>
<AttType>DEF</AttType>
<FileTypeName>Definition, Dimensions</FileTypeName>
<Elements>0</Elements>
</Loc>
<Loc>
<Family>RR</Family>
<Version>2008</Version>
<Href>http://xbrl.us/us-gaap/1.0/non-gaap/us-gaap-doc-ent-def-2008-03-31.xml</Href>
<AttType>DEF</AttType>
<FileTypeName>Definition, Dimensions</FileTypeName>
<Elements>0</Elements>
</Loc>
<Loc>
<Family>US GAAP</Family>
<Version>1.0</Version>
<Href>http://xbrl.us/us-gaap/1.0/elts/us-gaap-2008-03-31.xsd</Href>
<AttType>SCH</AttType>
<FileTypeName>Schema</FileTypeName>
<Elements>1</Elements>
<Namespace>http://xbrl.us/us-gaap/2008-03-31</Namespace>
<Prefix>us-gaap</Prefix>
</Loc>
<Loc>
<Family>US GAAP</Family>
<Version>1.0</Version>
<Href>http://xbrl.us/us-gaap/1.0/non-gaap/dei-2008-03-31.xsd</Href>
<AttType>SCH</AttType>
<FileTypeName>Schema</FileTypeName>
<Elements>1</Elements>
<Namespace>http://xbrl.us/dei/2008-03-31</Namespace>
<Prefix>dei</Prefix>
</Loc>
<Loc>
<Family>US GAAP</Family>
<Version>1.0</Version>
<Href>http://xbrl.us/us-gaap/1.0/elts/us-types-2008-03-31.xsd</Href>
<AttType>SCH</AttType>
<FileTypeName>Schema</FileTypeName>
<Elements>0</Elements>
<Namespace>http://xbrl.us/us-types/2008-03-31</Namespace>
<Prefix>us-types</Prefix>
</Loc>
<Loc>
<Family>US GAAP</Family>
<Version>1.0</Version>
<Href>http://xbrl.us/us-gaap/1.0/elts/us-roles-2008-03-31.xsd</Href>
<AttType>SCH</AttType>
<FileTypeName>Roles/Arcroles</FileTypeName>
<Elements>0</Elements>
<Namespace>http://xbrl.us/us-roles/2008-03-31</Namespace>
</Loc>
<Loc>
<Family>US GAAP</Family>
<Version>1.0</Version>
<Href>http://xbrl.us/us-gaap/1.0/non-gaap/dei-std-2008-03-31.xsd</Href>
<AttType>SCH</AttType>
<FileTypeName>Entry Point</FileTypeName>
<Elements>0</Elements>
<Namespace>http://xbrl.us/dei-std/2008-03-31</Namespace>
<Prefix>dei-std</Prefix>
</Loc>
<Loc>
<Family>US GAAP</Family>
<Version>1.0</Version>
<Href>http://xbrl.us/us-gaap/1.0/non-gaap/dei-lab-2008-03-31.xml</Href>
<AttType>LAB</AttType>
<FileTypeName>Labels, Standard</FileTypeName>
<Elements>0</Elements>
</Loc>
<Loc>
<Family>US GAAP</Family>
<Version>1.0</Version>
<Href>http://xbrl.us/us-gaap/1.0/non-gaap/dei-pre-2008-03-31.xml</Href>
<AttType>PRE</AttType>
<FileTypeName>Presentation</FileTypeName>
<Elements>0</Elements>
</Loc>
<Loc>
<Family>US GAAP</Family>
<Version>1.0</Version>
<Href>http://xbrl.us/us-gaap/1.0/non-gaap/us-gaap-doc-di-def-2008-03-31.xml</Href>
<AttType>DEF</AttType>
<FileTypeName>Definition, Dimensions</FileTypeName>
<Elements>0</Elements>
</Loc>
<Loc>
<Family>US GAAP</Family>
<Version>1.0</Version>
<Href>http://xbrl.us/us-gaap/1.0/non-gaap/us-gaap-doc-ent-def-2008-03-31.xml</Href>
<AttType>DEF</AttType>
<FileTypeName>Definition, Dimensions</FileTypeName>
<Elements>0</Elements>
</Loc>
<Loc>
<Family>US GAAP</Family>
<Version>1.0</Version>
<Href>http://xbrl.us/us-gaap/1.0/non-gaap/dei-ent-2008-03-31.xsd</Href>
<AttType>SCH</AttType>
<FileTypeName>Entry Point</FileTypeName>
<Elements>0</Elements>
<Namespace>http://xbrl.us/dei-ent/2008-03-31</Namespace>
<Prefix>dei-ent</Prefix>
</Loc>
<Loc>
<Family>US GAAP</Family>
<Version>1.0</Version>
<Href>http://xbrl.us/us-gaap/1.0/non-gaap/ar-2008-03-31.xsd</Href>
<AttType>SCH</AttType>
<FileTypeName>Schema</FileTypeName>
<Elements>1</Elements>
<Namespace>http://xbrl.us/ar/2008-03-31</Namespace>
<Prefix>ar</Prefix>
</Loc>
<Loc>
<Family>US GAAP</Family>
<Version>1.0</Version>
<Href>http://xbrl.us/us-gaap/1.0/non-gaap/country-2008-03-31.xsd</Href>
<AttType>SCH</AttType>
<FileTypeName>Schema</FileTypeName>
<Elements>1</Elements>
<Namespace>http://xbrl.us/country/2008-03-31</Namespace>
<Prefix>country</Prefix>
</Loc>
<Loc>
<Family>US GAAP</Family>
<Version>1.0</Version>
<Href>http://xbrl.us/us-gaap/1.0/non-gaap/mda-2008-03-31.xsd</Href>
<AttType>SCH</AttType>
<FileTypeName>Schema</FileTypeName>
<Elements>1</Elements>
<Namespace>http://xbrl.us/mda/2008-03-31</Namespace>
<Prefix>mda</Prefix>
</Loc>
<Loc>
<Family>US GAAP</Family>
<Version>1.0</Version>
<Href>http://xbrl.us/us-gaap/1.0/non-gaap/currency-2008-03-31.xsd</Href>
<AttType>SCH</AttType>
<FileTypeName>Schema</FileTypeName>
<Elements>1</Elements>
<Namespace>http://xbrl.us/currency/2008-03-31</Namespace>
<Prefix>currency</Prefix>
</Loc>
<Loc>
<Family>US GAAP</Family>
<Version>1.0</Version>
<Href>http://xbrl.us/us-gaap/1.0/non-gaap/mr-2008-03-31.xsd</Href>
<AttType>SCH</AttType>
<FileTypeName>Schema</FileTypeName>
<Elements>1</Elements>
<Namespace>http://xbrl.us/mr/2008-03-31</Namespace>
<Prefix>mr</Prefix>
</Loc>
<Loc>
<Family>US GAAP</Family>
<Version>1.0</Version>
<Href>http://xbrl.us/us-gaap/1.0/non-gaap/seccert-2008-03-31.xsd</Href>
<AttType>SCH</AttType>
<FileTypeName>Schema</FileTypeName>
<Elements>1</Elements>
<Namespace>http://xbrl.us/seccert/2008-03-31</Namespace>
<Prefix>seccert</Prefix>
</Loc>
<Loc>
<Family>US GAAP</Family>
<Version>1.0</Version>
<Href>http://xbrl.us/us-gaap/1.0/non-gaap/exch-2008-03-31.xsd</Href>
<AttType>SCH</AttType>
<FileTypeName>Schema</FileTypeName>
<Elements>1</Elements>
<Namespace>http://xbrl.us/exch/2008-03-31</Namespace>
<Prefix>exch</Prefix>
</Loc>
<Loc>
<Family>US GAAP</Family>
<Version>1.0</Version>
<Href>http://xbrl.us/us-gaap/1.0/non-gaap/naics-2008-03-31.xsd</Href>
<AttType>SCH</AttType>
<FileTypeName>Schema</FileTypeName>
<Elements>1</Elements>
<Namespace>http://xbrl.us/naics/2008-03-31</Namespace>
<Prefix>naics</Prefix>
</Loc>
<Loc>
<Family>US GAAP</Family>
<Version>1.0</Version>
<Href>http://xbrl.us/us-gaap/1.0/non-gaap/sic-2008-03-31.xsd</Href>
<AttType>SCH</AttType>
<FileTypeName>Schema</FileTypeName>
<Elements>1</Elements>
<Namespace>http://xbrl.us/sic/2008-03-31</Namespace>
<Prefix>sic</Prefix>
</Loc>
<Loc>
<Family>US GAAP</Family>
<Version>1.0</Version>
<Href>http://xbrl.us/us-gaap/1.0/non-gaap/stpr-2008-03-31.xsd</Href>
<AttType>SCH</AttType>
<FileTypeName>Schema</FileTypeName>
<Elements>1</Elements>
<Namespace>http://xbrl.us/stpr/2008-03-31</Namespace>
<Prefix>stpr</Prefix>
</Loc>
<Loc>
<Family>USFRTF</Family>
<Version>2005 IM</Version>
<Href>http://www.xbrl.org/us/fr/common/ime/2005-06-28/usfr-ime-2005-06-28.xsd</Href>
<AttType>SCH</AttType>
<FileTypeName>Schema</FileTypeName>
<Elements>1</Elements>
<Namespace>http://www.xbrl.org/us/fr/common/ime/2005-06-28</Namespace>
<Prefix>usfr-ime</Prefix>
</Loc>
<Loc>
<Family>USFRTF</Family>
<Version>2005 IM</Version>
<Href>http://www.xbrl.org/us/fr/common/ime/2005-06-28/usfr-ime-2005-06-28-label.xml</Href>
<AttType>LAB</AttType>
<FileTypeName>Labels, Standard</FileTypeName>
<Elements>0</Elements>
</Loc>
<Loc>
<Family>USFRTF</Family>
<Version>2005 IM</Version>
<Href>http://www.xbrl.org/us/fr/common/ime/2005-06-28/usfr-ime-2005-06-28-presentation.xml</Href>
<AttType>PRE</AttType>
<FileTypeName>Presentation</FileTypeName>
<Elements>0</Elements>
</Loc>
<Loc>
<Family>USFRTF</Family>
<Version>2005 IM</Version>
<Href>http://www.xbrl.org/us/fr/common/ime/2005-06-28/usfr-ime-2005-06-28-reference.xml</Href>
<AttType>REF</AttType>
<FileTypeName>Reference, Authoritative</FileTypeName>
<Elements>0</Elements>
</Loc>
<Loc>
<Family>USFRTF</Family>
<Version>2005 IM</Version>
<Href>http://www.xbrl.org/us/fr/common/fste/2005-02-28/usfr-fste-2005-02-28.xsd</Href>
<AttType>SCH</AttType>
<FileTypeName>Schema</FileTypeName>
<Elements>1</Elements>
<Namespace>http://www.xbrl.org/us/fr/common/fste/2005-02-28</Namespace>
<Prefix>usfr-fste</Prefix>
</Loc>
<Loc>
<Family>USFRTF</Family>
<Version>2005 IM</Version>
<Href>http://www.xbrl.org/us/fr/common/fste/2005-02-28/usfr-fste-2005-02-28-label.xml</Href>
<AttType>LAB</AttType>
<FileTypeName>Labels, Standard</FileTypeName>
<Elements>0</Elements>
</Loc>
<Loc>
<Family>USFRTF</Family>
<Version>2005 IM</Version>
<Href>http://www.xbrl.org/us/fr/common/fste/2005-02-28/usfr-fste-2005-02-28-presentation.xml</Href>
<AttType>PRE</AttType>
<FileTypeName>Presentation</FileTypeName>
<Elements>0</Elements>
</Loc>
<Loc>
<Family>USFRTF</Family>
<Version>2005 IM</Version>
<Href>http://www.xbrl.org/us/fr/common/fste/2005-02-28/usfr-fste-2005-02-28-reference.xml</Href>
<AttType>REF</AttType>
<FileTypeName>Reference, Authoritative</FileTypeName>
<Elements>0</Elements>
</Loc>
<Loc>
<Family>USFRTF</Family>
<Version>2005 IM</Version>
<Href>http://www.xbrl.org/us/fr/common/pte/2005-02-28/usfr-pte-2005-02-28.xsd</Href>
<AttType>SCH</AttType>
<FileTypeName>Schema</FileTypeName>
<Elements>1</Elements>
<Namespace>http://www.xbrl.org/us/fr/common/pte/2005-02-28</Namespace>
<Prefix>usfr-pte</Prefix>
</Loc>
<Loc>
<Family>USFRTF</Family>
<Version>2005 IM</Version>
<Href>http://www.xbrl.org/us/fr/common/pte/2005-02-28/usfr-pte-2005-02-28-label.xml</Href>
<AttType>LAB</AttType>
<FileTypeName>Labels, Standard</FileTypeName>
<Elements>0</Elements>
</Loc>
<Loc>
<Family>USFRTF</Family>
<Version>2005 IM</Version>
<Href>http://www.xbrl.org/us/fr/common/pte/2005-02-28/usfr-pte-2005-02-28-presentation.xml</Href>
<AttType>PRE</AttType>
<FileTypeName>Presentation</FileTypeName>
<Elements>0</Elements>
</Loc>
<Loc>
<Family>USFRTF</Family>
<Version>2005 IM</Version>
<Href>http://www.xbrl.org/us/fr/common/pte/2005-02-28/usfr-pte-2005-02-28-reference.xml</Href>
<AttType>REF</AttType>
<FileTypeName>Reference, Authoritative</FileTypeName>
<Elements>0</Elements>
</Loc>
<Loc>
<Family>USFRTF</Family>
<Version>2005 IM</Version>
<Href>http://www.xbrl.org/us/fr/common/fstr/2005-02-28/usfr-fstr-2005-02-28.xsd</Href>
<AttType>SCH</AttType>
<FileTypeName>Entry Point</FileTypeName>
<Elements>0</Elements>
<Namespace>http://www.xbrl.org/us/fr/common/fstr/2005-02-28</Namespace>
<Prefix>usfr-fstr</Prefix>
</Loc>
<Loc>
<Family>USFRTF</Family>
<Version>2005 IM</Version>
<Href>http://www.xbrl.org/us/fr/common/fstr/2005-02-28/usfr-fstr-2005-02-28-label.xml</Href>
<AttType>LAB</AttType>
<FileTypeName>Labels, Standard</FileTypeName>
<Elements>0</Elements>
</Loc>
<Loc>
<Family>USFRTF</Family>
<Version>2005 IM</Version>
<Href>http://www.xbrl.org/us/fr/common/fstr/2005-02-28/usfr-fstr-2005-02-28-presentation.xml</Href>
<AttType>PRE</AttType>
<FileTypeName>Presentation</FileTypeName>
<Elements>0</Elements>
</Loc>
<Loc>
<Family>USFRTF</Family>
<Version>2005 IM</Version>
<Href>http://www.xbrl.org/us/fr/common/ptr/2005-02-28/usfr-ptr-2005-02-28.xsd</Href>
<AttType>SCH</AttType>
<FileTypeName>Entry Point</FileTypeName>
<Elements>0</Elements>
<Namespace>http://www.xbrl.org/us/fr/common/ptr/2005-02-28</Namespace>
<Prefix>usfr-ptr</Prefix>
</Loc>
<Loc>
<Family>USFRTF</Family>
<Version>2005 IM</Version>
<Href>http://www.xbrl.org/us/fr/common/ptr/2005-02-28/usfr-ptr-2005-02-28-calculation.xml</Href>
<AttType>CAL</AttType>
<FileTypeName>Calculation</FileTypeName>
<Elements>0</Elements>
</Loc>
<Loc>
<Family>USFRTF</Family>
<Version>2005 IM</Version>
<Href>http://www.xbrl.org/us/fr/common/ptr/2005-02-28/usfr-ptr-2005-02-28-presentation.xml</Href>
<AttType>PRE</AttType>
<FileTypeName>Presentation</FileTypeName>
<Elements>0</Elements>
</Loc>
<Loc>
<Family>USFRTF</Family>
<Version>2005 IM</Version>
<Href>http://www.xbrl.org/us/fr/gaap/basi/2005-02-28/us-gaap-basi-2005-02-28.xsd</Href>
<AttType>SCH</AttType>
<FileTypeName>Entry Point</FileTypeName>
<Elements>0</Elements>
<Namespace>http://www.xbrl.org/us/fr/gaap/basi/2005-02-28</Namespace>
<Prefix>us-gaap-basi</Prefix>
</Loc>
<Loc>
<Family>USFRTF</Family>
<Version>2005 IM</Version>
<Href>http://www.xbrl.org/us/fr/gaap/basi/2005-02-28/us-gaap-basi-2005-02-28-calculation.xml</Href>
<AttType>CAL</AttType>
<FileTypeName>Calculation</FileTypeName>
<Elements>0</Elements>
</Loc>
<Loc>
<Family>USFRTF</Family>
<Version>2005 IM</Version>
<Href>http://www.xbrl.org/us/fr/gaap/basi/2005-02-28/us-gaap-basi-2005-02-28-label.xml</Href>
<AttType>LAB</AttType>
<FileTypeName>Labels, Standard</FileTypeName>
<Elements>0</Elements>
</Loc>
<Loc>
<Family>USFRTF</Family>
<Version>2005 IM</Version>
<Href>http://www.xbrl.org/us/fr/gaap/basi/2005-02-28/us-gaap-basi-2005-02-28-presentation.xml</Href>
<AttType>PRE</AttType>
<FileTypeName>Presentation</FileTypeName>
<Elements>0</Elements>
</Loc>
<Loc>
<Family>USFRTF</Family>
<Version>2005 IM</Version>
<Href>http://www.xbrl.org/us/fr/gaap/ci/2005-02-28/us-gaap-ci-2005-02-28.xsd</Href>
<AttType>SCH</AttType>
<FileTypeName>Entry Point</FileTypeName>
<Elements>0</Elements>
<Namespace>http://www.xbrl.org/us/fr/gaap/ci/2005-02-28</Namespace>
<Prefix>us-gaap-ci</Prefix>
</Loc>
<Loc>
<Family>USFRTF</Family>
<Version>2005 IM</Version>
<Href>http://www.xbrl.org/us/fr/gaap/ci/2005-02-28/us-gaap-ci-2005-02-28-calculation.xml</Href>
<AttType>CAL</AttType>
<FileTypeName>Calculation</FileTypeName>
<Elements>0</Elements>
</Loc>
<Loc>
<Family>USFRTF</Family>
<Version>2005 IM</Version>
<Href>http://www.xbrl.org/us/fr/gaap/ci/2005-02-28/us-gaap-ci-2005-02-28-presentation.xml</Href>
<AttType>PRE</AttType>
<FileTypeName>Presentation</FileTypeName>
<Elements>0</Elements>
</Loc>
<Loc>
<Family>USFRTF</Family>
<Version>2005 IM</Version>
<Href>http://www.xbrl.org/us/fr/gaap/im/2005-06-28/us-gaap-im-2005-06-28.xsd</Href>
<AttType>SCH</AttType>
<FileTypeName>Entry Point</FileTypeName>
<Elements>0</Elements>
<Namespace>http://www.xbrl.org/us/fr/gaap/im/2005-06-28</Namespace>
<Prefix>us-gaap-im</Prefix>
</Loc>
<Loc>
<Family>USFRTF</Family>
<Version>2005 IM</Version>
<Href>http://www.xbrl.org/us/fr/gaap/im/2005-06-28/us-gaap-im-2005-06-28-calculation.xml</Href>
<AttType>CAL</AttType>
<FileTypeName>Calculation</FileTypeName>
<Elements>0</Elements>
</Loc>
<Loc>
<Family>USFRTF</Family>
<Version>2005 IM</Version>
<Href>http://www.xbrl.org/us/fr/gaap/im/2005-06-28/us-gaap-im-2005-06-28-presentation.xml</Href>
<AttType>PRE</AttType>
<FileTypeName>Presentation</FileTypeName>
<Elements>0</Elements>
</Loc>
<Loc>
<Family>USFRTF</Family>
<Version>2005 IM</Version>
<Href>http://www.xbrl.org/us/fr/gaap/ins/2005-02-28/us-gaap-ins-2005-02-28.xsd</Href>
<AttType>SCH</AttType>
<FileTypeName>Entry Point</FileTypeName>
<Elements>0</Elements>
<Namespace>http://www.xbrl.org/us/fr/gaap/ins/2005-02-28</Namespace>
<Prefix>us-gaap-im</Prefix>
</Loc>
<Loc>
<Family>USFRTF</Family>
<Version>2005 IM</Version>
<Href>http://www.xbrl.org/us/fr/gaap/ins/2005-02-28/us-gaap-ins-2005-02-28-calculation.xml</Href>
<AttType>CAL</AttType>
<FileTypeName>Calculation</FileTypeName>
<Elements>0</Elements>
</Loc>
<Loc>
<Family>USFRTF</Family>
<Version>2005 IM</Version>
<Href>http://www.xbrl.org/us/fr/gaap/ins/2005-02-28/us-gaap-ins-2005-02-28-label.xml</Href>
<AttType>LAB</AttType>
<FileTypeName>Labels, Standard</FileTypeName>
<Elements>0</Elements>
</Loc>
<Loc>
<Family>USFRTF</Family>
<Version>2005 IM</Version>
<Href>http://www.xbrl.org/us/fr/gaap/ins/2005-02-28/us-gaap-ins-2005-02-28-presentation.xml</Href>
<AttType>PRE</AttType>
<FileTypeName>Presentation</FileTypeName>
<Elements>0</Elements>
</Loc>
<Loc>
<Family>USFRTF</Family>
<Version>2005 IM</Version>
<Href>http://www.xbrl.org/us/fr/rpt/ar/2005-02-28/usfr-ar-2005-02-28.xsd</Href>
<AttType>SCH</AttType>
<FileTypeName>Schema</FileTypeName>
<Elements>1</Elements>
<Namespace>http://www.xbrl.org/us/fr/rpt/ar/2005-02-28</Namespace>
<Prefix>usfr-ar</Prefix>
</Loc>
<Loc>
<Family>USFRTF</Family>
<Version>2005 IM</Version>
<Href>http://www.xbrl.org/us/fr/rpt/ar/2005-02-28/usfr-ar-2005-02-28-labels.xml</Href>
<AttType>LAB</AttType>
<FileTypeName>Labels, Standard</FileTypeName>
<Elements>0</Elements>
</Loc>
<Loc>
<Family>USFRTF</Family>
<Version>2005 IM</Version>
<Href>http://www.xbrl.org/us/fr/rpt/ar/2005-02-28/usfr-ar-2005-02-28-presentation.xml</Href>
<AttType>PRE</AttType>
<FileTypeName>Presentation</FileTypeName>
<Elements>0</Elements>
</Loc>
<Loc>
<Family>USFRTF</Family>
<Version>2005 IM</Version>
<Href>http://www.xbrl.org/us/fr/rpt/ar/2005-02-28/usfr-ar-2005-02-28-references.xml</Href>
<AttType>REF</AttType>
<FileTypeName>Reference, Authoritative</FileTypeName>
<Elements>0</Elements>
</Loc>
<Loc>
<Family>USFRTF</Family>
<Version>2005 IM</Version>
<Href>http://www.xbrl.org/us/fr/rpt/mda/2005-02-28/usfr-mda-2005-02-28.xsd</Href>
<AttType>SCH</AttType>
<FileTypeName>Schema</FileTypeName>
<Elements>1</Elements>
<Namespace>http://www.xbrl.org/us/fr/rpt/mda/2005-02-28</Namespace>
<Prefix>usfr-mda</Prefix>
</Loc>
<Loc>
<Family>USFRTF</Family>
<Version>2005 IM</Version>
<Href>http://www.xbrl.org/us/fr/rpt/mda/2005-02-28/usfr-mda-2005-02-28-label.xml</Href>
<AttType>LAB</AttType>
<FileTypeName>Labels, Standard</FileTypeName>
<Elements>0</Elements>
</Loc>
<Loc>
<Family>USFRTF</Family>
<Version>2005 IM</Version>
<Href>http://www.xbrl.org/us/fr/rpt/mda/2005-02-28/usfr-mda-2005-02-28-presentation.xml</Href>
<AttType>PRE</AttType>
<FileTypeName>Presentation</FileTypeName>
<Elements>0</Elements>
</Loc>
<Loc>
<Family>USFRTF</Family>
<Version>2005 IM</Version>
<Href>http://www.xbrl.org/us/fr/rpt/mda/2005-02-28/usfr-mda-2005-02-28-reference.xml</Href>
<AttType>REF</AttType>
<FileTypeName>Reference, Authoritative</FileTypeName>
<Elements>0</Elements>
</Loc>
<Loc>
<Family>USFRTF</Family>
<Version>2005 IM</Version>
<Href>http://www.xbrl.org/us/fr/rpt/mr/2005-02-28/usfr-mr-2005-02-28.xsd</Href>
<AttType>SCH</AttType>
<FileTypeName>Schema</FileTypeName>
<Elements>1</Elements>
<Namespace>http://www.xbrl.org/us/fr/rpt/mr/2005-02-28</Namespace>
<Prefix>usfr-mr</Prefix>
</Loc>
<Loc>
<Family>USFRTF</Family>
<Version>2005 IM</Version>
<Href>http://www.xbrl.org/us/fr/rpt/mr/2005-02-28/usfr-mr-2005-02-28-labels.xml</Href>
<AttType>LAB</AttType>
<FileTypeName>Labels, Standard</FileTypeName>
<Elements>0</Elements>
</Loc>
<Loc>
<Family>USFRTF</Family>
<Version>2005 IM</Version>
<Href>http://www.xbrl.org/us/fr/rpt/mr/2005-02-28/usfr-mr-2005-02-28-presentation.xml</Href>
<AttType>PRE</AttType>
<FileTypeName>Presentation</FileTypeName>
<Elements>0</Elements>
</Loc>
<Loc>
<Family>USFRTF</Family>
<Version>2005 IM</Version>
<Href>http://www.xbrl.org/us/fr/rpt/seccert/2005-02-28/usfr-seccert-2005-02-28.xsd</Href>
<AttType>SCH</AttType>
<FileTypeName>Schema</FileTypeName>
<Elements>1</Elements>
<Namespace>http://www.xbrl.org/us/fr/rpt/seccert/2005-02-28</Namespace>
<Prefix>usfr-seccert</Prefix>
</Loc>
<Loc>
<Family>USFRTF</Family>
<Version>2005 IM</Version>
<Href>http://www.xbrl.org/us/fr/rpt/seccert/2005-02-28/usfr-seccert-2005-02-28-labels.xml</Href>
<AttType>LAB</AttType>
<FileTypeName>Labels, Standard</FileTypeName>
<Elements>0</Elements>
</Loc>
<Loc>
<Family>USFRTF</Family>
<Version>2005 IM</Version>
<Href>http://www.xbrl.org/us/fr/rpt/seccert/2005-02-28/usfr-seccert-2005-02-28-presentation.xml</Href>
<AttType>PRE</AttType>
<FileTypeName>Presentation</FileTypeName>
<Elements>0</Elements>
</Loc>
<Loc>
<Family>USFRTF</Family>
<Version>2005 IM</Version>
<Href>http://www.xbrl.org/us/fr/rpt/seccert/2005-02-28/usfr-seccert-2005-02-28-references.xml</Href>
<AttType>REF</AttType>
<FileTypeName>Reference, Authoritative</FileTypeName>
<Elements>0</Elements>
</Loc>
<Loc>
<Family>ICI</Family>
<Version>2006</Version>
<Href>http://xbrl.ici.org/rr/2006/ici-rr.xsd</Href>
<AttType>SCH</AttType>
<FileTypeName>Schema</FileTypeName>
<Elements>1</Elements>
<Namespace>http://ici.org/rr/2006</Namespace>
<Prefix>ici-rr</Prefix>
</Loc>
<Loc>
<Family>ICI</Family>
<Version>2006</Version>
<Href>http://xbrl.ici.org/rr/2006/ici-rr_def.xml</Href>
<AttType>DEF</AttType>
<FileTypeName>Definition, Dimensions</FileTypeName>
<Elements>0</Elements>
</Loc>
<Loc>
<Family>ICI</Family>
<Version>2006</Version>
<Href>http://xbrl.ici.org/rr/2006/ici-rr_lab.xml</Href>
<AttType>LAB</AttType>
<FileTypeName>Labels, Standard</FileTypeName>
<Elements>0</Elements>
</Loc>
<Loc>
<Family>ICI</Family>
<Version>2006</Version>
<Href>http://xbrl.ici.org/rr/2006/ici-rr_pre.xml</Href>
<AttType>PRE</AttType>
<FileTypeName>Presentation</FileTypeName>
<Elements>0</Elements>
</Loc>
<Loc>
<Family>ICI</Family>
<Version>2006</Version>
<Href>http://xbrl.ici.org/rr/2006/ici-rr_ref.xml</Href>
<AttType>REF</AttType>
<FileTypeName>Reference, Authoritative</FileTypeName>
<Elements>0</Elements>
</Loc>

<Loc>
<Family>IFRS</Family>
<Version>2013</Version>
<Href>http://xbrl.ifrs.org/taxonomy/2013-09-09/ifrs-cor_2013-09-09.xsd</Href>
<AttType>SCH</AttType>
<FileTypeName>Schema</FileTypeName>
<Elements>1</Elements>
<Namespace>http://xbrl.ifrs.org/taxonomy/2013-09-09/ifrs</Namespace>
<Prefix>currency</Prefix>
</Loc>

<Loc>
<Family>IFRS</Family>
<Version>2014</Version>
<Href>http://xbrl.ifrs.org/taxonomy/2014-03-05/full_ifrs/full_ifrs-cor_2014-03-05.xsd</Href>
<AttType>SCH</AttType>
<FileTypeName>Schema</FileTypeName>
<Elements>1</Elements>
<Namespace>http://xbrl.ifrs.org/taxonomy/2014-03-05/ifrs-full</Namespace>
<Prefix>currency</Prefix>
</Loc>

<Loc>
<Family>IFRS</Family>
<Version>2014</Version>
<Href>http://xbrl.ifrs.org/taxonomy/2014-03-05/ifrs_for_smes/ifrs_for_smes-cor_2014-03-05.xsd</Href>
<AttType>SCH</AttType>
<FileTypeName>Schema</FileTypeName>
<Elements>1</Elements>
<Namespace>http://xbrl.ifrs.org/taxonomy/2014-03-05/ifrs-smes</Namespace>
<Prefix>currency</Prefix>
</Loc>

<Loc>
<Family>Arelle</Family>
<Version>2014</Version>
<Href>http://arelle.org/2014/doc-2014-01-31.xsd</Href>
<AttType>SCH</AttType>
<FileTypeName>Schema</FileTypeName>
<Elements>1</Elements>
<Namespace>http://arelle.org/doc/2014-01-31</Namespace>
<Prefix>doc</Prefix>
</Loc>

</Erxl>
