<?xml version="1.0" encoding="UTF-8"?>
<!--(C) EIOPA - XBRL Taxonomy-->
<?officialURI http://eiopa.europa.eu/eu/xbrl/s2md/fws/solvency/solvency2/2019-07-15/tab/s.01.01.01.01/s.01.01.01.01-rend.xml?>
<?taxonomy-version 2.4.0?>
<?taxonomy-date 2019-07-15?>
<link:linkbase xmlns:xsi="http://www.w3.org/2001/XMLSchema-instance" xmlns:xlink="http://www.w3.org/1999/xlink" xmlns:link="http://www.xbrl.org/2003/linkbase" xmlns:gen="http://xbrl.org/2008/generic" xmlns:label="http://xbrl.org/2008/label" xmlns:formula="http://xbrl.org/2008/formula" xmlns:df="http://xbrl.org/2008/filter/dimension" xmlns:table="http://xbrl.org/2014/table" xmlns:model="http://www.eurofiling.info/xbrl/ext/model" xmlns:s2md_met="http://eiopa.europa.eu/xbrl/s2md/dict/met" xsi:schemaLocation="http://www.xbrl.org/2003/linkbase http://www.xbrl.org/2003/xbrl-linkbase-2003-12-31.xsd http://xbrl.org/2008/generic http://www.xbrl.org/2008/generic-link.xsd http://xbrl.org/2008/label http://www.xbrl.org/2008/generic-label.xsd http://xbrl.org/2008/formula http://www.xbrl.org/2008/formula.xsd http://xbrl.org/2008/filter/dimension http://www.xbrl.org/2008/dimension-filter.xsd http://xbrl.org/2014/table http://www.xbrl.org/2014/table.xsd http://www.eurofiling.info/xbrl/ext/model http://www.eurofiling.info/eu/fr/xbrl/ext/model.xsd">
  <link:arcroleRef arcroleURI="http://xbrl.org/arcrole/2014/breakdown-tree" xlink:type="simple" xlink:href="http://www.xbrl.org/2014/table.xsd#breakdown-tree" />
  <link:arcroleRef arcroleURI="http://xbrl.org/arcrole/2014/definition-node-subtree" xlink:type="simple" xlink:href="http://www.xbrl.org/2014/table.xsd#definition-node-subtree" />
  <link:arcroleRef arcroleURI="http://xbrl.org/arcrole/2014/table-breakdown" xlink:type="simple" xlink:href="http://www.xbrl.org/2014/table.xsd#table-breakdown" />
  <link:roleRef roleURI="http://eiopa.europa.eu/xbrl/s2md/role/fws/solvency/solvency2/2019-07-15/tab/S.01.01.01.01" xlink:type="simple" xlink:href="s.01.01.01.01.xsd#role" />
  <gen:link xlink:type="extended" xlink:role="http://eiopa.europa.eu/xbrl/s2md/role/fws/solvency/solvency2/2019-07-15/tab/S.01.01.01.01">
    <table:table xlink:type="resource" xlink:label="s2md_tS.01.01.01.01" id="s2md_tS.01.01.01.01" />
    <table:breakdown xlink:type="resource" xlink:label="s2md_a1" parentChildOrder="parent-first" id="s2md_a1" />
    <table:ruleNode xlink:type="resource" xlink:label="s2md_a1.root" abstract="true" id="s2md_a1.root" merge="true" />
    <table:breakdownTreeArc xlink:type="arc" xlink:arcrole="http://xbrl.org/arcrole/2014/breakdown-tree" xlink:from="s2md_a1" xlink:to="s2md_a1.root" order="0" />
    <table:ruleNode xlink:type="resource" xlink:label="s2md_c1" id="s2md_c1" />
    <table:definitionNodeSubtreeArc xlink:type="arc" xlink:arcrole="http://xbrl.org/arcrole/2014/definition-node-subtree" xlink:from="s2md_a1.root" xlink:to="s2md_c1" order="1" />
    <table:tableBreakdownArc xlink:type="arc" xlink:arcrole="http://xbrl.org/arcrole/2014/table-breakdown" xlink:from="s2md_tS.01.01.01.01" xlink:to="s2md_a1" axis="x" order="1" />
    <table:breakdown xlink:type="resource" xlink:label="s2md_a2" parentChildOrder="parent-first" id="s2md_a2" />
    <table:ruleNode xlink:type="resource" xlink:label="s2md_a2.root" abstract="true" id="s2md_a2.root" merge="true" />
    <table:breakdownTreeArc xlink:type="arc" xlink:arcrole="http://xbrl.org/arcrole/2014/breakdown-tree" xlink:from="s2md_a2" xlink:to="s2md_a2.root" order="0" />
    <table:ruleNode xlink:type="resource" xlink:label="s2md_c2" abstract="true" id="s2md_c2" />
    <table:ruleNode xlink:type="resource" xlink:label="s2md_c3" id="s2md_c3">
      <formula:concept>
        <formula:qname>s2md_met:ei1633</formula:qname>
      </formula:concept>
    </table:ruleNode>
    <table:definitionNodeSubtreeArc xlink:type="arc" xlink:arcrole="http://xbrl.org/arcrole/2014/definition-node-subtree" xlink:from="s2md_c2" xlink:to="s2md_c3" order="1" />
    <table:ruleNode xlink:type="resource" xlink:label="s2md_c4" id="s2md_c4">
      <formula:concept>
        <formula:qname>s2md_met:ei1668</formula:qname>
      </formula:concept>
    </table:ruleNode>
    <table:definitionNodeSubtreeArc xlink:type="arc" xlink:arcrole="http://xbrl.org/arcrole/2014/definition-node-subtree" xlink:from="s2md_c2" xlink:to="s2md_c4" order="2" />
    <table:ruleNode xlink:type="resource" xlink:label="s2md_c5" id="s2md_c5">
      <formula:concept>
        <formula:qname>s2md_met:ei1669</formula:qname>
      </formula:concept>
    </table:ruleNode>
    <table:definitionNodeSubtreeArc xlink:type="arc" xlink:arcrole="http://xbrl.org/arcrole/2014/definition-node-subtree" xlink:from="s2md_c2" xlink:to="s2md_c5" order="3" />
    <table:ruleNode xlink:type="resource" xlink:label="s2md_c6" id="s2md_c6">
      <formula:concept>
        <formula:qname>s2md_met:ei1672</formula:qname>
      </formula:concept>
    </table:ruleNode>
    <table:definitionNodeSubtreeArc xlink:type="arc" xlink:arcrole="http://xbrl.org/arcrole/2014/definition-node-subtree" xlink:from="s2md_c2" xlink:to="s2md_c6" order="4" />
    <table:ruleNode xlink:type="resource" xlink:label="s2md_c7" id="s2md_c7">
      <formula:concept>
        <formula:qname>s2md_met:ei1674</formula:qname>
      </formula:concept>
    </table:ruleNode>
    <table:definitionNodeSubtreeArc xlink:type="arc" xlink:arcrole="http://xbrl.org/arcrole/2014/definition-node-subtree" xlink:from="s2md_c2" xlink:to="s2md_c7" order="5" />
    <table:ruleNode xlink:type="resource" xlink:label="s2md_c8" id="s2md_c8">
      <formula:concept>
        <formula:qname>s2md_met:ei1710</formula:qname>
      </formula:concept>
    </table:ruleNode>
    <table:definitionNodeSubtreeArc xlink:type="arc" xlink:arcrole="http://xbrl.org/arcrole/2014/definition-node-subtree" xlink:from="s2md_c2" xlink:to="s2md_c8" order="6" />
    <table:ruleNode xlink:type="resource" xlink:label="s2md_c9" id="s2md_c9">
      <formula:concept>
        <formula:qname>s2md_met:ei1711</formula:qname>
      </formula:concept>
    </table:ruleNode>
    <table:definitionNodeSubtreeArc xlink:type="arc" xlink:arcrole="http://xbrl.org/arcrole/2014/definition-node-subtree" xlink:from="s2md_c2" xlink:to="s2md_c9" order="7" />
    <table:ruleNode xlink:type="resource" xlink:label="s2md_c10" id="s2md_c10">
      <formula:concept>
        <formula:qname>s2md_met:ei1712</formula:qname>
      </formula:concept>
    </table:ruleNode>
    <table:definitionNodeSubtreeArc xlink:type="arc" xlink:arcrole="http://xbrl.org/arcrole/2014/definition-node-subtree" xlink:from="s2md_c2" xlink:to="s2md_c10" order="8" />
    <table:ruleNode xlink:type="resource" xlink:label="s2md_c11" id="s2md_c11">
      <formula:concept>
        <formula:qname>s2md_met:ei1713</formula:qname>
      </formula:concept>
    </table:ruleNode>
    <table:definitionNodeSubtreeArc xlink:type="arc" xlink:arcrole="http://xbrl.org/arcrole/2014/definition-node-subtree" xlink:from="s2md_c2" xlink:to="s2md_c11" order="9" />
    <table:ruleNode xlink:type="resource" xlink:label="s2md_c12" id="s2md_c12">
      <formula:concept>
        <formula:qname>s2md_met:ei2444</formula:qname>
      </formula:concept>
    </table:ruleNode>
    <table:definitionNodeSubtreeArc xlink:type="arc" xlink:arcrole="http://xbrl.org/arcrole/2014/definition-node-subtree" xlink:from="s2md_c2" xlink:to="s2md_c12" order="10" />
    <table:ruleNode xlink:type="resource" xlink:label="s2md_c13" id="s2md_c13">
      <formula:concept>
        <formula:qname>s2md_met:ei2451</formula:qname>
      </formula:concept>
    </table:ruleNode>
    <table:definitionNodeSubtreeArc xlink:type="arc" xlink:arcrole="http://xbrl.org/arcrole/2014/definition-node-subtree" xlink:from="s2md_c2" xlink:to="s2md_c13" order="11" />
    <table:ruleNode xlink:type="resource" xlink:label="s2md_c14" id="s2md_c14">
      <formula:concept>
        <formula:qname>s2md_met:ei1701</formula:qname>
      </formula:concept>
    </table:ruleNode>
    <table:definitionNodeSubtreeArc xlink:type="arc" xlink:arcrole="http://xbrl.org/arcrole/2014/definition-node-subtree" xlink:from="s2md_c2" xlink:to="s2md_c14" order="12" />
    <table:ruleNode xlink:type="resource" xlink:label="s2md_c15" id="s2md_c15">
      <formula:concept>
        <formula:qname>s2md_met:ei1697</formula:qname>
      </formula:concept>
    </table:ruleNode>
    <table:definitionNodeSubtreeArc xlink:type="arc" xlink:arcrole="http://xbrl.org/arcrole/2014/definition-node-subtree" xlink:from="s2md_c2" xlink:to="s2md_c15" order="13" />
    <table:ruleNode xlink:type="resource" xlink:label="s2md_c16" id="s2md_c16">
      <formula:concept>
        <formula:qname>s2md_met:ei2456</formula:qname>
      </formula:concept>
    </table:ruleNode>
    <table:definitionNodeSubtreeArc xlink:type="arc" xlink:arcrole="http://xbrl.org/arcrole/2014/definition-node-subtree" xlink:from="s2md_c2" xlink:to="s2md_c16" order="14" />
    <table:ruleNode xlink:type="resource" xlink:label="s2md_c17" id="s2md_c17">
      <formula:concept>
        <formula:qname>s2md_met:ei2459</formula:qname>
      </formula:concept>
    </table:ruleNode>
    <table:definitionNodeSubtreeArc xlink:type="arc" xlink:arcrole="http://xbrl.org/arcrole/2014/definition-node-subtree" xlink:from="s2md_c2" xlink:to="s2md_c17" order="15" />
    <table:ruleNode xlink:type="resource" xlink:label="s2md_c18" id="s2md_c18">
      <formula:concept>
        <formula:qname>s2md_met:ei1702</formula:qname>
      </formula:concept>
    </table:ruleNode>
    <table:definitionNodeSubtreeArc xlink:type="arc" xlink:arcrole="http://xbrl.org/arcrole/2014/definition-node-subtree" xlink:from="s2md_c2" xlink:to="s2md_c18" order="16" />
    <table:ruleNode xlink:type="resource" xlink:label="s2md_c19" id="s2md_c19">
      <formula:concept>
        <formula:qname>s2md_met:ei1704</formula:qname>
      </formula:concept>
    </table:ruleNode>
    <table:definitionNodeSubtreeArc xlink:type="arc" xlink:arcrole="http://xbrl.org/arcrole/2014/definition-node-subtree" xlink:from="s2md_c2" xlink:to="s2md_c19" order="17" />
    <table:ruleNode xlink:type="resource" xlink:label="s2md_c20" id="s2md_c20">
      <formula:concept>
        <formula:qname>s2md_met:ei1715</formula:qname>
      </formula:concept>
    </table:ruleNode>
    <table:definitionNodeSubtreeArc xlink:type="arc" xlink:arcrole="http://xbrl.org/arcrole/2014/definition-node-subtree" xlink:from="s2md_c2" xlink:to="s2md_c20" order="18" />
    <table:ruleNode xlink:type="resource" xlink:label="s2md_c21" id="s2md_c21">
      <formula:concept>
        <formula:qname>s2md_met:ei2461</formula:qname>
      </formula:concept>
    </table:ruleNode>
    <table:definitionNodeSubtreeArc xlink:type="arc" xlink:arcrole="http://xbrl.org/arcrole/2014/definition-node-subtree" xlink:from="s2md_c2" xlink:to="s2md_c21" order="19" />
    <table:ruleNode xlink:type="resource" xlink:label="s2md_c22" id="s2md_c22">
      <formula:concept>
        <formula:qname>s2md_met:ei1717</formula:qname>
      </formula:concept>
    </table:ruleNode>
    <table:definitionNodeSubtreeArc xlink:type="arc" xlink:arcrole="http://xbrl.org/arcrole/2014/definition-node-subtree" xlink:from="s2md_c2" xlink:to="s2md_c22" order="20" />
    <table:ruleNode xlink:type="resource" xlink:label="s2md_c23" id="s2md_c23">
      <formula:concept>
        <formula:qname>s2md_met:ei1706</formula:qname>
      </formula:concept>
    </table:ruleNode>
    <table:definitionNodeSubtreeArc xlink:type="arc" xlink:arcrole="http://xbrl.org/arcrole/2014/definition-node-subtree" xlink:from="s2md_c2" xlink:to="s2md_c23" order="21" />
    <table:ruleNode xlink:type="resource" xlink:label="s2md_c24" id="s2md_c24">
      <formula:concept>
        <formula:qname>s2md_met:ei1707</formula:qname>
      </formula:concept>
    </table:ruleNode>
    <table:definitionNodeSubtreeArc xlink:type="arc" xlink:arcrole="http://xbrl.org/arcrole/2014/definition-node-subtree" xlink:from="s2md_c2" xlink:to="s2md_c24" order="22" />
    <table:ruleNode xlink:type="resource" xlink:label="s2md_c25" id="s2md_c25">
      <formula:concept>
        <formula:qname>s2md_met:ei1719</formula:qname>
      </formula:concept>
    </table:ruleNode>
    <table:definitionNodeSubtreeArc xlink:type="arc" xlink:arcrole="http://xbrl.org/arcrole/2014/definition-node-subtree" xlink:from="s2md_c2" xlink:to="s2md_c25" order="23" />
    <table:ruleNode xlink:type="resource" xlink:label="s2md_c26" id="s2md_c26">
      <formula:concept>
        <formula:qname>s2md_met:ei1720</formula:qname>
      </formula:concept>
    </table:ruleNode>
    <table:definitionNodeSubtreeArc xlink:type="arc" xlink:arcrole="http://xbrl.org/arcrole/2014/definition-node-subtree" xlink:from="s2md_c2" xlink:to="s2md_c26" order="24" />
    <table:ruleNode xlink:type="resource" xlink:label="s2md_c27" id="s2md_c27">
      <formula:concept>
        <formula:qname>s2md_met:ei1721</formula:qname>
      </formula:concept>
    </table:ruleNode>
    <table:definitionNodeSubtreeArc xlink:type="arc" xlink:arcrole="http://xbrl.org/arcrole/2014/definition-node-subtree" xlink:from="s2md_c2" xlink:to="s2md_c27" order="25" />
    <table:ruleNode xlink:type="resource" xlink:label="s2md_c28" id="s2md_c28">
      <formula:concept>
        <formula:qname>s2md_met:ei1722</formula:qname>
      </formula:concept>
    </table:ruleNode>
    <table:definitionNodeSubtreeArc xlink:type="arc" xlink:arcrole="http://xbrl.org/arcrole/2014/definition-node-subtree" xlink:from="s2md_c2" xlink:to="s2md_c28" order="26" />
    <table:ruleNode xlink:type="resource" xlink:label="s2md_c29" id="s2md_c29">
      <formula:concept>
        <formula:qname>s2md_met:ei1723</formula:qname>
      </formula:concept>
    </table:ruleNode>
    <table:definitionNodeSubtreeArc xlink:type="arc" xlink:arcrole="http://xbrl.org/arcrole/2014/definition-node-subtree" xlink:from="s2md_c2" xlink:to="s2md_c29" order="27" />
    <table:ruleNode xlink:type="resource" xlink:label="s2md_c30" id="s2md_c30">
      <formula:concept>
        <formula:qname>s2md_met:ei1708</formula:qname>
      </formula:concept>
    </table:ruleNode>
    <table:definitionNodeSubtreeArc xlink:type="arc" xlink:arcrole="http://xbrl.org/arcrole/2014/definition-node-subtree" xlink:from="s2md_c2" xlink:to="s2md_c30" order="28" />
    <table:ruleNode xlink:type="resource" xlink:label="s2md_c31" id="s2md_c31">
      <formula:concept>
        <formula:qname>s2md_met:ei1709</formula:qname>
      </formula:concept>
    </table:ruleNode>
    <table:definitionNodeSubtreeArc xlink:type="arc" xlink:arcrole="http://xbrl.org/arcrole/2014/definition-node-subtree" xlink:from="s2md_c2" xlink:to="s2md_c31" order="29" />
    <table:ruleNode xlink:type="resource" xlink:label="s2md_c32" id="s2md_c32">
      <formula:concept>
        <formula:qname>s2md_met:ei1725</formula:qname>
      </formula:concept>
    </table:ruleNode>
    <table:definitionNodeSubtreeArc xlink:type="arc" xlink:arcrole="http://xbrl.org/arcrole/2014/definition-node-subtree" xlink:from="s2md_c2" xlink:to="s2md_c32" order="30" />
    <table:ruleNode xlink:type="resource" xlink:label="s2md_c33" id="s2md_c33">
      <formula:concept>
        <formula:qname>s2md_met:ei1726</formula:qname>
      </formula:concept>
    </table:ruleNode>
    <table:definitionNodeSubtreeArc xlink:type="arc" xlink:arcrole="http://xbrl.org/arcrole/2014/definition-node-subtree" xlink:from="s2md_c2" xlink:to="s2md_c33" order="31" />
    <table:ruleNode xlink:type="resource" xlink:label="s2md_c34" id="s2md_c34">
      <formula:concept>
        <formula:qname>s2md_met:ei2484</formula:qname>
      </formula:concept>
    </table:ruleNode>
    <table:definitionNodeSubtreeArc xlink:type="arc" xlink:arcrole="http://xbrl.org/arcrole/2014/definition-node-subtree" xlink:from="s2md_c2" xlink:to="s2md_c34" order="32" />
    <table:ruleNode xlink:type="resource" xlink:label="s2md_c35" id="s2md_c35">
      <formula:concept>
        <formula:qname>s2md_met:ei2485</formula:qname>
      </formula:concept>
    </table:ruleNode>
    <table:definitionNodeSubtreeArc xlink:type="arc" xlink:arcrole="http://xbrl.org/arcrole/2014/definition-node-subtree" xlink:from="s2md_c2" xlink:to="s2md_c35" order="33" />
    <table:ruleNode xlink:type="resource" xlink:label="s2md_c36" id="s2md_c36">
      <formula:concept>
        <formula:qname>s2md_met:ei2486</formula:qname>
      </formula:concept>
    </table:ruleNode>
    <table:definitionNodeSubtreeArc xlink:type="arc" xlink:arcrole="http://xbrl.org/arcrole/2014/definition-node-subtree" xlink:from="s2md_c2" xlink:to="s2md_c36" order="34" />
    <table:ruleNode xlink:type="resource" xlink:label="s2md_c37" id="s2md_c37">
      <formula:concept>
        <formula:qname>s2md_met:ei2487</formula:qname>
      </formula:concept>
    </table:ruleNode>
    <table:definitionNodeSubtreeArc xlink:type="arc" xlink:arcrole="http://xbrl.org/arcrole/2014/definition-node-subtree" xlink:from="s2md_c2" xlink:to="s2md_c37" order="35" />
    <table:ruleNode xlink:type="resource" xlink:label="s2md_c38" id="s2md_c38">
      <formula:concept>
        <formula:qname>s2md_met:ei1731</formula:qname>
      </formula:concept>
    </table:ruleNode>
    <table:definitionNodeSubtreeArc xlink:type="arc" xlink:arcrole="http://xbrl.org/arcrole/2014/definition-node-subtree" xlink:from="s2md_c2" xlink:to="s2md_c38" order="36" />
    <table:ruleNode xlink:type="resource" xlink:label="s2md_c39" id="s2md_c39">
      <formula:concept>
        <formula:qname>s2md_met:ei1734</formula:qname>
      </formula:concept>
    </table:ruleNode>
    <table:definitionNodeSubtreeArc xlink:type="arc" xlink:arcrole="http://xbrl.org/arcrole/2014/definition-node-subtree" xlink:from="s2md_c2" xlink:to="s2md_c39" order="37" />
    <table:ruleNode xlink:type="resource" xlink:label="s2md_c40" id="s2md_c40">
      <formula:concept>
        <formula:qname>s2md_met:ei1735</formula:qname>
      </formula:concept>
    </table:ruleNode>
    <table:definitionNodeSubtreeArc xlink:type="arc" xlink:arcrole="http://xbrl.org/arcrole/2014/definition-node-subtree" xlink:from="s2md_c2" xlink:to="s2md_c40" order="38" />
    <table:ruleNode xlink:type="resource" xlink:label="s2md_c41" id="s2md_c41">
      <formula:concept>
        <formula:qname>s2md_met:ei2443</formula:qname>
      </formula:concept>
    </table:ruleNode>
    <table:definitionNodeSubtreeArc xlink:type="arc" xlink:arcrole="http://xbrl.org/arcrole/2014/definition-node-subtree" xlink:from="s2md_c2" xlink:to="s2md_c41" order="39" />
    <table:ruleNode xlink:type="resource" xlink:label="s2md_c42" id="s2md_c42">
      <formula:concept>
        <formula:qname>s2md_met:ei2445</formula:qname>
      </formula:concept>
    </table:ruleNode>
    <table:definitionNodeSubtreeArc xlink:type="arc" xlink:arcrole="http://xbrl.org/arcrole/2014/definition-node-subtree" xlink:from="s2md_c2" xlink:to="s2md_c42" order="40" />
    <table:ruleNode xlink:type="resource" xlink:label="s2md_c43" id="s2md_c43">
      <formula:concept>
        <formula:qname>s2md_met:ei1736</formula:qname>
      </formula:concept>
    </table:ruleNode>
    <table:definitionNodeSubtreeArc xlink:type="arc" xlink:arcrole="http://xbrl.org/arcrole/2014/definition-node-subtree" xlink:from="s2md_c2" xlink:to="s2md_c43" order="41" />
    <table:ruleNode xlink:type="resource" xlink:label="s2md_c44" id="s2md_c44">
      <formula:concept>
        <formula:qname>s2md_met:ei1737</formula:qname>
      </formula:concept>
    </table:ruleNode>
    <table:definitionNodeSubtreeArc xlink:type="arc" xlink:arcrole="http://xbrl.org/arcrole/2014/definition-node-subtree" xlink:from="s2md_c2" xlink:to="s2md_c44" order="42" />
    <table:ruleNode xlink:type="resource" xlink:label="s2md_c45" id="s2md_c45">
      <formula:concept>
        <formula:qname>s2md_met:ei2353</formula:qname>
      </formula:concept>
    </table:ruleNode>
    <table:definitionNodeSubtreeArc xlink:type="arc" xlink:arcrole="http://xbrl.org/arcrole/2014/definition-node-subtree" xlink:from="s2md_c2" xlink:to="s2md_c45" order="43" />
    <table:ruleNode xlink:type="resource" xlink:label="s2md_c46" id="s2md_c46">
      <formula:concept>
        <formula:qname>s2md_met:ei1739</formula:qname>
      </formula:concept>
    </table:ruleNode>
    <table:definitionNodeSubtreeArc xlink:type="arc" xlink:arcrole="http://xbrl.org/arcrole/2014/definition-node-subtree" xlink:from="s2md_c2" xlink:to="s2md_c46" order="44" />
    <table:ruleNode xlink:type="resource" xlink:label="s2md_c47" id="s2md_c47">
      <formula:concept>
        <formula:qname>s2md_met:ei2434</formula:qname>
      </formula:concept>
    </table:ruleNode>
    <table:definitionNodeSubtreeArc xlink:type="arc" xlink:arcrole="http://xbrl.org/arcrole/2014/definition-node-subtree" xlink:from="s2md_c2" xlink:to="s2md_c47" order="45" />
    <table:ruleNode xlink:type="resource" xlink:label="s2md_c48" id="s2md_c48">
      <formula:concept>
        <formula:qname>s2md_met:ei1642</formula:qname>
      </formula:concept>
    </table:ruleNode>
    <table:definitionNodeSubtreeArc xlink:type="arc" xlink:arcrole="http://xbrl.org/arcrole/2014/definition-node-subtree" xlink:from="s2md_c2" xlink:to="s2md_c48" order="46" />
    <table:ruleNode xlink:type="resource" xlink:label="s2md_c49" id="s2md_c49">
      <formula:concept>
        <formula:qname>s2md_met:ei1643</formula:qname>
      </formula:concept>
    </table:ruleNode>
    <table:definitionNodeSubtreeArc xlink:type="arc" xlink:arcrole="http://xbrl.org/arcrole/2014/definition-node-subtree" xlink:from="s2md_c2" xlink:to="s2md_c49" order="47" />
    <table:ruleNode xlink:type="resource" xlink:label="s2md_c50" id="s2md_c50">
      <formula:concept>
        <formula:qname>s2md_met:ei2489</formula:qname>
      </formula:concept>
    </table:ruleNode>
    <table:definitionNodeSubtreeArc xlink:type="arc" xlink:arcrole="http://xbrl.org/arcrole/2014/definition-node-subtree" xlink:from="s2md_c2" xlink:to="s2md_c50" order="48" />
    <table:ruleNode xlink:type="resource" xlink:label="s2md_c51" id="s2md_c51">
      <formula:concept>
        <formula:qname>s2md_met:ei2491</formula:qname>
      </formula:concept>
    </table:ruleNode>
    <table:definitionNodeSubtreeArc xlink:type="arc" xlink:arcrole="http://xbrl.org/arcrole/2014/definition-node-subtree" xlink:from="s2md_c2" xlink:to="s2md_c51" order="49" />
    <table:ruleNode xlink:type="resource" xlink:label="s2md_c52" id="s2md_c52">
      <formula:concept>
        <formula:qname>s2md_met:ei2493</formula:qname>
      </formula:concept>
    </table:ruleNode>
    <table:definitionNodeSubtreeArc xlink:type="arc" xlink:arcrole="http://xbrl.org/arcrole/2014/definition-node-subtree" xlink:from="s2md_c2" xlink:to="s2md_c52" order="50" />
    <table:ruleNode xlink:type="resource" xlink:label="s2md_c53" id="s2md_c53">
      <formula:concept>
        <formula:qname>s2md_met:ei2495</formula:qname>
      </formula:concept>
    </table:ruleNode>
    <table:definitionNodeSubtreeArc xlink:type="arc" xlink:arcrole="http://xbrl.org/arcrole/2014/definition-node-subtree" xlink:from="s2md_c2" xlink:to="s2md_c53" order="51" />
    <table:ruleNode xlink:type="resource" xlink:label="s2md_c54" id="s2md_c54">
      <formula:concept>
        <formula:qname>s2md_met:ei2497</formula:qname>
      </formula:concept>
    </table:ruleNode>
    <table:definitionNodeSubtreeArc xlink:type="arc" xlink:arcrole="http://xbrl.org/arcrole/2014/definition-node-subtree" xlink:from="s2md_c2" xlink:to="s2md_c54" order="52" />
    <table:ruleNode xlink:type="resource" xlink:label="s2md_c55" id="s2md_c55">
      <formula:concept>
        <formula:qname>s2md_met:ei1754</formula:qname>
      </formula:concept>
    </table:ruleNode>
    <table:definitionNodeSubtreeArc xlink:type="arc" xlink:arcrole="http://xbrl.org/arcrole/2014/definition-node-subtree" xlink:from="s2md_c2" xlink:to="s2md_c55" order="53" />
    <table:ruleNode xlink:type="resource" xlink:label="s2md_c56" id="s2md_c56">
      <formula:concept>
        <formula:qname>s2md_met:ei1756</formula:qname>
      </formula:concept>
    </table:ruleNode>
    <table:definitionNodeSubtreeArc xlink:type="arc" xlink:arcrole="http://xbrl.org/arcrole/2014/definition-node-subtree" xlink:from="s2md_c2" xlink:to="s2md_c56" order="54" />
    <table:ruleNode xlink:type="resource" xlink:label="s2md_c57" id="s2md_c57">
      <formula:concept>
        <formula:qname>s2md_met:ei1758</formula:qname>
      </formula:concept>
    </table:ruleNode>
    <table:definitionNodeSubtreeArc xlink:type="arc" xlink:arcrole="http://xbrl.org/arcrole/2014/definition-node-subtree" xlink:from="s2md_c2" xlink:to="s2md_c57" order="55" />
    <table:ruleNode xlink:type="resource" xlink:label="s2md_c58" id="s2md_c58">
      <formula:concept>
        <formula:qname>s2md_met:ei2291</formula:qname>
      </formula:concept>
    </table:ruleNode>
    <table:definitionNodeSubtreeArc xlink:type="arc" xlink:arcrole="http://xbrl.org/arcrole/2014/definition-node-subtree" xlink:from="s2md_c2" xlink:to="s2md_c58" order="56" />
    <table:ruleNode xlink:type="resource" xlink:label="s2md_c59" id="s2md_c59">
      <formula:concept>
        <formula:qname>s2md_met:ei2292</formula:qname>
      </formula:concept>
    </table:ruleNode>
    <table:definitionNodeSubtreeArc xlink:type="arc" xlink:arcrole="http://xbrl.org/arcrole/2014/definition-node-subtree" xlink:from="s2md_c2" xlink:to="s2md_c59" order="57" />
    <table:ruleNode xlink:type="resource" xlink:label="s2md_c60" id="s2md_c60">
      <formula:concept>
        <formula:qname>s2md_met:ei1760</formula:qname>
      </formula:concept>
    </table:ruleNode>
    <table:definitionNodeSubtreeArc xlink:type="arc" xlink:arcrole="http://xbrl.org/arcrole/2014/definition-node-subtree" xlink:from="s2md_c2" xlink:to="s2md_c60" order="58" />
    <table:ruleNode xlink:type="resource" xlink:label="s2md_c61" id="s2md_c61">
      <formula:concept>
        <formula:qname>s2md_met:ei1761</formula:qname>
      </formula:concept>
    </table:ruleNode>
    <table:definitionNodeSubtreeArc xlink:type="arc" xlink:arcrole="http://xbrl.org/arcrole/2014/definition-node-subtree" xlink:from="s2md_c2" xlink:to="s2md_c61" order="59" />
    <table:ruleNode xlink:type="resource" xlink:label="s2md_c62" id="s2md_c62">
      <formula:concept>
        <formula:qname>s2md_met:ei1762</formula:qname>
      </formula:concept>
    </table:ruleNode>
    <table:definitionNodeSubtreeArc xlink:type="arc" xlink:arcrole="http://xbrl.org/arcrole/2014/definition-node-subtree" xlink:from="s2md_c2" xlink:to="s2md_c62" order="60" />
    <table:ruleNode xlink:type="resource" xlink:label="s2md_c63" id="s2md_c63">
      <formula:concept>
        <formula:qname>s2md_met:ei1763</formula:qname>
      </formula:concept>
    </table:ruleNode>
    <table:definitionNodeSubtreeArc xlink:type="arc" xlink:arcrole="http://xbrl.org/arcrole/2014/definition-node-subtree" xlink:from="s2md_c2" xlink:to="s2md_c63" order="61" />
    <table:ruleNode xlink:type="resource" xlink:label="s2md_c64" id="s2md_c64">
      <formula:concept>
        <formula:qname>s2md_met:ei1764</formula:qname>
      </formula:concept>
    </table:ruleNode>
    <table:definitionNodeSubtreeArc xlink:type="arc" xlink:arcrole="http://xbrl.org/arcrole/2014/definition-node-subtree" xlink:from="s2md_c2" xlink:to="s2md_c64" order="62" />
    <table:ruleNode xlink:type="resource" xlink:label="s2md_c65" id="s2md_c65">
      <formula:concept>
        <formula:qname>s2md_met:ei1765</formula:qname>
      </formula:concept>
    </table:ruleNode>
    <table:definitionNodeSubtreeArc xlink:type="arc" xlink:arcrole="http://xbrl.org/arcrole/2014/definition-node-subtree" xlink:from="s2md_c2" xlink:to="s2md_c65" order="63" />
    <table:ruleNode xlink:type="resource" xlink:label="s2md_c66" id="s2md_c66">
      <formula:concept>
        <formula:qname>s2md_met:ei1766</formula:qname>
      </formula:concept>
    </table:ruleNode>
    <table:definitionNodeSubtreeArc xlink:type="arc" xlink:arcrole="http://xbrl.org/arcrole/2014/definition-node-subtree" xlink:from="s2md_c2" xlink:to="s2md_c66" order="64" />
    <table:ruleNode xlink:type="resource" xlink:label="s2md_c67" id="s2md_c67">
      <formula:concept>
        <formula:qname>s2md_met:ei1767</formula:qname>
      </formula:concept>
    </table:ruleNode>
    <table:definitionNodeSubtreeArc xlink:type="arc" xlink:arcrole="http://xbrl.org/arcrole/2014/definition-node-subtree" xlink:from="s2md_c2" xlink:to="s2md_c67" order="65" />
    <table:ruleNode xlink:type="resource" xlink:label="s2md_c68" id="s2md_c68">
      <formula:concept>
        <formula:qname>s2md_met:ei1768</formula:qname>
      </formula:concept>
    </table:ruleNode>
    <table:definitionNodeSubtreeArc xlink:type="arc" xlink:arcrole="http://xbrl.org/arcrole/2014/definition-node-subtree" xlink:from="s2md_c2" xlink:to="s2md_c68" order="66" />
    <table:ruleNode xlink:type="resource" xlink:label="s2md_c69" id="s2md_c69">
      <formula:concept>
        <formula:qname>s2md_met:ei1769</formula:qname>
      </formula:concept>
    </table:ruleNode>
    <table:definitionNodeSubtreeArc xlink:type="arc" xlink:arcrole="http://xbrl.org/arcrole/2014/definition-node-subtree" xlink:from="s2md_c2" xlink:to="s2md_c69" order="67" />
    <table:ruleNode xlink:type="resource" xlink:label="s2md_c70" id="s2md_c70">
      <formula:concept>
        <formula:qname>s2md_met:ei1770</formula:qname>
      </formula:concept>
    </table:ruleNode>
    <table:definitionNodeSubtreeArc xlink:type="arc" xlink:arcrole="http://xbrl.org/arcrole/2014/definition-node-subtree" xlink:from="s2md_c2" xlink:to="s2md_c70" order="68" />
    <table:ruleNode xlink:type="resource" xlink:label="s2md_c71" id="s2md_c71">
      <formula:concept>
        <formula:qname>s2md_met:ei1772</formula:qname>
      </formula:concept>
    </table:ruleNode>
    <table:definitionNodeSubtreeArc xlink:type="arc" xlink:arcrole="http://xbrl.org/arcrole/2014/definition-node-subtree" xlink:from="s2md_c2" xlink:to="s2md_c71" order="69" />
    <table:ruleNode xlink:type="resource" xlink:label="s2md_c72" id="s2md_c72">
      <formula:concept>
        <formula:qname>s2md_met:ei1774</formula:qname>
      </formula:concept>
    </table:ruleNode>
    <table:definitionNodeSubtreeArc xlink:type="arc" xlink:arcrole="http://xbrl.org/arcrole/2014/definition-node-subtree" xlink:from="s2md_c2" xlink:to="s2md_c72" order="70" />
    <table:ruleNode xlink:type="resource" xlink:label="s2md_c73" id="s2md_c73">
      <formula:concept>
        <formula:qname>s2md_met:ei1776</formula:qname>
      </formula:concept>
    </table:ruleNode>
    <table:definitionNodeSubtreeArc xlink:type="arc" xlink:arcrole="http://xbrl.org/arcrole/2014/definition-node-subtree" xlink:from="s2md_c2" xlink:to="s2md_c73" order="71" />
    <table:definitionNodeSubtreeArc xlink:type="arc" xlink:arcrole="http://xbrl.org/arcrole/2014/definition-node-subtree" xlink:from="s2md_a2.root" xlink:to="s2md_c2" order="1" />
    <table:tableBreakdownArc xlink:type="arc" xlink:arcrole="http://xbrl.org/arcrole/2014/table-breakdown" xlink:from="s2md_tS.01.01.01.01" xlink:to="s2md_a2" axis="y" order="2" />
  </gen:link>
</link:linkbase>