<?xml version="1.0" encoding="UTF-8"?>
<!--(C) EIOPA - XBRL Taxonomy-->
<?officialURI http://eiopa.europa.eu/eu/xbrl/s2md/fws/solvency/solvency2/2019-07-15/tab/s.01.01.04.01/s.01.01.04.01-def.xml?>
<?taxonomy-version 2.4.0?>
<?taxonomy-date 2019-07-15?>
<link:linkbase xmlns:xsi="http://www.w3.org/2001/XMLSchema-instance" xmlns:xlink="http://www.w3.org/1999/xlink" xmlns:link="http://www.xbrl.org/2003/linkbase" xmlns:xbrldt="http://xbrl.org/2005/xbrldt" xsi:schemaLocation="http://www.xbrl.org/2003/linkbase http://www.xbrl.org/2003/xbrl-linkbase-2003-12-31.xsd http://xbrl.org/2005/xbrldt http://www.xbrl.org/2005/xbrldt-2005.xsd">
  <link:arcroleRef arcroleURI="http://xbrl.org/int/dim/arcrole/all" xlink:type="simple" xlink:href="http://www.xbrl.org/2005/xbrldt-2005.xsd#all" />
  <link:arcroleRef arcroleURI="http://xbrl.org/int/dim/arcrole/domain-member" xlink:type="simple" xlink:href="http://www.xbrl.org/2005/xbrldt-2005.xsd#domain-member" />
  <link:roleRef roleURI="http://eiopa.europa.eu/xbrl/s2md/role/fws/solvency/solvency2/2019-07-15/tab/S.01.01.04.01/1" xlink:type="simple" xlink:href="s.01.01.04.01.xsd#role1" />
  <link:definitionLink xlink:type="extended" xlink:role="http://eiopa.europa.eu/xbrl/s2md/role/fws/solvency/solvency2/2019-07-15/tab/S.01.01.04.01/1">
    <link:loc xlink:type="locator" xlink:href="../../../../../../dict/met/met.xsd#s2md_ei1633" xlink:label="loc_s2md_ei1633" />
    <link:loc xlink:type="locator" xlink:href="../../../../../../dict/met/met.xsd#s2md_ei1671" xlink:label="loc_s2md_ei1671" />
    <link:definitionArc xlink:type="arc" xlink:arcrole="http://xbrl.org/int/dim/arcrole/domain-member" xlink:from="loc_s2md_ei1633" xlink:to="loc_s2md_ei1671" order="1" />
    <link:loc xlink:type="locator" xlink:href="../../../../../../dict/met/met.xsd#s2md_ei1670" xlink:label="loc_s2md_ei1670" />
    <link:definitionArc xlink:type="arc" xlink:arcrole="http://xbrl.org/int/dim/arcrole/domain-member" xlink:from="loc_s2md_ei1633" xlink:to="loc_s2md_ei1670" order="2" />
    <link:loc xlink:type="locator" xlink:href="../../../../../../dict/met/met.xsd#s2md_ei1673" xlink:label="loc_s2md_ei1673" />
    <link:definitionArc xlink:type="arc" xlink:arcrole="http://xbrl.org/int/dim/arcrole/domain-member" xlink:from="loc_s2md_ei1633" xlink:to="loc_s2md_ei1673" order="3" />
    <link:loc xlink:type="locator" xlink:href="../../../../../../dict/met/met.xsd#s2md_ei1674" xlink:label="loc_s2md_ei1674" />
    <link:definitionArc xlink:type="arc" xlink:arcrole="http://xbrl.org/int/dim/arcrole/domain-member" xlink:from="loc_s2md_ei1633" xlink:to="loc_s2md_ei1674" order="4" />
    <link:loc xlink:type="locator" xlink:href="../../../../../../dict/met/met.xsd#s2md_ei1710" xlink:label="loc_s2md_ei1710" />
    <link:definitionArc xlink:type="arc" xlink:arcrole="http://xbrl.org/int/dim/arcrole/domain-member" xlink:from="loc_s2md_ei1633" xlink:to="loc_s2md_ei1710" order="5" />
    <link:loc xlink:type="locator" xlink:href="../../../../../../dict/met/met.xsd#s2md_ei1711" xlink:label="loc_s2md_ei1711" />
    <link:definitionArc xlink:type="arc" xlink:arcrole="http://xbrl.org/int/dim/arcrole/domain-member" xlink:from="loc_s2md_ei1633" xlink:to="loc_s2md_ei1711" order="6" />
    <link:loc xlink:type="locator" xlink:href="../../../../../../dict/met/met.xsd#s2md_ei2296" xlink:label="loc_s2md_ei2296" />
    <link:definitionArc xlink:type="arc" xlink:arcrole="http://xbrl.org/int/dim/arcrole/domain-member" xlink:from="loc_s2md_ei1633" xlink:to="loc_s2md_ei2296" order="7" />
    <link:loc xlink:type="locator" xlink:href="../../../../../../dict/met/met.xsd#s2md_ei2451" xlink:label="loc_s2md_ei2451" />
    <link:definitionArc xlink:type="arc" xlink:arcrole="http://xbrl.org/int/dim/arcrole/domain-member" xlink:from="loc_s2md_ei1633" xlink:to="loc_s2md_ei2451" order="8" />
    <link:loc xlink:type="locator" xlink:href="../../../../../../dict/met/met.xsd#s2md_ei1701" xlink:label="loc_s2md_ei1701" />
    <link:definitionArc xlink:type="arc" xlink:arcrole="http://xbrl.org/int/dim/arcrole/domain-member" xlink:from="loc_s2md_ei1633" xlink:to="loc_s2md_ei1701" order="9" />
    <link:loc xlink:type="locator" xlink:href="../../../../../../dict/met/met.xsd#s2md_ei1698" xlink:label="loc_s2md_ei1698" />
    <link:definitionArc xlink:type="arc" xlink:arcrole="http://xbrl.org/int/dim/arcrole/domain-member" xlink:from="loc_s2md_ei1633" xlink:to="loc_s2md_ei1698" order="10" />
    <link:loc xlink:type="locator" xlink:href="../../../../../../dict/met/met.xsd#s2md_ei2457" xlink:label="loc_s2md_ei2457" />
    <link:definitionArc xlink:type="arc" xlink:arcrole="http://xbrl.org/int/dim/arcrole/domain-member" xlink:from="loc_s2md_ei1633" xlink:to="loc_s2md_ei2457" order="11" />
    <link:loc xlink:type="locator" xlink:href="../../../../../../dict/met/met.xsd#s2md_ei2506" xlink:label="loc_s2md_ei2506" />
    <link:definitionArc xlink:type="arc" xlink:arcrole="http://xbrl.org/int/dim/arcrole/domain-member" xlink:from="loc_s2md_ei1633" xlink:to="loc_s2md_ei2506" order="12" />
    <link:loc xlink:type="locator" xlink:href="../../../../../../dict/met/met.xsd#s2md_ei1703" xlink:label="loc_s2md_ei1703" />
    <link:definitionArc xlink:type="arc" xlink:arcrole="http://xbrl.org/int/dim/arcrole/domain-member" xlink:from="loc_s2md_ei1633" xlink:to="loc_s2md_ei1703" order="13" />
    <link:loc xlink:type="locator" xlink:href="../../../../../../dict/met/met.xsd#s2md_ei1705" xlink:label="loc_s2md_ei1705" />
    <link:definitionArc xlink:type="arc" xlink:arcrole="http://xbrl.org/int/dim/arcrole/domain-member" xlink:from="loc_s2md_ei1633" xlink:to="loc_s2md_ei1705" order="14" />
    <link:loc xlink:type="locator" xlink:href="../../../../../../dict/met/met.xsd#s2md_ei1715" xlink:label="loc_s2md_ei1715" />
    <link:definitionArc xlink:type="arc" xlink:arcrole="http://xbrl.org/int/dim/arcrole/domain-member" xlink:from="loc_s2md_ei1633" xlink:to="loc_s2md_ei1715" order="15" />
    <link:loc xlink:type="locator" xlink:href="../../../../../../dict/met/met.xsd#s2md_ei2298" xlink:label="loc_s2md_ei2298" />
    <link:definitionArc xlink:type="arc" xlink:arcrole="http://xbrl.org/int/dim/arcrole/domain-member" xlink:from="loc_s2md_ei1633" xlink:to="loc_s2md_ei2298" order="16" />
    <link:loc xlink:type="locator" xlink:href="../../../../../../dict/met/met.xsd#s2md_ei2299" xlink:label="loc_s2md_ei2299" />
    <link:definitionArc xlink:type="arc" xlink:arcrole="http://xbrl.org/int/dim/arcrole/domain-member" xlink:from="loc_s2md_ei1633" xlink:to="loc_s2md_ei2299" order="17" />
    <link:loc xlink:type="locator" xlink:href="../../../../../../dict/met/met.xsd#s2md_ei1721" xlink:label="loc_s2md_ei1721" />
    <link:definitionArc xlink:type="arc" xlink:arcrole="http://xbrl.org/int/dim/arcrole/domain-member" xlink:from="loc_s2md_ei1633" xlink:to="loc_s2md_ei1721" order="18" />
    <link:loc xlink:type="locator" xlink:href="../../../../../../dict/met/met.xsd#s2md_ei1722" xlink:label="loc_s2md_ei1722" />
    <link:definitionArc xlink:type="arc" xlink:arcrole="http://xbrl.org/int/dim/arcrole/domain-member" xlink:from="loc_s2md_ei1633" xlink:to="loc_s2md_ei1722" order="19" />
    <link:loc xlink:type="locator" xlink:href="../../../../../../dict/met/met.xsd#s2md_ei1731" xlink:label="loc_s2md_ei1731" />
    <link:definitionArc xlink:type="arc" xlink:arcrole="http://xbrl.org/int/dim/arcrole/domain-member" xlink:from="loc_s2md_ei1633" xlink:to="loc_s2md_ei1731" order="20" />
    <link:loc xlink:type="locator" xlink:href="../../../../../../dict/met/met.xsd#s2md_ei2300" xlink:label="loc_s2md_ei2300" />
    <link:definitionArc xlink:type="arc" xlink:arcrole="http://xbrl.org/int/dim/arcrole/domain-member" xlink:from="loc_s2md_ei1633" xlink:to="loc_s2md_ei2300" order="21" />
    <link:loc xlink:type="locator" xlink:href="../../../../../../dict/met/met.xsd#s2md_ei2210" xlink:label="loc_s2md_ei2210" />
    <link:definitionArc xlink:type="arc" xlink:arcrole="http://xbrl.org/int/dim/arcrole/domain-member" xlink:from="loc_s2md_ei1633" xlink:to="loc_s2md_ei2210" order="22" />
    <link:loc xlink:type="locator" xlink:href="../../../../../../dict/met/met.xsd#s2md_ei2211" xlink:label="loc_s2md_ei2211" />
    <link:definitionArc xlink:type="arc" xlink:arcrole="http://xbrl.org/int/dim/arcrole/domain-member" xlink:from="loc_s2md_ei1633" xlink:to="loc_s2md_ei2211" order="23" />
    <link:loc xlink:type="locator" xlink:href="../../../../../../dict/met/met.xsd#s2md_ei1738" xlink:label="loc_s2md_ei1738" />
    <link:definitionArc xlink:type="arc" xlink:arcrole="http://xbrl.org/int/dim/arcrole/domain-member" xlink:from="loc_s2md_ei1633" xlink:to="loc_s2md_ei1738" order="24" />
    <link:loc xlink:type="locator" xlink:href="../../../../../../dict/met/met.xsd#s2md_ei2435" xlink:label="loc_s2md_ei2435" />
    <link:definitionArc xlink:type="arc" xlink:arcrole="http://xbrl.org/int/dim/arcrole/domain-member" xlink:from="loc_s2md_ei1633" xlink:to="loc_s2md_ei2435" order="25" />
    <link:loc xlink:type="locator" xlink:href="../../../../../../dict/met/met.xsd#s2md_ei1742" xlink:label="loc_s2md_ei1742" />
    <link:definitionArc xlink:type="arc" xlink:arcrole="http://xbrl.org/int/dim/arcrole/domain-member" xlink:from="loc_s2md_ei1633" xlink:to="loc_s2md_ei1742" order="26" />
    <link:loc xlink:type="locator" xlink:href="../../../../../../dict/met/met.xsd#s2md_ei1743" xlink:label="loc_s2md_ei1743" />
    <link:definitionArc xlink:type="arc" xlink:arcrole="http://xbrl.org/int/dim/arcrole/domain-member" xlink:from="loc_s2md_ei1633" xlink:to="loc_s2md_ei1743" order="27" />
    <link:loc xlink:type="locator" xlink:href="../../../../../../dict/met/met.xsd#s2md_ei2490" xlink:label="loc_s2md_ei2490" />
    <link:definitionArc xlink:type="arc" xlink:arcrole="http://xbrl.org/int/dim/arcrole/domain-member" xlink:from="loc_s2md_ei1633" xlink:to="loc_s2md_ei2490" order="28" />
    <link:loc xlink:type="locator" xlink:href="../../../../../../dict/met/met.xsd#s2md_ei2492" xlink:label="loc_s2md_ei2492" />
    <link:definitionArc xlink:type="arc" xlink:arcrole="http://xbrl.org/int/dim/arcrole/domain-member" xlink:from="loc_s2md_ei1633" xlink:to="loc_s2md_ei2492" order="29" />
    <link:loc xlink:type="locator" xlink:href="../../../../../../dict/met/met.xsd#s2md_ei2494" xlink:label="loc_s2md_ei2494" />
    <link:definitionArc xlink:type="arc" xlink:arcrole="http://xbrl.org/int/dim/arcrole/domain-member" xlink:from="loc_s2md_ei1633" xlink:to="loc_s2md_ei2494" order="30" />
    <link:loc xlink:type="locator" xlink:href="../../../../../../dict/met/met.xsd#s2md_ei2496" xlink:label="loc_s2md_ei2496" />
    <link:definitionArc xlink:type="arc" xlink:arcrole="http://xbrl.org/int/dim/arcrole/domain-member" xlink:from="loc_s2md_ei1633" xlink:to="loc_s2md_ei2496" order="31" />
    <link:loc xlink:type="locator" xlink:href="../../../../../../dict/met/met.xsd#s2md_ei2498" xlink:label="loc_s2md_ei2498" />
    <link:definitionArc xlink:type="arc" xlink:arcrole="http://xbrl.org/int/dim/arcrole/domain-member" xlink:from="loc_s2md_ei1633" xlink:to="loc_s2md_ei2498" order="32" />
    <link:loc xlink:type="locator" xlink:href="../../../../../../dict/met/met.xsd#s2md_ei1755" xlink:label="loc_s2md_ei1755" />
    <link:definitionArc xlink:type="arc" xlink:arcrole="http://xbrl.org/int/dim/arcrole/domain-member" xlink:from="loc_s2md_ei1633" xlink:to="loc_s2md_ei1755" order="33" />
    <link:loc xlink:type="locator" xlink:href="../../../../../../dict/met/met.xsd#s2md_ei1757" xlink:label="loc_s2md_ei1757" />
    <link:definitionArc xlink:type="arc" xlink:arcrole="http://xbrl.org/int/dim/arcrole/domain-member" xlink:from="loc_s2md_ei1633" xlink:to="loc_s2md_ei1757" order="34" />
    <link:loc xlink:type="locator" xlink:href="../../../../../../dict/met/met.xsd#s2md_ei1759" xlink:label="loc_s2md_ei1759" />
    <link:definitionArc xlink:type="arc" xlink:arcrole="http://xbrl.org/int/dim/arcrole/domain-member" xlink:from="loc_s2md_ei1633" xlink:to="loc_s2md_ei1759" order="35" />
    <link:loc xlink:type="locator" xlink:href="../../../../../../dict/met/met.xsd#s2md_ei1768" xlink:label="loc_s2md_ei1768" />
    <link:definitionArc xlink:type="arc" xlink:arcrole="http://xbrl.org/int/dim/arcrole/domain-member" xlink:from="loc_s2md_ei1633" xlink:to="loc_s2md_ei1768" order="36" />
    <link:loc xlink:type="locator" xlink:href="../../../../../../dict/met/met.xsd#s2md_ei1769" xlink:label="loc_s2md_ei1769" />
    <link:definitionArc xlink:type="arc" xlink:arcrole="http://xbrl.org/int/dim/arcrole/domain-member" xlink:from="loc_s2md_ei1633" xlink:to="loc_s2md_ei1769" order="37" />
    <link:loc xlink:type="locator" xlink:href="../../../../../../dict/met/met.xsd#s2md_ei2340" xlink:label="loc_s2md_ei2340" />
    <link:definitionArc xlink:type="arc" xlink:arcrole="http://xbrl.org/int/dim/arcrole/domain-member" xlink:from="loc_s2md_ei1633" xlink:to="loc_s2md_ei2340" order="38" />
    <link:loc xlink:type="locator" xlink:href="../../../../../../dict/met/met.xsd#s2md_ei2341" xlink:label="loc_s2md_ei2341" />
    <link:definitionArc xlink:type="arc" xlink:arcrole="http://xbrl.org/int/dim/arcrole/domain-member" xlink:from="loc_s2md_ei1633" xlink:to="loc_s2md_ei2341" order="39" />
    <link:loc xlink:type="locator" xlink:href="../../../../../../dict/met/met.xsd#s2md_ei1655" xlink:label="loc_s2md_ei1655" />
    <link:definitionArc xlink:type="arc" xlink:arcrole="http://xbrl.org/int/dim/arcrole/domain-member" xlink:from="loc_s2md_ei1633" xlink:to="loc_s2md_ei1655" order="40" />
    <link:loc xlink:type="locator" xlink:href="../../../../../../dict/met/met.xsd#s2md_ei2351" xlink:label="loc_s2md_ei2351" />
    <link:definitionArc xlink:type="arc" xlink:arcrole="http://xbrl.org/int/dim/arcrole/domain-member" xlink:from="loc_s2md_ei1633" xlink:to="loc_s2md_ei2351" order="41" />
    <link:loc xlink:type="locator" xlink:href="../../../../../../dict/met/met.xsd#s2md_ei1771" xlink:label="loc_s2md_ei1771" />
    <link:definitionArc xlink:type="arc" xlink:arcrole="http://xbrl.org/int/dim/arcrole/domain-member" xlink:from="loc_s2md_ei1633" xlink:to="loc_s2md_ei1771" order="42" />
    <link:loc xlink:type="locator" xlink:href="../../../../../../dict/met/met.xsd#s2md_ei1773" xlink:label="loc_s2md_ei1773" />
    <link:definitionArc xlink:type="arc" xlink:arcrole="http://xbrl.org/int/dim/arcrole/domain-member" xlink:from="loc_s2md_ei1633" xlink:to="loc_s2md_ei1773" order="43" />
    <link:loc xlink:type="locator" xlink:href="../../../../../../dict/met/met.xsd#s2md_ei1775" xlink:label="loc_s2md_ei1775" />
    <link:definitionArc xlink:type="arc" xlink:arcrole="http://xbrl.org/int/dim/arcrole/domain-member" xlink:from="loc_s2md_ei1633" xlink:to="loc_s2md_ei1775" order="44" />
    <link:loc xlink:type="locator" xlink:href="../../../../../../dict/met/met.xsd#s2md_ei1777" xlink:label="loc_s2md_ei1777" />
    <link:definitionArc xlink:type="arc" xlink:arcrole="http://xbrl.org/int/dim/arcrole/domain-member" xlink:from="loc_s2md_ei1633" xlink:to="loc_s2md_ei1777" order="45" />
    <link:loc xlink:type="locator" xlink:href="../../../../../../dict/met/met.xsd#s2md_ei1778" xlink:label="loc_s2md_ei1778" />
    <link:definitionArc xlink:type="arc" xlink:arcrole="http://xbrl.org/int/dim/arcrole/domain-member" xlink:from="loc_s2md_ei1633" xlink:to="loc_s2md_ei1778" order="46" />
    <link:loc xlink:type="locator" xlink:href="http://www.eurofiling.info/eu/fr/xbrl/ext/model.xsd#hyp" xlink:label="loc_hyp" />
    <link:definitionArc xlink:type="arc" xlink:arcrole="http://xbrl.org/int/dim/arcrole/all" xlink:from="loc_s2md_ei1633" xlink:to="loc_hyp" xbrldt:closed="true" xbrldt:contextElement="scenario" order="47" />
  </link:definitionLink>
</link:linkbase>