<?xml version="1.0" encoding="UTF-8"?>
<!--(C) EIOPA - XBRL Taxonomy-->
<?officialURI http://eiopa.europa.eu/eu/xbrl/s2md/fws/solvency/solvency2/2019-07-15/tab/s.01.01.08.01/s.01.01.08.01-def.xml?>
<?taxonomy-version 2.4.0?>
<?taxonomy-date 2019-07-15?>
<link:linkbase xmlns:xsi="http://www.w3.org/2001/XMLSchema-instance" xmlns:xlink="http://www.w3.org/1999/xlink" xmlns:link="http://www.xbrl.org/2003/linkbase" xmlns:xbrldt="http://xbrl.org/2005/xbrldt" xsi:schemaLocation="http://www.xbrl.org/2003/linkbase http://www.xbrl.org/2003/xbrl-linkbase-2003-12-31.xsd http://xbrl.org/2005/xbrldt http://www.xbrl.org/2005/xbrldt-2005.xsd">
  <link:arcroleRef arcroleURI="http://xbrl.org/int/dim/arcrole/all" xlink:type="simple" xlink:href="http://www.xbrl.org/2005/xbrldt-2005.xsd#all" />
  <link:arcroleRef arcroleURI="http://xbrl.org/int/dim/arcrole/domain-member" xlink:type="simple" xlink:href="http://www.xbrl.org/2005/xbrldt-2005.xsd#domain-member" />
  <link:roleRef roleURI="http://eiopa.europa.eu/xbrl/s2md/role/fws/solvency/solvency2/2019-07-15/tab/S.01.01.08.01/1" xlink:type="simple" xlink:href="s.01.01.08.01.xsd#role1" />
  <link:definitionLink xlink:type="extended" xlink:role="http://eiopa.europa.eu/xbrl/s2md/role/fws/solvency/solvency2/2019-07-15/tab/S.01.01.08.01/1">
    <link:loc xlink:type="locator" xlink:href="../../../../../../dict/met/met.xsd#s2md_ei1633" xlink:label="loc_s2md_ei1633" />
    <link:loc xlink:type="locator" xlink:href="../../../../../../dict/met/met.xsd#s2md_ei2420" xlink:label="loc_s2md_ei2420" />
    <link:definitionArc xlink:type="arc" xlink:arcrole="http://xbrl.org/int/dim/arcrole/domain-member" xlink:from="loc_s2md_ei1633" xlink:to="loc_s2md_ei2420" order="1" />
    <link:loc xlink:type="locator" xlink:href="../../../../../../dict/met/met.xsd#s2md_ei2450" xlink:label="loc_s2md_ei2450" />
    <link:definitionArc xlink:type="arc" xlink:arcrole="http://xbrl.org/int/dim/arcrole/domain-member" xlink:from="loc_s2md_ei1633" xlink:to="loc_s2md_ei2450" order="2" />
    <link:loc xlink:type="locator" xlink:href="../../../../../../dict/met/met.xsd#s2md_ei2410" xlink:label="loc_s2md_ei2410" />
    <link:definitionArc xlink:type="arc" xlink:arcrole="http://xbrl.org/int/dim/arcrole/domain-member" xlink:from="loc_s2md_ei1633" xlink:to="loc_s2md_ei2410" order="3" />
    <link:loc xlink:type="locator" xlink:href="../../../../../../dict/met/met.xsd#s2md_ei2458" xlink:label="loc_s2md_ei2458" />
    <link:definitionArc xlink:type="arc" xlink:arcrole="http://xbrl.org/int/dim/arcrole/domain-member" xlink:from="loc_s2md_ei1633" xlink:to="loc_s2md_ei2458" order="4" />
    <link:loc xlink:type="locator" xlink:href="../../../../../../dict/met/met.xsd#s2md_ei2413" xlink:label="loc_s2md_ei2413" />
    <link:definitionArc xlink:type="arc" xlink:arcrole="http://xbrl.org/int/dim/arcrole/domain-member" xlink:from="loc_s2md_ei1633" xlink:to="loc_s2md_ei2413" order="5" />
    <link:loc xlink:type="locator" xlink:href="../../../../../../dict/met/met.xsd#s2md_ei2414" xlink:label="loc_s2md_ei2414" />
    <link:definitionArc xlink:type="arc" xlink:arcrole="http://xbrl.org/int/dim/arcrole/domain-member" xlink:from="loc_s2md_ei1633" xlink:to="loc_s2md_ei2414" order="6" />
    <link:loc xlink:type="locator" xlink:href="../../../../../../dict/met/met.xsd#s2md_ei2417" xlink:label="loc_s2md_ei2417" />
    <link:definitionArc xlink:type="arc" xlink:arcrole="http://xbrl.org/int/dim/arcrole/domain-member" xlink:from="loc_s2md_ei1633" xlink:to="loc_s2md_ei2417" order="7" />
    <link:loc xlink:type="locator" xlink:href="../../../../../../dict/met/met.xsd#s2md_ei2418" xlink:label="loc_s2md_ei2418" />
    <link:definitionArc xlink:type="arc" xlink:arcrole="http://xbrl.org/int/dim/arcrole/domain-member" xlink:from="loc_s2md_ei1633" xlink:to="loc_s2md_ei2418" order="8" />
    <link:loc xlink:type="locator" xlink:href="../../../../../../dict/met/met.xsd#s2md_ei2449" xlink:label="loc_s2md_ei2449" />
    <link:definitionArc xlink:type="arc" xlink:arcrole="http://xbrl.org/int/dim/arcrole/domain-member" xlink:from="loc_s2md_ei1633" xlink:to="loc_s2md_ei2449" order="9" />
    <link:loc xlink:type="locator" xlink:href="../../../../../../dict/met/met.xsd#s2md_ei2291" xlink:label="loc_s2md_ei2291" />
    <link:definitionArc xlink:type="arc" xlink:arcrole="http://xbrl.org/int/dim/arcrole/domain-member" xlink:from="loc_s2md_ei1633" xlink:to="loc_s2md_ei2291" order="10" />
    <link:loc xlink:type="locator" xlink:href="../../../../../../dict/met/met.xsd#s2md_ei2292" xlink:label="loc_s2md_ei2292" />
    <link:definitionArc xlink:type="arc" xlink:arcrole="http://xbrl.org/int/dim/arcrole/domain-member" xlink:from="loc_s2md_ei1633" xlink:to="loc_s2md_ei2292" order="11" />
    <link:loc xlink:type="locator" xlink:href="http://www.eurofiling.info/eu/fr/xbrl/ext/model.xsd#hyp" xlink:label="loc_hyp" />
    <link:definitionArc xlink:type="arc" xlink:arcrole="http://xbrl.org/int/dim/arcrole/all" xlink:from="loc_s2md_ei1633" xlink:to="loc_hyp" xbrldt:closed="true" xbrldt:contextElement="scenario" order="12" />
  </link:definitionLink>
</link:linkbase>