<?xml version="1.0" encoding="UTF-8"?>
<!--(C) EIOPA - XBRL Taxonomy-->
<?officialURI http://eiopa.europa.eu/eu/xbrl/s2md/fws/solvency/solvency2/2019-07-15/tab/s.01.01.08.01/s.01.01.08.01-rend.xml?>
<?taxonomy-version 2.4.0?>
<?taxonomy-date 2019-07-15?>
<link:linkbase xmlns:xsi="http://www.w3.org/2001/XMLSchema-instance" xmlns:xlink="http://www.w3.org/1999/xlink" xmlns:link="http://www.xbrl.org/2003/linkbase" xmlns:gen="http://xbrl.org/2008/generic" xmlns:label="http://xbrl.org/2008/label" xmlns:formula="http://xbrl.org/2008/formula" xmlns:df="http://xbrl.org/2008/filter/dimension" xmlns:table="http://xbrl.org/2014/table" xmlns:model="http://www.eurofiling.info/xbrl/ext/model" xmlns:s2md_met="http://eiopa.europa.eu/xbrl/s2md/dict/met" xsi:schemaLocation="http://www.xbrl.org/2003/linkbase http://www.xbrl.org/2003/xbrl-linkbase-2003-12-31.xsd http://xbrl.org/2008/generic http://www.xbrl.org/2008/generic-link.xsd http://xbrl.org/2008/label http://www.xbrl.org/2008/generic-label.xsd http://xbrl.org/2008/formula http://www.xbrl.org/2008/formula.xsd http://xbrl.org/2008/filter/dimension http://www.xbrl.org/2008/dimension-filter.xsd http://xbrl.org/2014/table http://www.xbrl.org/2014/table.xsd http://www.eurofiling.info/xbrl/ext/model http://www.eurofiling.info/eu/fr/xbrl/ext/model.xsd">
  <link:arcroleRef arcroleURI="http://xbrl.org/arcrole/2014/breakdown-tree" xlink:type="simple" xlink:href="http://www.xbrl.org/2014/table.xsd#breakdown-tree" />
  <link:arcroleRef arcroleURI="http://xbrl.org/arcrole/2014/definition-node-subtree" xlink:type="simple" xlink:href="http://www.xbrl.org/2014/table.xsd#definition-node-subtree" />
  <link:arcroleRef arcroleURI="http://xbrl.org/arcrole/2014/table-breakdown" xlink:type="simple" xlink:href="http://www.xbrl.org/2014/table.xsd#table-breakdown" />
  <link:roleRef roleURI="http://eiopa.europa.eu/xbrl/s2md/role/fws/solvency/solvency2/2019-07-15/tab/S.01.01.08.01" xlink:type="simple" xlink:href="s.01.01.08.01.xsd#role" />
  <gen:link xlink:type="extended" xlink:role="http://eiopa.europa.eu/xbrl/s2md/role/fws/solvency/solvency2/2019-07-15/tab/S.01.01.08.01">
    <table:table xlink:type="resource" xlink:label="s2md_tS.01.01.08.01" id="s2md_tS.01.01.08.01" />
    <table:breakdown xlink:type="resource" xlink:label="s2md_a1" parentChildOrder="parent-first" id="s2md_a1" />
    <table:ruleNode xlink:type="resource" xlink:label="s2md_a1.root" abstract="true" id="s2md_a1.root" merge="true" />
    <table:breakdownTreeArc xlink:type="arc" xlink:arcrole="http://xbrl.org/arcrole/2014/breakdown-tree" xlink:from="s2md_a1" xlink:to="s2md_a1.root" order="0" />
    <table:ruleNode xlink:type="resource" xlink:label="s2md_c212" id="s2md_c212" />
    <table:definitionNodeSubtreeArc xlink:type="arc" xlink:arcrole="http://xbrl.org/arcrole/2014/definition-node-subtree" xlink:from="s2md_a1.root" xlink:to="s2md_c212" order="1" />
    <table:tableBreakdownArc xlink:type="arc" xlink:arcrole="http://xbrl.org/arcrole/2014/table-breakdown" xlink:from="s2md_tS.01.01.08.01" xlink:to="s2md_a1" axis="x" order="1" />
    <table:breakdown xlink:type="resource" xlink:label="s2md_a2" parentChildOrder="parent-first" id="s2md_a2" />
    <table:ruleNode xlink:type="resource" xlink:label="s2md_a2.root" abstract="true" id="s2md_a2.root" merge="true" />
    <table:breakdownTreeArc xlink:type="arc" xlink:arcrole="http://xbrl.org/arcrole/2014/breakdown-tree" xlink:from="s2md_a2" xlink:to="s2md_a2.root" order="0" />
    <table:ruleNode xlink:type="resource" xlink:label="s2md_c213" abstract="true" id="s2md_c213" />
    <table:ruleNode xlink:type="resource" xlink:label="s2md_c214" id="s2md_c214">
      <formula:concept>
        <formula:qname>s2md_met:ei1633</formula:qname>
      </formula:concept>
    </table:ruleNode>
    <table:definitionNodeSubtreeArc xlink:type="arc" xlink:arcrole="http://xbrl.org/arcrole/2014/definition-node-subtree" xlink:from="s2md_c213" xlink:to="s2md_c214" order="1" />
    <table:ruleNode xlink:type="resource" xlink:label="s2md_c215" id="s2md_c215">
      <formula:concept>
        <formula:qname>s2md_met:ei2420</formula:qname>
      </formula:concept>
    </table:ruleNode>
    <table:definitionNodeSubtreeArc xlink:type="arc" xlink:arcrole="http://xbrl.org/arcrole/2014/definition-node-subtree" xlink:from="s2md_c213" xlink:to="s2md_c215" order="2" />
    <table:ruleNode xlink:type="resource" xlink:label="s2md_c216" id="s2md_c216">
      <formula:concept>
        <formula:qname>s2md_met:ei2450</formula:qname>
      </formula:concept>
    </table:ruleNode>
    <table:definitionNodeSubtreeArc xlink:type="arc" xlink:arcrole="http://xbrl.org/arcrole/2014/definition-node-subtree" xlink:from="s2md_c213" xlink:to="s2md_c216" order="3" />
    <table:ruleNode xlink:type="resource" xlink:label="s2md_c217" id="s2md_c217">
      <formula:concept>
        <formula:qname>s2md_met:ei2410</formula:qname>
      </formula:concept>
    </table:ruleNode>
    <table:definitionNodeSubtreeArc xlink:type="arc" xlink:arcrole="http://xbrl.org/arcrole/2014/definition-node-subtree" xlink:from="s2md_c213" xlink:to="s2md_c217" order="4" />
    <table:ruleNode xlink:type="resource" xlink:label="s2md_c218" id="s2md_c218">
      <formula:concept>
        <formula:qname>s2md_met:ei2458</formula:qname>
      </formula:concept>
    </table:ruleNode>
    <table:definitionNodeSubtreeArc xlink:type="arc" xlink:arcrole="http://xbrl.org/arcrole/2014/definition-node-subtree" xlink:from="s2md_c213" xlink:to="s2md_c218" order="5" />
    <table:ruleNode xlink:type="resource" xlink:label="s2md_c219" id="s2md_c219">
      <formula:concept>
        <formula:qname>s2md_met:ei2413</formula:qname>
      </formula:concept>
    </table:ruleNode>
    <table:definitionNodeSubtreeArc xlink:type="arc" xlink:arcrole="http://xbrl.org/arcrole/2014/definition-node-subtree" xlink:from="s2md_c213" xlink:to="s2md_c219" order="6" />
    <table:ruleNode xlink:type="resource" xlink:label="s2md_c220" id="s2md_c220">
      <formula:concept>
        <formula:qname>s2md_met:ei2414</formula:qname>
      </formula:concept>
    </table:ruleNode>
    <table:definitionNodeSubtreeArc xlink:type="arc" xlink:arcrole="http://xbrl.org/arcrole/2014/definition-node-subtree" xlink:from="s2md_c213" xlink:to="s2md_c220" order="7" />
    <table:ruleNode xlink:type="resource" xlink:label="s2md_c221" id="s2md_c221">
      <formula:concept>
        <formula:qname>s2md_met:ei2417</formula:qname>
      </formula:concept>
    </table:ruleNode>
    <table:definitionNodeSubtreeArc xlink:type="arc" xlink:arcrole="http://xbrl.org/arcrole/2014/definition-node-subtree" xlink:from="s2md_c213" xlink:to="s2md_c221" order="8" />
    <table:ruleNode xlink:type="resource" xlink:label="s2md_c222" id="s2md_c222">
      <formula:concept>
        <formula:qname>s2md_met:ei2418</formula:qname>
      </formula:concept>
    </table:ruleNode>
    <table:definitionNodeSubtreeArc xlink:type="arc" xlink:arcrole="http://xbrl.org/arcrole/2014/definition-node-subtree" xlink:from="s2md_c213" xlink:to="s2md_c222" order="9" />
    <table:ruleNode xlink:type="resource" xlink:label="s2md_c223" id="s2md_c223">
      <formula:concept>
        <formula:qname>s2md_met:ei2449</formula:qname>
      </formula:concept>
    </table:ruleNode>
    <table:definitionNodeSubtreeArc xlink:type="arc" xlink:arcrole="http://xbrl.org/arcrole/2014/definition-node-subtree" xlink:from="s2md_c213" xlink:to="s2md_c223" order="10" />
    <table:ruleNode xlink:type="resource" xlink:label="s2md_c224" id="s2md_c224">
      <formula:concept>
        <formula:qname>s2md_met:ei2291</formula:qname>
      </formula:concept>
    </table:ruleNode>
    <table:definitionNodeSubtreeArc xlink:type="arc" xlink:arcrole="http://xbrl.org/arcrole/2014/definition-node-subtree" xlink:from="s2md_c213" xlink:to="s2md_c224" order="11" />
    <table:ruleNode xlink:type="resource" xlink:label="s2md_c225" id="s2md_c225">
      <formula:concept>
        <formula:qname>s2md_met:ei2292</formula:qname>
      </formula:concept>
    </table:ruleNode>
    <table:definitionNodeSubtreeArc xlink:type="arc" xlink:arcrole="http://xbrl.org/arcrole/2014/definition-node-subtree" xlink:from="s2md_c213" xlink:to="s2md_c225" order="12" />
    <table:definitionNodeSubtreeArc xlink:type="arc" xlink:arcrole="http://xbrl.org/arcrole/2014/definition-node-subtree" xlink:from="s2md_a2.root" xlink:to="s2md_c213" order="1" />
    <table:tableBreakdownArc xlink:type="arc" xlink:arcrole="http://xbrl.org/arcrole/2014/table-breakdown" xlink:from="s2md_tS.01.01.08.01" xlink:to="s2md_a2" axis="y" order="2" />
  </gen:link>
</link:linkbase>