<?xml version="1.0" encoding="UTF-8"?>
<!--(C) EIOPA - XBRL Taxonomy-->
<?officialURI http://eiopa.europa.eu/eu/xbrl/ext/filing-indicators-def.xml?>
<?taxonomy-version 2.4.0?>
<?taxonomy-date 2019-07-15?>
<link:linkbase xmlns:xsi="http://www.w3.org/2001/XMLSchema-instance" xsi:schemaLocation="http://www.xbrl.org/2003/linkbase http://www.xbrl.org/2003/xbrl-linkbase-2003-12-31.xsd" xmlns:link="http://www.xbrl.org/2003/linkbase" xmlns:xbrldt="http://xbrl.org/2005/xbrldt" xmlns:xlink="http://www.w3.org/1999/xlink" xmlns:xbrli="http://www.xbrl.org/2003/instance">
  <link:roleRef roleURI="http://eiopa.europa.eu/eu/xbrl/ext/BlockDefaultUseOfMetricsScenario" xlink:type="simple" xlink:href="model.xsd#BlockDefaultUseOfMetricsScenario" />
  <link:roleRef roleURI="http://eiopa.europa.eu/eu/xbrl/ext/BlockDefaultUseOfMetricsSegment" xlink:type="simple" xlink:href="model.xsd#BlockDefaultUseOfMetricsSegment" />
  <link:arcroleRef arcroleURI="http://xbrl.org/int/dim/arcrole/all" xlink:type="simple" xlink:href="http://www.xbrl.org/2005/xbrldt-2005.xsd#all" />
  <link:arcroleRef arcroleURI="http://xbrl.org/int/dim/arcrole/hypercube-dimension" xlink:type="simple" xlink:href="http://www.xbrl.org/2005/xbrldt-2005.xsd#hypercube-dimension" />
  <link:definitionLink xlink:type="extended" xlink:role="http://eiopa.europa.eu/eu/xbrl/ext/BlockDefaultUseOfMetricsScenario">
    <link:loc xlink:type="locator" xlink:href="http://www.eurofiling.info/eu/fr/xbrl/ext/filing-indicators.xsd#find_filingIndicator" xlink:label="filingIndicator" />
    <link:loc xlink:type="locator" xlink:href="model.xsd#eiopa_NULLHC" xlink:label="hyp" />
    <link:definitionArc xlink:type="arc" xlink:arcrole="http://xbrl.org/int/dim/arcrole/all" xlink:from="filingIndicator" xlink:to="hyp" order="1.0" xbrldt:contextElement="scenario" xbrldt:closed="true" />
  </link:definitionLink>
  <link:definitionLink xlink:type="extended" xlink:role="http://eiopa.europa.eu/eu/xbrl/ext/BlockDefaultUseOfMetricsSegment">
    <link:loc xlink:type="locator" xlink:href="http://www.eurofiling.info/eu/fr/xbrl/ext/filing-indicators.xsd#find_filingIndicator" xlink:label="filingIndicator" />
    <link:loc xlink:type="locator" xlink:href="model.xsd#eiopa_NULLHC" xlink:label="hyp" />
    <link:definitionArc xlink:type="arc" xlink:arcrole="http://xbrl.org/int/dim/arcrole/all" xlink:from="filingIndicator" xlink:to="hyp" order="1.0" xbrldt:contextElement="segment" xbrldt:closed="true" />
  </link:definitionLink>
</link:linkbase>