<?xml version="1.0" encoding="UTF-8"?>
<!--(C) EIOPA - XBRL Taxonomy-->
<?officialURI http://eiopa.europa.eu/eu/xbrl/ext/filing-indicators-check-err-en.xml?>
<?taxonomy-version 2.4.0?>
<?taxonomy-date 2019-07-15?>
<link:linkbase xmlns:xsi="http://www.w3.org/2001/XMLSchema-instance" xmlns:xbrli="http://www.xbrl.org/2003/instance" xmlns:xlink="http://www.w3.org/1999/xlink" xmlns:link="http://www.xbrl.org/2003/linkbase" xmlns:gen="http://xbrl.org/2008/generic" xmlns:label="http://xbrl.org/2008/label" xmlns:msg="http://xbrl.org/2010/message" xsi:schemaLocation="http://www.xbrl.org/2003/linkbase http://www.xbrl.org/2003/xbrl-linkbase-2003-12-31.xsd http://xbrl.org/2008/generic http://www.xbrl.org/2008/generic-link.xsd http://xbrl.org/2008/label http://www.xbrl.org/2008/generic-label.xsd http://xbrl.org/2010/message http://www.xbrl.org/2010/generic-message.xsd">
  <link:arcroleRef arcroleURI="http://xbrl.org/arcrole/2010/assertion-unsatisfied-message" xlink:type="simple" xlink:href="http://www.xbrl.org/2010/validation-message.xsd#assertion-unsatisfied-message" />
  <link:roleRef roleURI="http://www.xbrl.org/2010/role/message" xlink:type="simple" xlink:href="http://www.xbrl.org/2010/generic-message.xsd#standard-message" />
  <link:roleRef roleURI="http://www.xbrl.org/2010/role/terseMessage" xlink:type="simple" xlink:href="http://www.xbrl.org/2010/generic-message.xsd#terse-message" />
  <gen:link xlink:type="extended" xlink:role="http://www.xbrl.org/2003/role/link">
    <link:loc xlink:type="locator" xlink:href="filing-indicators-check.xml#filingIndicatorOutsidefIndicatorsTupleAssertion" xlink:label="filingIndicatorOutsidefIndicatorsTupleAssertion_loc" />
    <msg:message xlink:type="resource" xlink:label="filingIndicatorOutsidefIndicatorsTuple_msg" xlink:role="http://www.xbrl.org/2010/role/message" xml:lang="en">Filing indicator not in find:fIndicators tuple.</msg:message>
    <gen:arc xlink:type="arc" xlink:arcrole="http://xbrl.org/arcrole/2010/assertion-unsatisfied-message" xlink:from="filingIndicatorOutsidefIndicatorsTupleAssertion_loc" xlink:to="filingIndicatorOutsidefIndicatorsTuple_msg" />
    <link:loc xlink:type="locator" xlink:href="filing-indicators-check.xml#filingIndicatorsExistanceAssertion" xlink:label="filingIndicatorsExistanceAssertion_loc" />
    <msg:message xlink:type="resource" xlink:label="filingIndicatorsExistanceAssertion_msg" xlink:role="http://www.xbrl.org/2010/role/message" xml:lang="en">Filing indicators missing in the report.</msg:message>
    <gen:arc xlink:type="arc" xlink:arcrole="http://xbrl.org/arcrole/2010/assertion-unsatisfied-message" xlink:from="filingIndicatorsExistanceAssertion_loc" xlink:to="filingIndicatorsExistanceAssertion_msg" />
  </gen:link>
</link:linkbase>