<?xml version="1.0" encoding="UTF-8"?>
<!--(C) EIOPA - XBRL Taxonomy-->
<?officialURI http://eiopa.europa.eu/eu/xbrl/s2md/fws/solvency/solvency2/2019-07-15/tab/e.01.01.16.01/e.01.01.16.01-def.xml?>
<?taxonomy-version 2.4.0?>
<?taxonomy-date 2019-07-15?>
<link:linkbase xmlns:xsi="http://www.w3.org/2001/XMLSchema-instance" xmlns:xlink="http://www.w3.org/1999/xlink" xmlns:link="http://www.xbrl.org/2003/linkbase" xmlns:xbrldt="http://xbrl.org/2005/xbrldt" xsi:schemaLocation="http://www.xbrl.org/2003/linkbase http://www.xbrl.org/2003/xbrl-linkbase-2003-12-31.xsd http://xbrl.org/2005/xbrldt http://www.xbrl.org/2005/xbrldt-2005.xsd">
  <link:arcroleRef arcroleURI="http://xbrl.org/int/dim/arcrole/all" xlink:type="simple" xlink:href="http://www.xbrl.org/2005/xbrldt-2005.xsd#all" />
  <link:arcroleRef arcroleURI="http://xbrl.org/int/dim/arcrole/dimension-domain" xlink:type="simple" xlink:href="http://www.xbrl.org/2005/xbrldt-2005.xsd#dimension-domain" />
  <link:arcroleRef arcroleURI="http://xbrl.org/int/dim/arcrole/domain-member" xlink:type="simple" xlink:href="http://www.xbrl.org/2005/xbrldt-2005.xsd#domain-member" />
  <link:arcroleRef arcroleURI="http://xbrl.org/int/dim/arcrole/hypercube-dimension" xlink:type="simple" xlink:href="http://www.xbrl.org/2005/xbrldt-2005.xsd#hypercube-dimension" />
  <link:roleRef roleURI="http://eiopa.europa.eu/xbrl/s2md/role/fws/solvency/solvency2/2019-07-15/tab/E.01.01.16.01/1" xlink:type="simple" xlink:href="e.01.01.16.01.xsd#role1" />
  <link:definitionLink xlink:type="extended" xlink:role="http://eiopa.europa.eu/xbrl/s2md/role/fws/solvency/solvency2/2019-07-15/tab/E.01.01.16.01/1">
    <link:loc xlink:type="locator" xlink:href="../../../../../../dict/met/met.xsd#s2md_ei1062" xlink:label="loc_s2md_ei1062" />
    <link:loc xlink:type="locator" xlink:href="../../../../../../dict/met/met.xsd#s2md_ei1024" xlink:label="loc_s2md_ei1024" />
    <link:definitionArc xlink:type="arc" xlink:arcrole="http://xbrl.org/int/dim/arcrole/domain-member" xlink:from="loc_s2md_ei1062" xlink:to="loc_s2md_ei1024" order="1" />
    <link:loc xlink:type="locator" xlink:href="../../../../../../dict/met/met.xsd#s2md_mi1131" xlink:label="loc_s2md_mi1131" />
    <link:definitionArc xlink:type="arc" xlink:arcrole="http://xbrl.org/int/dim/arcrole/domain-member" xlink:from="loc_s2md_ei1062" xlink:to="loc_s2md_mi1131" order="2" />
    <link:loc xlink:type="locator" xlink:href="../../../../../../dict/met/met.xsd#s2md_mi1128" xlink:label="loc_s2md_mi1128" />
    <link:definitionArc xlink:type="arc" xlink:arcrole="http://xbrl.org/int/dim/arcrole/domain-member" xlink:from="loc_s2md_ei1062" xlink:to="loc_s2md_mi1128" order="3" />
    <link:loc xlink:type="locator" xlink:href="../../../../../../dict/met/met.xsd#s2md_mi1110" xlink:label="loc_s2md_mi1110" />
    <link:definitionArc xlink:type="arc" xlink:arcrole="http://xbrl.org/int/dim/arcrole/domain-member" xlink:from="loc_s2md_ei1062" xlink:to="loc_s2md_mi1110" order="4" />
    <link:loc xlink:type="locator" xlink:href="http://www.eurofiling.info/eu/fr/xbrl/ext/model.xsd#hyp" xlink:label="loc_hyp" />
    <link:definitionArc xlink:type="arc" xlink:arcrole="http://xbrl.org/int/dim/arcrole/all" xlink:from="loc_s2md_ei1062" xlink:to="loc_hyp" xbrldt:closed="true" xbrldt:contextElement="scenario" order="5" />
    <link:loc xlink:type="locator" xlink:href="../../../../../../../s2c/dict/dim/dim.xsd#s2c_XZ" xlink:label="loc_s2c_XZ" />
    <link:definitionArc xlink:type="arc" xlink:arcrole="http://xbrl.org/int/dim/arcrole/hypercube-dimension" xlink:from="loc_hyp" xlink:to="loc_s2c_XZ" order="1" />
    <link:loc xlink:type="locator" xlink:href="../../../../../../../s2c/dict/dim/dim.xsd#s2c_SU" xlink:label="loc_s2c_SU" />
    <link:definitionArc xlink:type="arc" xlink:arcrole="http://xbrl.org/int/dim/arcrole/hypercube-dimension" xlink:from="loc_hyp" xlink:to="loc_s2c_SU" order="2" />
    <link:loc xlink:type="locator" xlink:href="../../../../../../../s2c/dict/dom/exp.xsd#s2c_MC" xlink:label="loc_s2c_MC" />
    <link:definitionArc xlink:type="arc" xlink:arcrole="http://xbrl.org/int/dim/arcrole/dimension-domain" xlink:from="loc_s2c_SU" xlink:to="loc_s2c_MC" xbrldt:usable="false" order="1" />
    <link:loc xlink:type="locator" xlink:href="../../../../../../../s2c/dict/dom/mc/mem.xsd#s2c_x168" xlink:label="loc_s2c_x168" />
    <link:definitionArc xlink:type="arc" xlink:arcrole="http://xbrl.org/int/dim/arcrole/domain-member" xlink:from="loc_s2c_MC" xlink:to="loc_s2c_x168" order="1" />
  </link:definitionLink>
</link:linkbase>