<?xml version="1.0" encoding="UTF-8"?>
<!--(C) EIOPA - XBRL Taxonomy-->
<?officialURI http://eiopa.europa.eu/eu/xbrl/s2c/dict/dom/cu/mem-def.xml?>
<?taxonomy-version 2.4.0?>
<?taxonomy-date 2019-07-15?>
<link:linkbase xmlns:xsi="http://www.w3.org/2001/XMLSchema-instance" xmlns:xlink="http://www.w3.org/1999/xlink" xmlns:link="http://www.xbrl.org/2003/linkbase" xmlns:xbrldt="http://xbrl.org/2005/xbrldt" xsi:schemaLocation="http://www.xbrl.org/2003/linkbase http://www.xbrl.org/2003/xbrl-linkbase-2003-12-31.xsd http://xbrl.org/2005/xbrldt http://www.xbrl.org/2005/xbrldt-2005.xsd">
  <link:arcroleRef arcroleURI="http://xbrl.org/int/dim/arcrole/domain-member" xlink:type="simple" xlink:href="http://www.xbrl.org/2005/xbrldt-2005.xsd#domain-member" />
  <link:definitionLink xlink:type="extended" xlink:role="http://www.xbrl.org/2003/role/link">
    <link:loc xlink:type="locator" xlink:href="../exp.xsd#s2c_CU" xlink:label="loc_s2c_CU" />
    <link:loc xlink:type="locator" xlink:href="mem.xsd#s2c_x0" xlink:label="loc_s2c_x0" />
    <link:definitionArc xlink:type="arc" xlink:arcrole="http://xbrl.org/int/dim/arcrole/domain-member" xlink:from="loc_s2c_CU" xlink:to="loc_s2c_x0" order="1" />
    <link:loc xlink:type="locator" xlink:href="mem.xsd#s2c_EUR" xlink:label="loc_s2c_EUR" />
    <link:definitionArc xlink:type="arc" xlink:arcrole="http://xbrl.org/int/dim/arcrole/domain-member" xlink:from="loc_s2c_CU" xlink:to="loc_s2c_EUR" order="2" />
    <link:loc xlink:type="locator" xlink:href="mem.xsd#s2c_AED" xlink:label="loc_s2c_AED" />
    <link:definitionArc xlink:type="arc" xlink:arcrole="http://xbrl.org/int/dim/arcrole/domain-member" xlink:from="loc_s2c_CU" xlink:to="loc_s2c_AED" order="3" />
    <link:loc xlink:type="locator" xlink:href="mem.xsd#s2c_AFN" xlink:label="loc_s2c_AFN" />
    <link:definitionArc xlink:type="arc" xlink:arcrole="http://xbrl.org/int/dim/arcrole/domain-member" xlink:from="loc_s2c_CU" xlink:to="loc_s2c_AFN" order="4" />
    <link:loc xlink:type="locator" xlink:href="mem.xsd#s2c_ALL" xlink:label="loc_s2c_ALL" />
    <link:definitionArc xlink:type="arc" xlink:arcrole="http://xbrl.org/int/dim/arcrole/domain-member" xlink:from="loc_s2c_CU" xlink:to="loc_s2c_ALL" order="5" />
    <link:loc xlink:type="locator" xlink:href="mem.xsd#s2c_AMD" xlink:label="loc_s2c_AMD" />
    <link:definitionArc xlink:type="arc" xlink:arcrole="http://xbrl.org/int/dim/arcrole/domain-member" xlink:from="loc_s2c_CU" xlink:to="loc_s2c_AMD" order="6" />
    <link:loc xlink:type="locator" xlink:href="mem.xsd#s2c_ANG" xlink:label="loc_s2c_ANG" />
    <link:definitionArc xlink:type="arc" xlink:arcrole="http://xbrl.org/int/dim/arcrole/domain-member" xlink:from="loc_s2c_CU" xlink:to="loc_s2c_ANG" order="7" />
    <link:loc xlink:type="locator" xlink:href="mem.xsd#s2c_AOA" xlink:label="loc_s2c_AOA" />
    <link:definitionArc xlink:type="arc" xlink:arcrole="http://xbrl.org/int/dim/arcrole/domain-member" xlink:from="loc_s2c_CU" xlink:to="loc_s2c_AOA" order="8" />
    <link:loc xlink:type="locator" xlink:href="mem.xsd#s2c_ARS" xlink:label="loc_s2c_ARS" />
    <link:definitionArc xlink:type="arc" xlink:arcrole="http://xbrl.org/int/dim/arcrole/domain-member" xlink:from="loc_s2c_CU" xlink:to="loc_s2c_ARS" order="9" />
    <link:loc xlink:type="locator" xlink:href="mem.xsd#s2c_AUD" xlink:label="loc_s2c_AUD" />
    <link:definitionArc xlink:type="arc" xlink:arcrole="http://xbrl.org/int/dim/arcrole/domain-member" xlink:from="loc_s2c_CU" xlink:to="loc_s2c_AUD" order="10" />
    <link:loc xlink:type="locator" xlink:href="mem.xsd#s2c_AWG" xlink:label="loc_s2c_AWG" />
    <link:definitionArc xlink:type="arc" xlink:arcrole="http://xbrl.org/int/dim/arcrole/domain-member" xlink:from="loc_s2c_CU" xlink:to="loc_s2c_AWG" order="11" />
    <link:loc xlink:type="locator" xlink:href="mem.xsd#s2c_AZN" xlink:label="loc_s2c_AZN" />
    <link:definitionArc xlink:type="arc" xlink:arcrole="http://xbrl.org/int/dim/arcrole/domain-member" xlink:from="loc_s2c_CU" xlink:to="loc_s2c_AZN" order="12" />
    <link:loc xlink:type="locator" xlink:href="mem.xsd#s2c_BAM" xlink:label="loc_s2c_BAM" />
    <link:definitionArc xlink:type="arc" xlink:arcrole="http://xbrl.org/int/dim/arcrole/domain-member" xlink:from="loc_s2c_CU" xlink:to="loc_s2c_BAM" order="13" />
    <link:loc xlink:type="locator" xlink:href="mem.xsd#s2c_BBD" xlink:label="loc_s2c_BBD" />
    <link:definitionArc xlink:type="arc" xlink:arcrole="http://xbrl.org/int/dim/arcrole/domain-member" xlink:from="loc_s2c_CU" xlink:to="loc_s2c_BBD" order="14" />
    <link:loc xlink:type="locator" xlink:href="mem.xsd#s2c_BDT" xlink:label="loc_s2c_BDT" />
    <link:definitionArc xlink:type="arc" xlink:arcrole="http://xbrl.org/int/dim/arcrole/domain-member" xlink:from="loc_s2c_CU" xlink:to="loc_s2c_BDT" order="15" />
    <link:loc xlink:type="locator" xlink:href="mem.xsd#s2c_BGN" xlink:label="loc_s2c_BGN" />
    <link:definitionArc xlink:type="arc" xlink:arcrole="http://xbrl.org/int/dim/arcrole/domain-member" xlink:from="loc_s2c_CU" xlink:to="loc_s2c_BGN" order="16" />
    <link:loc xlink:type="locator" xlink:href="mem.xsd#s2c_BHD" xlink:label="loc_s2c_BHD" />
    <link:definitionArc xlink:type="arc" xlink:arcrole="http://xbrl.org/int/dim/arcrole/domain-member" xlink:from="loc_s2c_CU" xlink:to="loc_s2c_BHD" order="17" />
    <link:loc xlink:type="locator" xlink:href="mem.xsd#s2c_BIF" xlink:label="loc_s2c_BIF" />
    <link:definitionArc xlink:type="arc" xlink:arcrole="http://xbrl.org/int/dim/arcrole/domain-member" xlink:from="loc_s2c_CU" xlink:to="loc_s2c_BIF" order="18" />
    <link:loc xlink:type="locator" xlink:href="mem.xsd#s2c_BMD" xlink:label="loc_s2c_BMD" />
    <link:definitionArc xlink:type="arc" xlink:arcrole="http://xbrl.org/int/dim/arcrole/domain-member" xlink:from="loc_s2c_CU" xlink:to="loc_s2c_BMD" order="19" />
    <link:loc xlink:type="locator" xlink:href="mem.xsd#s2c_BND" xlink:label="loc_s2c_BND" />
    <link:definitionArc xlink:type="arc" xlink:arcrole="http://xbrl.org/int/dim/arcrole/domain-member" xlink:from="loc_s2c_CU" xlink:to="loc_s2c_BND" order="20" />
    <link:loc xlink:type="locator" xlink:href="mem.xsd#s2c_BOB" xlink:label="loc_s2c_BOB" />
    <link:definitionArc xlink:type="arc" xlink:arcrole="http://xbrl.org/int/dim/arcrole/domain-member" xlink:from="loc_s2c_CU" xlink:to="loc_s2c_BOB" order="21" />
    <link:loc xlink:type="locator" xlink:href="mem.xsd#s2c_BOV" xlink:label="loc_s2c_BOV" />
    <link:definitionArc xlink:type="arc" xlink:arcrole="http://xbrl.org/int/dim/arcrole/domain-member" xlink:from="loc_s2c_CU" xlink:to="loc_s2c_BOV" order="22" />
    <link:loc xlink:type="locator" xlink:href="mem.xsd#s2c_BRL" xlink:label="loc_s2c_BRL" />
    <link:definitionArc xlink:type="arc" xlink:arcrole="http://xbrl.org/int/dim/arcrole/domain-member" xlink:from="loc_s2c_CU" xlink:to="loc_s2c_BRL" order="23" />
    <link:loc xlink:type="locator" xlink:href="mem.xsd#s2c_BSD" xlink:label="loc_s2c_BSD" />
    <link:definitionArc xlink:type="arc" xlink:arcrole="http://xbrl.org/int/dim/arcrole/domain-member" xlink:from="loc_s2c_CU" xlink:to="loc_s2c_BSD" order="24" />
    <link:loc xlink:type="locator" xlink:href="mem.xsd#s2c_BTN" xlink:label="loc_s2c_BTN" />
    <link:definitionArc xlink:type="arc" xlink:arcrole="http://xbrl.org/int/dim/arcrole/domain-member" xlink:from="loc_s2c_CU" xlink:to="loc_s2c_BTN" order="25" />
    <link:loc xlink:type="locator" xlink:href="mem.xsd#s2c_BWP" xlink:label="loc_s2c_BWP" />
    <link:definitionArc xlink:type="arc" xlink:arcrole="http://xbrl.org/int/dim/arcrole/domain-member" xlink:from="loc_s2c_CU" xlink:to="loc_s2c_BWP" order="26" />
    <link:loc xlink:type="locator" xlink:href="mem.xsd#s2c_BYR" xlink:label="loc_s2c_BYR" />
    <link:definitionArc xlink:type="arc" xlink:arcrole="http://xbrl.org/int/dim/arcrole/domain-member" xlink:from="loc_s2c_CU" xlink:to="loc_s2c_BYR" order="27" />
    <link:loc xlink:type="locator" xlink:href="mem.xsd#s2c_BZD" xlink:label="loc_s2c_BZD" />
    <link:definitionArc xlink:type="arc" xlink:arcrole="http://xbrl.org/int/dim/arcrole/domain-member" xlink:from="loc_s2c_CU" xlink:to="loc_s2c_BZD" order="28" />
    <link:loc xlink:type="locator" xlink:href="mem.xsd#s2c_CAD" xlink:label="loc_s2c_CAD" />
    <link:definitionArc xlink:type="arc" xlink:arcrole="http://xbrl.org/int/dim/arcrole/domain-member" xlink:from="loc_s2c_CU" xlink:to="loc_s2c_CAD" order="29" />
    <link:loc xlink:type="locator" xlink:href="mem.xsd#s2c_CDF" xlink:label="loc_s2c_CDF" />
    <link:definitionArc xlink:type="arc" xlink:arcrole="http://xbrl.org/int/dim/arcrole/domain-member" xlink:from="loc_s2c_CU" xlink:to="loc_s2c_CDF" order="30" />
    <link:loc xlink:type="locator" xlink:href="mem.xsd#s2c_CHE" xlink:label="loc_s2c_CHE" />
    <link:definitionArc xlink:type="arc" xlink:arcrole="http://xbrl.org/int/dim/arcrole/domain-member" xlink:from="loc_s2c_CU" xlink:to="loc_s2c_CHE" order="31" />
    <link:loc xlink:type="locator" xlink:href="mem.xsd#s2c_CHF" xlink:label="loc_s2c_CHF" />
    <link:definitionArc xlink:type="arc" xlink:arcrole="http://xbrl.org/int/dim/arcrole/domain-member" xlink:from="loc_s2c_CU" xlink:to="loc_s2c_CHF" order="32" />
    <link:loc xlink:type="locator" xlink:href="mem.xsd#s2c_CHW" xlink:label="loc_s2c_CHW" />
    <link:definitionArc xlink:type="arc" xlink:arcrole="http://xbrl.org/int/dim/arcrole/domain-member" xlink:from="loc_s2c_CU" xlink:to="loc_s2c_CHW" order="33" />
    <link:loc xlink:type="locator" xlink:href="mem.xsd#s2c_CLF" xlink:label="loc_s2c_CLF" />
    <link:definitionArc xlink:type="arc" xlink:arcrole="http://xbrl.org/int/dim/arcrole/domain-member" xlink:from="loc_s2c_CU" xlink:to="loc_s2c_CLF" order="34" />
    <link:loc xlink:type="locator" xlink:href="mem.xsd#s2c_CLP" xlink:label="loc_s2c_CLP" />
    <link:definitionArc xlink:type="arc" xlink:arcrole="http://xbrl.org/int/dim/arcrole/domain-member" xlink:from="loc_s2c_CU" xlink:to="loc_s2c_CLP" order="35" />
    <link:loc xlink:type="locator" xlink:href="mem.xsd#s2c_CNY" xlink:label="loc_s2c_CNY" />
    <link:definitionArc xlink:type="arc" xlink:arcrole="http://xbrl.org/int/dim/arcrole/domain-member" xlink:from="loc_s2c_CU" xlink:to="loc_s2c_CNY" order="36" />
    <link:loc xlink:type="locator" xlink:href="mem.xsd#s2c_COP" xlink:label="loc_s2c_COP" />
    <link:definitionArc xlink:type="arc" xlink:arcrole="http://xbrl.org/int/dim/arcrole/domain-member" xlink:from="loc_s2c_CU" xlink:to="loc_s2c_COP" order="37" />
    <link:loc xlink:type="locator" xlink:href="mem.xsd#s2c_COU" xlink:label="loc_s2c_COU" />
    <link:definitionArc xlink:type="arc" xlink:arcrole="http://xbrl.org/int/dim/arcrole/domain-member" xlink:from="loc_s2c_CU" xlink:to="loc_s2c_COU" order="38" />
    <link:loc xlink:type="locator" xlink:href="mem.xsd#s2c_CRC" xlink:label="loc_s2c_CRC" />
    <link:definitionArc xlink:type="arc" xlink:arcrole="http://xbrl.org/int/dim/arcrole/domain-member" xlink:from="loc_s2c_CU" xlink:to="loc_s2c_CRC" order="39" />
    <link:loc xlink:type="locator" xlink:href="mem.xsd#s2c_CUC" xlink:label="loc_s2c_CUC" />
    <link:definitionArc xlink:type="arc" xlink:arcrole="http://xbrl.org/int/dim/arcrole/domain-member" xlink:from="loc_s2c_CU" xlink:to="loc_s2c_CUC" order="40" />
    <link:loc xlink:type="locator" xlink:href="mem.xsd#s2c_CUP" xlink:label="loc_s2c_CUP" />
    <link:definitionArc xlink:type="arc" xlink:arcrole="http://xbrl.org/int/dim/arcrole/domain-member" xlink:from="loc_s2c_CU" xlink:to="loc_s2c_CUP" order="41" />
    <link:loc xlink:type="locator" xlink:href="mem.xsd#s2c_CVE" xlink:label="loc_s2c_CVE" />
    <link:definitionArc xlink:type="arc" xlink:arcrole="http://xbrl.org/int/dim/arcrole/domain-member" xlink:from="loc_s2c_CU" xlink:to="loc_s2c_CVE" order="42" />
    <link:loc xlink:type="locator" xlink:href="mem.xsd#s2c_CZK" xlink:label="loc_s2c_CZK" />
    <link:definitionArc xlink:type="arc" xlink:arcrole="http://xbrl.org/int/dim/arcrole/domain-member" xlink:from="loc_s2c_CU" xlink:to="loc_s2c_CZK" order="43" />
    <link:loc xlink:type="locator" xlink:href="mem.xsd#s2c_DJF" xlink:label="loc_s2c_DJF" />
    <link:definitionArc xlink:type="arc" xlink:arcrole="http://xbrl.org/int/dim/arcrole/domain-member" xlink:from="loc_s2c_CU" xlink:to="loc_s2c_DJF" order="44" />
    <link:loc xlink:type="locator" xlink:href="mem.xsd#s2c_DKK" xlink:label="loc_s2c_DKK" />
    <link:definitionArc xlink:type="arc" xlink:arcrole="http://xbrl.org/int/dim/arcrole/domain-member" xlink:from="loc_s2c_CU" xlink:to="loc_s2c_DKK" order="45" />
    <link:loc xlink:type="locator" xlink:href="mem.xsd#s2c_DOP" xlink:label="loc_s2c_DOP" />
    <link:definitionArc xlink:type="arc" xlink:arcrole="http://xbrl.org/int/dim/arcrole/domain-member" xlink:from="loc_s2c_CU" xlink:to="loc_s2c_DOP" order="46" />
    <link:loc xlink:type="locator" xlink:href="mem.xsd#s2c_DZD" xlink:label="loc_s2c_DZD" />
    <link:definitionArc xlink:type="arc" xlink:arcrole="http://xbrl.org/int/dim/arcrole/domain-member" xlink:from="loc_s2c_CU" xlink:to="loc_s2c_DZD" order="47" />
    <link:loc xlink:type="locator" xlink:href="mem.xsd#s2c_EEK" xlink:label="loc_s2c_EEK" />
    <link:definitionArc xlink:type="arc" xlink:arcrole="http://xbrl.org/int/dim/arcrole/domain-member" xlink:from="loc_s2c_CU" xlink:to="loc_s2c_EEK" order="48" />
    <link:loc xlink:type="locator" xlink:href="mem.xsd#s2c_EGP" xlink:label="loc_s2c_EGP" />
    <link:definitionArc xlink:type="arc" xlink:arcrole="http://xbrl.org/int/dim/arcrole/domain-member" xlink:from="loc_s2c_CU" xlink:to="loc_s2c_EGP" order="49" />
    <link:loc xlink:type="locator" xlink:href="mem.xsd#s2c_ERN" xlink:label="loc_s2c_ERN" />
    <link:definitionArc xlink:type="arc" xlink:arcrole="http://xbrl.org/int/dim/arcrole/domain-member" xlink:from="loc_s2c_CU" xlink:to="loc_s2c_ERN" order="50" />
    <link:loc xlink:type="locator" xlink:href="mem.xsd#s2c_ETB" xlink:label="loc_s2c_ETB" />
    <link:definitionArc xlink:type="arc" xlink:arcrole="http://xbrl.org/int/dim/arcrole/domain-member" xlink:from="loc_s2c_CU" xlink:to="loc_s2c_ETB" order="51" />
    <link:loc xlink:type="locator" xlink:href="mem.xsd#s2c_FJD" xlink:label="loc_s2c_FJD" />
    <link:definitionArc xlink:type="arc" xlink:arcrole="http://xbrl.org/int/dim/arcrole/domain-member" xlink:from="loc_s2c_CU" xlink:to="loc_s2c_FJD" order="52" />
    <link:loc xlink:type="locator" xlink:href="mem.xsd#s2c_FKP" xlink:label="loc_s2c_FKP" />
    <link:definitionArc xlink:type="arc" xlink:arcrole="http://xbrl.org/int/dim/arcrole/domain-member" xlink:from="loc_s2c_CU" xlink:to="loc_s2c_FKP" order="53" />
    <link:loc xlink:type="locator" xlink:href="mem.xsd#s2c_GBP" xlink:label="loc_s2c_GBP" />
    <link:definitionArc xlink:type="arc" xlink:arcrole="http://xbrl.org/int/dim/arcrole/domain-member" xlink:from="loc_s2c_CU" xlink:to="loc_s2c_GBP" order="54" />
    <link:loc xlink:type="locator" xlink:href="mem.xsd#s2c_GEL" xlink:label="loc_s2c_GEL" />
    <link:definitionArc xlink:type="arc" xlink:arcrole="http://xbrl.org/int/dim/arcrole/domain-member" xlink:from="loc_s2c_CU" xlink:to="loc_s2c_GEL" order="55" />
    <link:loc xlink:type="locator" xlink:href="mem.xsd#s2c_GHS" xlink:label="loc_s2c_GHS" />
    <link:definitionArc xlink:type="arc" xlink:arcrole="http://xbrl.org/int/dim/arcrole/domain-member" xlink:from="loc_s2c_CU" xlink:to="loc_s2c_GHS" order="56" />
    <link:loc xlink:type="locator" xlink:href="mem.xsd#s2c_GIP" xlink:label="loc_s2c_GIP" />
    <link:definitionArc xlink:type="arc" xlink:arcrole="http://xbrl.org/int/dim/arcrole/domain-member" xlink:from="loc_s2c_CU" xlink:to="loc_s2c_GIP" order="57" />
    <link:loc xlink:type="locator" xlink:href="mem.xsd#s2c_GMD" xlink:label="loc_s2c_GMD" />
    <link:definitionArc xlink:type="arc" xlink:arcrole="http://xbrl.org/int/dim/arcrole/domain-member" xlink:from="loc_s2c_CU" xlink:to="loc_s2c_GMD" order="58" />
    <link:loc xlink:type="locator" xlink:href="mem.xsd#s2c_GNF" xlink:label="loc_s2c_GNF" />
    <link:definitionArc xlink:type="arc" xlink:arcrole="http://xbrl.org/int/dim/arcrole/domain-member" xlink:from="loc_s2c_CU" xlink:to="loc_s2c_GNF" order="59" />
    <link:loc xlink:type="locator" xlink:href="mem.xsd#s2c_GTQ" xlink:label="loc_s2c_GTQ" />
    <link:definitionArc xlink:type="arc" xlink:arcrole="http://xbrl.org/int/dim/arcrole/domain-member" xlink:from="loc_s2c_CU" xlink:to="loc_s2c_GTQ" order="60" />
    <link:loc xlink:type="locator" xlink:href="mem.xsd#s2c_GYD" xlink:label="loc_s2c_GYD" />
    <link:definitionArc xlink:type="arc" xlink:arcrole="http://xbrl.org/int/dim/arcrole/domain-member" xlink:from="loc_s2c_CU" xlink:to="loc_s2c_GYD" order="61" />
    <link:loc xlink:type="locator" xlink:href="mem.xsd#s2c_HKD" xlink:label="loc_s2c_HKD" />
    <link:definitionArc xlink:type="arc" xlink:arcrole="http://xbrl.org/int/dim/arcrole/domain-member" xlink:from="loc_s2c_CU" xlink:to="loc_s2c_HKD" order="62" />
    <link:loc xlink:type="locator" xlink:href="mem.xsd#s2c_HNL" xlink:label="loc_s2c_HNL" />
    <link:definitionArc xlink:type="arc" xlink:arcrole="http://xbrl.org/int/dim/arcrole/domain-member" xlink:from="loc_s2c_CU" xlink:to="loc_s2c_HNL" order="63" />
    <link:loc xlink:type="locator" xlink:href="mem.xsd#s2c_HRK" xlink:label="loc_s2c_HRK" />
    <link:definitionArc xlink:type="arc" xlink:arcrole="http://xbrl.org/int/dim/arcrole/domain-member" xlink:from="loc_s2c_CU" xlink:to="loc_s2c_HRK" order="64" />
    <link:loc xlink:type="locator" xlink:href="mem.xsd#s2c_HTG" xlink:label="loc_s2c_HTG" />
    <link:definitionArc xlink:type="arc" xlink:arcrole="http://xbrl.org/int/dim/arcrole/domain-member" xlink:from="loc_s2c_CU" xlink:to="loc_s2c_HTG" order="65" />
    <link:loc xlink:type="locator" xlink:href="mem.xsd#s2c_HUF" xlink:label="loc_s2c_HUF" />
    <link:definitionArc xlink:type="arc" xlink:arcrole="http://xbrl.org/int/dim/arcrole/domain-member" xlink:from="loc_s2c_CU" xlink:to="loc_s2c_HUF" order="66" />
    <link:loc xlink:type="locator" xlink:href="mem.xsd#s2c_IDR" xlink:label="loc_s2c_IDR" />
    <link:definitionArc xlink:type="arc" xlink:arcrole="http://xbrl.org/int/dim/arcrole/domain-member" xlink:from="loc_s2c_CU" xlink:to="loc_s2c_IDR" order="67" />
    <link:loc xlink:type="locator" xlink:href="mem.xsd#s2c_ILS" xlink:label="loc_s2c_ILS" />
    <link:definitionArc xlink:type="arc" xlink:arcrole="http://xbrl.org/int/dim/arcrole/domain-member" xlink:from="loc_s2c_CU" xlink:to="loc_s2c_ILS" order="68" />
    <link:loc xlink:type="locator" xlink:href="mem.xsd#s2c_INR" xlink:label="loc_s2c_INR" />
    <link:definitionArc xlink:type="arc" xlink:arcrole="http://xbrl.org/int/dim/arcrole/domain-member" xlink:from="loc_s2c_CU" xlink:to="loc_s2c_INR" order="69" />
    <link:loc xlink:type="locator" xlink:href="mem.xsd#s2c_IQD" xlink:label="loc_s2c_IQD" />
    <link:definitionArc xlink:type="arc" xlink:arcrole="http://xbrl.org/int/dim/arcrole/domain-member" xlink:from="loc_s2c_CU" xlink:to="loc_s2c_IQD" order="70" />
    <link:loc xlink:type="locator" xlink:href="mem.xsd#s2c_IRR" xlink:label="loc_s2c_IRR" />
    <link:definitionArc xlink:type="arc" xlink:arcrole="http://xbrl.org/int/dim/arcrole/domain-member" xlink:from="loc_s2c_CU" xlink:to="loc_s2c_IRR" order="71" />
    <link:loc xlink:type="locator" xlink:href="mem.xsd#s2c_ISK" xlink:label="loc_s2c_ISK" />
    <link:definitionArc xlink:type="arc" xlink:arcrole="http://xbrl.org/int/dim/arcrole/domain-member" xlink:from="loc_s2c_CU" xlink:to="loc_s2c_ISK" order="72" />
    <link:loc xlink:type="locator" xlink:href="mem.xsd#s2c_JMD" xlink:label="loc_s2c_JMD" />
    <link:definitionArc xlink:type="arc" xlink:arcrole="http://xbrl.org/int/dim/arcrole/domain-member" xlink:from="loc_s2c_CU" xlink:to="loc_s2c_JMD" order="73" />
    <link:loc xlink:type="locator" xlink:href="mem.xsd#s2c_JOD" xlink:label="loc_s2c_JOD" />
    <link:definitionArc xlink:type="arc" xlink:arcrole="http://xbrl.org/int/dim/arcrole/domain-member" xlink:from="loc_s2c_CU" xlink:to="loc_s2c_JOD" order="74" />
    <link:loc xlink:type="locator" xlink:href="mem.xsd#s2c_JPY" xlink:label="loc_s2c_JPY" />
    <link:definitionArc xlink:type="arc" xlink:arcrole="http://xbrl.org/int/dim/arcrole/domain-member" xlink:from="loc_s2c_CU" xlink:to="loc_s2c_JPY" order="75" />
    <link:loc xlink:type="locator" xlink:href="mem.xsd#s2c_KES" xlink:label="loc_s2c_KES" />
    <link:definitionArc xlink:type="arc" xlink:arcrole="http://xbrl.org/int/dim/arcrole/domain-member" xlink:from="loc_s2c_CU" xlink:to="loc_s2c_KES" order="76" />
    <link:loc xlink:type="locator" xlink:href="mem.xsd#s2c_KGS" xlink:label="loc_s2c_KGS" />
    <link:definitionArc xlink:type="arc" xlink:arcrole="http://xbrl.org/int/dim/arcrole/domain-member" xlink:from="loc_s2c_CU" xlink:to="loc_s2c_KGS" order="77" />
    <link:loc xlink:type="locator" xlink:href="mem.xsd#s2c_KHR" xlink:label="loc_s2c_KHR" />
    <link:definitionArc xlink:type="arc" xlink:arcrole="http://xbrl.org/int/dim/arcrole/domain-member" xlink:from="loc_s2c_CU" xlink:to="loc_s2c_KHR" order="78" />
    <link:loc xlink:type="locator" xlink:href="mem.xsd#s2c_KMF" xlink:label="loc_s2c_KMF" />
    <link:definitionArc xlink:type="arc" xlink:arcrole="http://xbrl.org/int/dim/arcrole/domain-member" xlink:from="loc_s2c_CU" xlink:to="loc_s2c_KMF" order="79" />
    <link:loc xlink:type="locator" xlink:href="mem.xsd#s2c_KPW" xlink:label="loc_s2c_KPW" />
    <link:definitionArc xlink:type="arc" xlink:arcrole="http://xbrl.org/int/dim/arcrole/domain-member" xlink:from="loc_s2c_CU" xlink:to="loc_s2c_KPW" order="80" />
    <link:loc xlink:type="locator" xlink:href="mem.xsd#s2c_KRW" xlink:label="loc_s2c_KRW" />
    <link:definitionArc xlink:type="arc" xlink:arcrole="http://xbrl.org/int/dim/arcrole/domain-member" xlink:from="loc_s2c_CU" xlink:to="loc_s2c_KRW" order="81" />
    <link:loc xlink:type="locator" xlink:href="mem.xsd#s2c_KWD" xlink:label="loc_s2c_KWD" />
    <link:definitionArc xlink:type="arc" xlink:arcrole="http://xbrl.org/int/dim/arcrole/domain-member" xlink:from="loc_s2c_CU" xlink:to="loc_s2c_KWD" order="82" />
    <link:loc xlink:type="locator" xlink:href="mem.xsd#s2c_KYD" xlink:label="loc_s2c_KYD" />
    <link:definitionArc xlink:type="arc" xlink:arcrole="http://xbrl.org/int/dim/arcrole/domain-member" xlink:from="loc_s2c_CU" xlink:to="loc_s2c_KYD" order="83" />
    <link:loc xlink:type="locator" xlink:href="mem.xsd#s2c_KZT" xlink:label="loc_s2c_KZT" />
    <link:definitionArc xlink:type="arc" xlink:arcrole="http://xbrl.org/int/dim/arcrole/domain-member" xlink:from="loc_s2c_CU" xlink:to="loc_s2c_KZT" order="84" />
    <link:loc xlink:type="locator" xlink:href="mem.xsd#s2c_LAK" xlink:label="loc_s2c_LAK" />
    <link:definitionArc xlink:type="arc" xlink:arcrole="http://xbrl.org/int/dim/arcrole/domain-member" xlink:from="loc_s2c_CU" xlink:to="loc_s2c_LAK" order="85" />
    <link:loc xlink:type="locator" xlink:href="mem.xsd#s2c_LBP" xlink:label="loc_s2c_LBP" />
    <link:definitionArc xlink:type="arc" xlink:arcrole="http://xbrl.org/int/dim/arcrole/domain-member" xlink:from="loc_s2c_CU" xlink:to="loc_s2c_LBP" order="86" />
    <link:loc xlink:type="locator" xlink:href="mem.xsd#s2c_LKR" xlink:label="loc_s2c_LKR" />
    <link:definitionArc xlink:type="arc" xlink:arcrole="http://xbrl.org/int/dim/arcrole/domain-member" xlink:from="loc_s2c_CU" xlink:to="loc_s2c_LKR" order="87" />
    <link:loc xlink:type="locator" xlink:href="mem.xsd#s2c_LRD" xlink:label="loc_s2c_LRD" />
    <link:definitionArc xlink:type="arc" xlink:arcrole="http://xbrl.org/int/dim/arcrole/domain-member" xlink:from="loc_s2c_CU" xlink:to="loc_s2c_LRD" order="88" />
    <link:loc xlink:type="locator" xlink:href="mem.xsd#s2c_LSL" xlink:label="loc_s2c_LSL" />
    <link:definitionArc xlink:type="arc" xlink:arcrole="http://xbrl.org/int/dim/arcrole/domain-member" xlink:from="loc_s2c_CU" xlink:to="loc_s2c_LSL" order="89" />
    <link:loc xlink:type="locator" xlink:href="mem.xsd#s2c_LTL" xlink:label="loc_s2c_LTL" />
    <link:definitionArc xlink:type="arc" xlink:arcrole="http://xbrl.org/int/dim/arcrole/domain-member" xlink:from="loc_s2c_CU" xlink:to="loc_s2c_LTL" order="90" />
    <link:loc xlink:type="locator" xlink:href="mem.xsd#s2c_LVL" xlink:label="loc_s2c_LVL" />
    <link:definitionArc xlink:type="arc" xlink:arcrole="http://xbrl.org/int/dim/arcrole/domain-member" xlink:from="loc_s2c_CU" xlink:to="loc_s2c_LVL" order="91" />
    <link:loc xlink:type="locator" xlink:href="mem.xsd#s2c_LYD" xlink:label="loc_s2c_LYD" />
    <link:definitionArc xlink:type="arc" xlink:arcrole="http://xbrl.org/int/dim/arcrole/domain-member" xlink:from="loc_s2c_CU" xlink:to="loc_s2c_LYD" order="92" />
    <link:loc xlink:type="locator" xlink:href="mem.xsd#s2c_MAD" xlink:label="loc_s2c_MAD" />
    <link:definitionArc xlink:type="arc" xlink:arcrole="http://xbrl.org/int/dim/arcrole/domain-member" xlink:from="loc_s2c_CU" xlink:to="loc_s2c_MAD" order="93" />
    <link:loc xlink:type="locator" xlink:href="mem.xsd#s2c_MDL" xlink:label="loc_s2c_MDL" />
    <link:definitionArc xlink:type="arc" xlink:arcrole="http://xbrl.org/int/dim/arcrole/domain-member" xlink:from="loc_s2c_CU" xlink:to="loc_s2c_MDL" order="94" />
    <link:loc xlink:type="locator" xlink:href="mem.xsd#s2c_MGA" xlink:label="loc_s2c_MGA" />
    <link:definitionArc xlink:type="arc" xlink:arcrole="http://xbrl.org/int/dim/arcrole/domain-member" xlink:from="loc_s2c_CU" xlink:to="loc_s2c_MGA" order="95" />
    <link:loc xlink:type="locator" xlink:href="mem.xsd#s2c_MKD" xlink:label="loc_s2c_MKD" />
    <link:definitionArc xlink:type="arc" xlink:arcrole="http://xbrl.org/int/dim/arcrole/domain-member" xlink:from="loc_s2c_CU" xlink:to="loc_s2c_MKD" order="96" />
    <link:loc xlink:type="locator" xlink:href="mem.xsd#s2c_MMK" xlink:label="loc_s2c_MMK" />
    <link:definitionArc xlink:type="arc" xlink:arcrole="http://xbrl.org/int/dim/arcrole/domain-member" xlink:from="loc_s2c_CU" xlink:to="loc_s2c_MMK" order="97" />
    <link:loc xlink:type="locator" xlink:href="mem.xsd#s2c_MNT" xlink:label="loc_s2c_MNT" />
    <link:definitionArc xlink:type="arc" xlink:arcrole="http://xbrl.org/int/dim/arcrole/domain-member" xlink:from="loc_s2c_CU" xlink:to="loc_s2c_MNT" order="98" />
    <link:loc xlink:type="locator" xlink:href="mem.xsd#s2c_MOP" xlink:label="loc_s2c_MOP" />
    <link:definitionArc xlink:type="arc" xlink:arcrole="http://xbrl.org/int/dim/arcrole/domain-member" xlink:from="loc_s2c_CU" xlink:to="loc_s2c_MOP" order="99" />
    <link:loc xlink:type="locator" xlink:href="mem.xsd#s2c_MRO" xlink:label="loc_s2c_MRO" />
    <link:definitionArc xlink:type="arc" xlink:arcrole="http://xbrl.org/int/dim/arcrole/domain-member" xlink:from="loc_s2c_CU" xlink:to="loc_s2c_MRO" order="100" />
    <link:loc xlink:type="locator" xlink:href="mem.xsd#s2c_MUR" xlink:label="loc_s2c_MUR" />
    <link:definitionArc xlink:type="arc" xlink:arcrole="http://xbrl.org/int/dim/arcrole/domain-member" xlink:from="loc_s2c_CU" xlink:to="loc_s2c_MUR" order="101" />
    <link:loc xlink:type="locator" xlink:href="mem.xsd#s2c_MVR" xlink:label="loc_s2c_MVR" />
    <link:definitionArc xlink:type="arc" xlink:arcrole="http://xbrl.org/int/dim/arcrole/domain-member" xlink:from="loc_s2c_CU" xlink:to="loc_s2c_MVR" order="102" />
    <link:loc xlink:type="locator" xlink:href="mem.xsd#s2c_MWK" xlink:label="loc_s2c_MWK" />
    <link:definitionArc xlink:type="arc" xlink:arcrole="http://xbrl.org/int/dim/arcrole/domain-member" xlink:from="loc_s2c_CU" xlink:to="loc_s2c_MWK" order="103" />
    <link:loc xlink:type="locator" xlink:href="mem.xsd#s2c_MXN" xlink:label="loc_s2c_MXN" />
    <link:definitionArc xlink:type="arc" xlink:arcrole="http://xbrl.org/int/dim/arcrole/domain-member" xlink:from="loc_s2c_CU" xlink:to="loc_s2c_MXN" order="104" />
    <link:loc xlink:type="locator" xlink:href="mem.xsd#s2c_MXV" xlink:label="loc_s2c_MXV" />
    <link:definitionArc xlink:type="arc" xlink:arcrole="http://xbrl.org/int/dim/arcrole/domain-member" xlink:from="loc_s2c_CU" xlink:to="loc_s2c_MXV" order="105" />
    <link:loc xlink:type="locator" xlink:href="mem.xsd#s2c_MYR" xlink:label="loc_s2c_MYR" />
    <link:definitionArc xlink:type="arc" xlink:arcrole="http://xbrl.org/int/dim/arcrole/domain-member" xlink:from="loc_s2c_CU" xlink:to="loc_s2c_MYR" order="106" />
    <link:loc xlink:type="locator" xlink:href="mem.xsd#s2c_MZN" xlink:label="loc_s2c_MZN" />
    <link:definitionArc xlink:type="arc" xlink:arcrole="http://xbrl.org/int/dim/arcrole/domain-member" xlink:from="loc_s2c_CU" xlink:to="loc_s2c_MZN" order="107" />
    <link:loc xlink:type="locator" xlink:href="mem.xsd#s2c_NAD" xlink:label="loc_s2c_NAD" />
    <link:definitionArc xlink:type="arc" xlink:arcrole="http://xbrl.org/int/dim/arcrole/domain-member" xlink:from="loc_s2c_CU" xlink:to="loc_s2c_NAD" order="108" />
    <link:loc xlink:type="locator" xlink:href="mem.xsd#s2c_NGN" xlink:label="loc_s2c_NGN" />
    <link:definitionArc xlink:type="arc" xlink:arcrole="http://xbrl.org/int/dim/arcrole/domain-member" xlink:from="loc_s2c_CU" xlink:to="loc_s2c_NGN" order="109" />
    <link:loc xlink:type="locator" xlink:href="mem.xsd#s2c_NIO" xlink:label="loc_s2c_NIO" />
    <link:definitionArc xlink:type="arc" xlink:arcrole="http://xbrl.org/int/dim/arcrole/domain-member" xlink:from="loc_s2c_CU" xlink:to="loc_s2c_NIO" order="110" />
    <link:loc xlink:type="locator" xlink:href="mem.xsd#s2c_NOK" xlink:label="loc_s2c_NOK" />
    <link:definitionArc xlink:type="arc" xlink:arcrole="http://xbrl.org/int/dim/arcrole/domain-member" xlink:from="loc_s2c_CU" xlink:to="loc_s2c_NOK" order="111" />
    <link:loc xlink:type="locator" xlink:href="mem.xsd#s2c_NPR" xlink:label="loc_s2c_NPR" />
    <link:definitionArc xlink:type="arc" xlink:arcrole="http://xbrl.org/int/dim/arcrole/domain-member" xlink:from="loc_s2c_CU" xlink:to="loc_s2c_NPR" order="112" />
    <link:loc xlink:type="locator" xlink:href="mem.xsd#s2c_NZD" xlink:label="loc_s2c_NZD" />
    <link:definitionArc xlink:type="arc" xlink:arcrole="http://xbrl.org/int/dim/arcrole/domain-member" xlink:from="loc_s2c_CU" xlink:to="loc_s2c_NZD" order="113" />
    <link:loc xlink:type="locator" xlink:href="mem.xsd#s2c_OMR" xlink:label="loc_s2c_OMR" />
    <link:definitionArc xlink:type="arc" xlink:arcrole="http://xbrl.org/int/dim/arcrole/domain-member" xlink:from="loc_s2c_CU" xlink:to="loc_s2c_OMR" order="114" />
    <link:loc xlink:type="locator" xlink:href="mem.xsd#s2c_PAB" xlink:label="loc_s2c_PAB" />
    <link:definitionArc xlink:type="arc" xlink:arcrole="http://xbrl.org/int/dim/arcrole/domain-member" xlink:from="loc_s2c_CU" xlink:to="loc_s2c_PAB" order="115" />
    <link:loc xlink:type="locator" xlink:href="mem.xsd#s2c_PEN" xlink:label="loc_s2c_PEN" />
    <link:definitionArc xlink:type="arc" xlink:arcrole="http://xbrl.org/int/dim/arcrole/domain-member" xlink:from="loc_s2c_CU" xlink:to="loc_s2c_PEN" order="116" />
    <link:loc xlink:type="locator" xlink:href="mem.xsd#s2c_PGK" xlink:label="loc_s2c_PGK" />
    <link:definitionArc xlink:type="arc" xlink:arcrole="http://xbrl.org/int/dim/arcrole/domain-member" xlink:from="loc_s2c_CU" xlink:to="loc_s2c_PGK" order="117" />
    <link:loc xlink:type="locator" xlink:href="mem.xsd#s2c_PHP" xlink:label="loc_s2c_PHP" />
    <link:definitionArc xlink:type="arc" xlink:arcrole="http://xbrl.org/int/dim/arcrole/domain-member" xlink:from="loc_s2c_CU" xlink:to="loc_s2c_PHP" order="118" />
    <link:loc xlink:type="locator" xlink:href="mem.xsd#s2c_PKR" xlink:label="loc_s2c_PKR" />
    <link:definitionArc xlink:type="arc" xlink:arcrole="http://xbrl.org/int/dim/arcrole/domain-member" xlink:from="loc_s2c_CU" xlink:to="loc_s2c_PKR" order="119" />
    <link:loc xlink:type="locator" xlink:href="mem.xsd#s2c_PLN" xlink:label="loc_s2c_PLN" />
    <link:definitionArc xlink:type="arc" xlink:arcrole="http://xbrl.org/int/dim/arcrole/domain-member" xlink:from="loc_s2c_CU" xlink:to="loc_s2c_PLN" order="120" />
    <link:loc xlink:type="locator" xlink:href="mem.xsd#s2c_PYG" xlink:label="loc_s2c_PYG" />
    <link:definitionArc xlink:type="arc" xlink:arcrole="http://xbrl.org/int/dim/arcrole/domain-member" xlink:from="loc_s2c_CU" xlink:to="loc_s2c_PYG" order="121" />
    <link:loc xlink:type="locator" xlink:href="mem.xsd#s2c_QAR" xlink:label="loc_s2c_QAR" />
    <link:definitionArc xlink:type="arc" xlink:arcrole="http://xbrl.org/int/dim/arcrole/domain-member" xlink:from="loc_s2c_CU" xlink:to="loc_s2c_QAR" order="122" />
    <link:loc xlink:type="locator" xlink:href="mem.xsd#s2c_RON" xlink:label="loc_s2c_RON" />
    <link:definitionArc xlink:type="arc" xlink:arcrole="http://xbrl.org/int/dim/arcrole/domain-member" xlink:from="loc_s2c_CU" xlink:to="loc_s2c_RON" order="123" />
    <link:loc xlink:type="locator" xlink:href="mem.xsd#s2c_RSD" xlink:label="loc_s2c_RSD" />
    <link:definitionArc xlink:type="arc" xlink:arcrole="http://xbrl.org/int/dim/arcrole/domain-member" xlink:from="loc_s2c_CU" xlink:to="loc_s2c_RSD" order="124" />
    <link:loc xlink:type="locator" xlink:href="mem.xsd#s2c_RUB" xlink:label="loc_s2c_RUB" />
    <link:definitionArc xlink:type="arc" xlink:arcrole="http://xbrl.org/int/dim/arcrole/domain-member" xlink:from="loc_s2c_CU" xlink:to="loc_s2c_RUB" order="125" />
    <link:loc xlink:type="locator" xlink:href="mem.xsd#s2c_RWF" xlink:label="loc_s2c_RWF" />
    <link:definitionArc xlink:type="arc" xlink:arcrole="http://xbrl.org/int/dim/arcrole/domain-member" xlink:from="loc_s2c_CU" xlink:to="loc_s2c_RWF" order="126" />
    <link:loc xlink:type="locator" xlink:href="mem.xsd#s2c_SAR" xlink:label="loc_s2c_SAR" />
    <link:definitionArc xlink:type="arc" xlink:arcrole="http://xbrl.org/int/dim/arcrole/domain-member" xlink:from="loc_s2c_CU" xlink:to="loc_s2c_SAR" order="127" />
    <link:loc xlink:type="locator" xlink:href="mem.xsd#s2c_SBD" xlink:label="loc_s2c_SBD" />
    <link:definitionArc xlink:type="arc" xlink:arcrole="http://xbrl.org/int/dim/arcrole/domain-member" xlink:from="loc_s2c_CU" xlink:to="loc_s2c_SBD" order="128" />
    <link:loc xlink:type="locator" xlink:href="mem.xsd#s2c_SCR" xlink:label="loc_s2c_SCR" />
    <link:definitionArc xlink:type="arc" xlink:arcrole="http://xbrl.org/int/dim/arcrole/domain-member" xlink:from="loc_s2c_CU" xlink:to="loc_s2c_SCR" order="129" />
    <link:loc xlink:type="locator" xlink:href="mem.xsd#s2c_SDG" xlink:label="loc_s2c_SDG" />
    <link:definitionArc xlink:type="arc" xlink:arcrole="http://xbrl.org/int/dim/arcrole/domain-member" xlink:from="loc_s2c_CU" xlink:to="loc_s2c_SDG" order="130" />
    <link:loc xlink:type="locator" xlink:href="mem.xsd#s2c_SEK" xlink:label="loc_s2c_SEK" />
    <link:definitionArc xlink:type="arc" xlink:arcrole="http://xbrl.org/int/dim/arcrole/domain-member" xlink:from="loc_s2c_CU" xlink:to="loc_s2c_SEK" order="131" />
    <link:loc xlink:type="locator" xlink:href="mem.xsd#s2c_SGD" xlink:label="loc_s2c_SGD" />
    <link:definitionArc xlink:type="arc" xlink:arcrole="http://xbrl.org/int/dim/arcrole/domain-member" xlink:from="loc_s2c_CU" xlink:to="loc_s2c_SGD" order="132" />
    <link:loc xlink:type="locator" xlink:href="mem.xsd#s2c_SHP" xlink:label="loc_s2c_SHP" />
    <link:definitionArc xlink:type="arc" xlink:arcrole="http://xbrl.org/int/dim/arcrole/domain-member" xlink:from="loc_s2c_CU" xlink:to="loc_s2c_SHP" order="133" />
    <link:loc xlink:type="locator" xlink:href="mem.xsd#s2c_SLL" xlink:label="loc_s2c_SLL" />
    <link:definitionArc xlink:type="arc" xlink:arcrole="http://xbrl.org/int/dim/arcrole/domain-member" xlink:from="loc_s2c_CU" xlink:to="loc_s2c_SLL" order="134" />
    <link:loc xlink:type="locator" xlink:href="mem.xsd#s2c_SOS" xlink:label="loc_s2c_SOS" />
    <link:definitionArc xlink:type="arc" xlink:arcrole="http://xbrl.org/int/dim/arcrole/domain-member" xlink:from="loc_s2c_CU" xlink:to="loc_s2c_SOS" order="135" />
    <link:loc xlink:type="locator" xlink:href="mem.xsd#s2c_SRD" xlink:label="loc_s2c_SRD" />
    <link:definitionArc xlink:type="arc" xlink:arcrole="http://xbrl.org/int/dim/arcrole/domain-member" xlink:from="loc_s2c_CU" xlink:to="loc_s2c_SRD" order="136" />
    <link:loc xlink:type="locator" xlink:href="mem.xsd#s2c_STD" xlink:label="loc_s2c_STD" />
    <link:definitionArc xlink:type="arc" xlink:arcrole="http://xbrl.org/int/dim/arcrole/domain-member" xlink:from="loc_s2c_CU" xlink:to="loc_s2c_STD" order="137" />
    <link:loc xlink:type="locator" xlink:href="mem.xsd#s2c_SYP" xlink:label="loc_s2c_SYP" />
    <link:definitionArc xlink:type="arc" xlink:arcrole="http://xbrl.org/int/dim/arcrole/domain-member" xlink:from="loc_s2c_CU" xlink:to="loc_s2c_SYP" order="138" />
    <link:loc xlink:type="locator" xlink:href="mem.xsd#s2c_SZL" xlink:label="loc_s2c_SZL" />
    <link:definitionArc xlink:type="arc" xlink:arcrole="http://xbrl.org/int/dim/arcrole/domain-member" xlink:from="loc_s2c_CU" xlink:to="loc_s2c_SZL" order="139" />
    <link:loc xlink:type="locator" xlink:href="mem.xsd#s2c_THB" xlink:label="loc_s2c_THB" />
    <link:definitionArc xlink:type="arc" xlink:arcrole="http://xbrl.org/int/dim/arcrole/domain-member" xlink:from="loc_s2c_CU" xlink:to="loc_s2c_THB" order="140" />
    <link:loc xlink:type="locator" xlink:href="mem.xsd#s2c_TJS" xlink:label="loc_s2c_TJS" />
    <link:definitionArc xlink:type="arc" xlink:arcrole="http://xbrl.org/int/dim/arcrole/domain-member" xlink:from="loc_s2c_CU" xlink:to="loc_s2c_TJS" order="141" />
    <link:loc xlink:type="locator" xlink:href="mem.xsd#s2c_TMT" xlink:label="loc_s2c_TMT" />
    <link:definitionArc xlink:type="arc" xlink:arcrole="http://xbrl.org/int/dim/arcrole/domain-member" xlink:from="loc_s2c_CU" xlink:to="loc_s2c_TMT" order="142" />
    <link:loc xlink:type="locator" xlink:href="mem.xsd#s2c_TND" xlink:label="loc_s2c_TND" />
    <link:definitionArc xlink:type="arc" xlink:arcrole="http://xbrl.org/int/dim/arcrole/domain-member" xlink:from="loc_s2c_CU" xlink:to="loc_s2c_TND" order="143" />
    <link:loc xlink:type="locator" xlink:href="mem.xsd#s2c_TOP" xlink:label="loc_s2c_TOP" />
    <link:definitionArc xlink:type="arc" xlink:arcrole="http://xbrl.org/int/dim/arcrole/domain-member" xlink:from="loc_s2c_CU" xlink:to="loc_s2c_TOP" order="144" />
    <link:loc xlink:type="locator" xlink:href="mem.xsd#s2c_TRY" xlink:label="loc_s2c_TRY" />
    <link:definitionArc xlink:type="arc" xlink:arcrole="http://xbrl.org/int/dim/arcrole/domain-member" xlink:from="loc_s2c_CU" xlink:to="loc_s2c_TRY" order="145" />
    <link:loc xlink:type="locator" xlink:href="mem.xsd#s2c_TTD" xlink:label="loc_s2c_TTD" />
    <link:definitionArc xlink:type="arc" xlink:arcrole="http://xbrl.org/int/dim/arcrole/domain-member" xlink:from="loc_s2c_CU" xlink:to="loc_s2c_TTD" order="146" />
    <link:loc xlink:type="locator" xlink:href="mem.xsd#s2c_TWD" xlink:label="loc_s2c_TWD" />
    <link:definitionArc xlink:type="arc" xlink:arcrole="http://xbrl.org/int/dim/arcrole/domain-member" xlink:from="loc_s2c_CU" xlink:to="loc_s2c_TWD" order="147" />
    <link:loc xlink:type="locator" xlink:href="mem.xsd#s2c_TZS" xlink:label="loc_s2c_TZS" />
    <link:definitionArc xlink:type="arc" xlink:arcrole="http://xbrl.org/int/dim/arcrole/domain-member" xlink:from="loc_s2c_CU" xlink:to="loc_s2c_TZS" order="148" />
    <link:loc xlink:type="locator" xlink:href="mem.xsd#s2c_UAH" xlink:label="loc_s2c_UAH" />
    <link:definitionArc xlink:type="arc" xlink:arcrole="http://xbrl.org/int/dim/arcrole/domain-member" xlink:from="loc_s2c_CU" xlink:to="loc_s2c_UAH" order="149" />
    <link:loc xlink:type="locator" xlink:href="mem.xsd#s2c_UGX" xlink:label="loc_s2c_UGX" />
    <link:definitionArc xlink:type="arc" xlink:arcrole="http://xbrl.org/int/dim/arcrole/domain-member" xlink:from="loc_s2c_CU" xlink:to="loc_s2c_UGX" order="150" />
    <link:loc xlink:type="locator" xlink:href="mem.xsd#s2c_USD" xlink:label="loc_s2c_USD" />
    <link:definitionArc xlink:type="arc" xlink:arcrole="http://xbrl.org/int/dim/arcrole/domain-member" xlink:from="loc_s2c_CU" xlink:to="loc_s2c_USD" order="151" />
    <link:loc xlink:type="locator" xlink:href="mem.xsd#s2c_USN" xlink:label="loc_s2c_USN" />
    <link:definitionArc xlink:type="arc" xlink:arcrole="http://xbrl.org/int/dim/arcrole/domain-member" xlink:from="loc_s2c_CU" xlink:to="loc_s2c_USN" order="152" />
    <link:loc xlink:type="locator" xlink:href="mem.xsd#s2c_USS" xlink:label="loc_s2c_USS" />
    <link:definitionArc xlink:type="arc" xlink:arcrole="http://xbrl.org/int/dim/arcrole/domain-member" xlink:from="loc_s2c_CU" xlink:to="loc_s2c_USS" order="153" />
    <link:loc xlink:type="locator" xlink:href="mem.xsd#s2c_UYU" xlink:label="loc_s2c_UYU" />
    <link:definitionArc xlink:type="arc" xlink:arcrole="http://xbrl.org/int/dim/arcrole/domain-member" xlink:from="loc_s2c_CU" xlink:to="loc_s2c_UYU" order="154" />
    <link:loc xlink:type="locator" xlink:href="mem.xsd#s2c_UZS" xlink:label="loc_s2c_UZS" />
    <link:definitionArc xlink:type="arc" xlink:arcrole="http://xbrl.org/int/dim/arcrole/domain-member" xlink:from="loc_s2c_CU" xlink:to="loc_s2c_UZS" order="155" />
    <link:loc xlink:type="locator" xlink:href="mem.xsd#s2c_VEF" xlink:label="loc_s2c_VEF" />
    <link:definitionArc xlink:type="arc" xlink:arcrole="http://xbrl.org/int/dim/arcrole/domain-member" xlink:from="loc_s2c_CU" xlink:to="loc_s2c_VEF" order="156" />
    <link:loc xlink:type="locator" xlink:href="mem.xsd#s2c_VND" xlink:label="loc_s2c_VND" />
    <link:definitionArc xlink:type="arc" xlink:arcrole="http://xbrl.org/int/dim/arcrole/domain-member" xlink:from="loc_s2c_CU" xlink:to="loc_s2c_VND" order="157" />
    <link:loc xlink:type="locator" xlink:href="mem.xsd#s2c_VUV" xlink:label="loc_s2c_VUV" />
    <link:definitionArc xlink:type="arc" xlink:arcrole="http://xbrl.org/int/dim/arcrole/domain-member" xlink:from="loc_s2c_CU" xlink:to="loc_s2c_VUV" order="158" />
    <link:loc xlink:type="locator" xlink:href="mem.xsd#s2c_WST" xlink:label="loc_s2c_WST" />
    <link:definitionArc xlink:type="arc" xlink:arcrole="http://xbrl.org/int/dim/arcrole/domain-member" xlink:from="loc_s2c_CU" xlink:to="loc_s2c_WST" order="159" />
    <link:loc xlink:type="locator" xlink:href="mem.xsd#s2c_XAF" xlink:label="loc_s2c_XAF" />
    <link:definitionArc xlink:type="arc" xlink:arcrole="http://xbrl.org/int/dim/arcrole/domain-member" xlink:from="loc_s2c_CU" xlink:to="loc_s2c_XAF" order="160" />
    <link:loc xlink:type="locator" xlink:href="mem.xsd#s2c_XAG" xlink:label="loc_s2c_XAG" />
    <link:definitionArc xlink:type="arc" xlink:arcrole="http://xbrl.org/int/dim/arcrole/domain-member" xlink:from="loc_s2c_CU" xlink:to="loc_s2c_XAG" order="161" />
    <link:loc xlink:type="locator" xlink:href="mem.xsd#s2c_XAU" xlink:label="loc_s2c_XAU" />
    <link:definitionArc xlink:type="arc" xlink:arcrole="http://xbrl.org/int/dim/arcrole/domain-member" xlink:from="loc_s2c_CU" xlink:to="loc_s2c_XAU" order="162" />
    <link:loc xlink:type="locator" xlink:href="mem.xsd#s2c_XBA" xlink:label="loc_s2c_XBA" />
    <link:definitionArc xlink:type="arc" xlink:arcrole="http://xbrl.org/int/dim/arcrole/domain-member" xlink:from="loc_s2c_CU" xlink:to="loc_s2c_XBA" order="163" />
    <link:loc xlink:type="locator" xlink:href="mem.xsd#s2c_XBB" xlink:label="loc_s2c_XBB" />
    <link:definitionArc xlink:type="arc" xlink:arcrole="http://xbrl.org/int/dim/arcrole/domain-member" xlink:from="loc_s2c_CU" xlink:to="loc_s2c_XBB" order="164" />
    <link:loc xlink:type="locator" xlink:href="mem.xsd#s2c_XBC" xlink:label="loc_s2c_XBC" />
    <link:definitionArc xlink:type="arc" xlink:arcrole="http://xbrl.org/int/dim/arcrole/domain-member" xlink:from="loc_s2c_CU" xlink:to="loc_s2c_XBC" order="165" />
    <link:loc xlink:type="locator" xlink:href="mem.xsd#s2c_XBD" xlink:label="loc_s2c_XBD" />
    <link:definitionArc xlink:type="arc" xlink:arcrole="http://xbrl.org/int/dim/arcrole/domain-member" xlink:from="loc_s2c_CU" xlink:to="loc_s2c_XBD" order="166" />
    <link:loc xlink:type="locator" xlink:href="mem.xsd#s2c_XCD" xlink:label="loc_s2c_XCD" />
    <link:definitionArc xlink:type="arc" xlink:arcrole="http://xbrl.org/int/dim/arcrole/domain-member" xlink:from="loc_s2c_CU" xlink:to="loc_s2c_XCD" order="167" />
    <link:loc xlink:type="locator" xlink:href="mem.xsd#s2c_XDR" xlink:label="loc_s2c_XDR" />
    <link:definitionArc xlink:type="arc" xlink:arcrole="http://xbrl.org/int/dim/arcrole/domain-member" xlink:from="loc_s2c_CU" xlink:to="loc_s2c_XDR" order="168" />
    <link:loc xlink:type="locator" xlink:href="mem.xsd#s2c_XFU" xlink:label="loc_s2c_XFU" />
    <link:definitionArc xlink:type="arc" xlink:arcrole="http://xbrl.org/int/dim/arcrole/domain-member" xlink:from="loc_s2c_CU" xlink:to="loc_s2c_XFU" order="169" />
    <link:loc xlink:type="locator" xlink:href="mem.xsd#s2c_XOF" xlink:label="loc_s2c_XOF" />
    <link:definitionArc xlink:type="arc" xlink:arcrole="http://xbrl.org/int/dim/arcrole/domain-member" xlink:from="loc_s2c_CU" xlink:to="loc_s2c_XOF" order="170" />
    <link:loc xlink:type="locator" xlink:href="mem.xsd#s2c_XPD" xlink:label="loc_s2c_XPD" />
    <link:definitionArc xlink:type="arc" xlink:arcrole="http://xbrl.org/int/dim/arcrole/domain-member" xlink:from="loc_s2c_CU" xlink:to="loc_s2c_XPD" order="171" />
    <link:loc xlink:type="locator" xlink:href="mem.xsd#s2c_XPF" xlink:label="loc_s2c_XPF" />
    <link:definitionArc xlink:type="arc" xlink:arcrole="http://xbrl.org/int/dim/arcrole/domain-member" xlink:from="loc_s2c_CU" xlink:to="loc_s2c_XPF" order="172" />
    <link:loc xlink:type="locator" xlink:href="mem.xsd#s2c_XPT" xlink:label="loc_s2c_XPT" />
    <link:definitionArc xlink:type="arc" xlink:arcrole="http://xbrl.org/int/dim/arcrole/domain-member" xlink:from="loc_s2c_CU" xlink:to="loc_s2c_XPT" order="173" />
    <link:loc xlink:type="locator" xlink:href="mem.xsd#s2c_XTS" xlink:label="loc_s2c_XTS" />
    <link:definitionArc xlink:type="arc" xlink:arcrole="http://xbrl.org/int/dim/arcrole/domain-member" xlink:from="loc_s2c_CU" xlink:to="loc_s2c_XTS" order="174" />
    <link:loc xlink:type="locator" xlink:href="mem.xsd#s2c_XXX" xlink:label="loc_s2c_XXX" />
    <link:definitionArc xlink:type="arc" xlink:arcrole="http://xbrl.org/int/dim/arcrole/domain-member" xlink:from="loc_s2c_CU" xlink:to="loc_s2c_XXX" order="175" />
    <link:loc xlink:type="locator" xlink:href="mem.xsd#s2c_YER" xlink:label="loc_s2c_YER" />
    <link:definitionArc xlink:type="arc" xlink:arcrole="http://xbrl.org/int/dim/arcrole/domain-member" xlink:from="loc_s2c_CU" xlink:to="loc_s2c_YER" order="176" />
    <link:loc xlink:type="locator" xlink:href="mem.xsd#s2c_ZAR" xlink:label="loc_s2c_ZAR" />
    <link:definitionArc xlink:type="arc" xlink:arcrole="http://xbrl.org/int/dim/arcrole/domain-member" xlink:from="loc_s2c_CU" xlink:to="loc_s2c_ZAR" order="177" />
    <link:loc xlink:type="locator" xlink:href="mem.xsd#s2c_ZMK" xlink:label="loc_s2c_ZMK" />
    <link:definitionArc xlink:type="arc" xlink:arcrole="http://xbrl.org/int/dim/arcrole/domain-member" xlink:from="loc_s2c_CU" xlink:to="loc_s2c_ZMK" order="178" />
    <link:loc xlink:type="locator" xlink:href="mem.xsd#s2c_ZWL" xlink:label="loc_s2c_ZWL" />
    <link:definitionArc xlink:type="arc" xlink:arcrole="http://xbrl.org/int/dim/arcrole/domain-member" xlink:from="loc_s2c_CU" xlink:to="loc_s2c_ZWL" order="179" />
    <link:loc xlink:type="locator" xlink:href="mem.xsd#s2c_x1" xlink:label="loc_s2c_x1" />
    <link:definitionArc xlink:type="arc" xlink:arcrole="http://xbrl.org/int/dim/arcrole/domain-member" xlink:from="loc_s2c_CU" xlink:to="loc_s2c_x1" order="180" />
    <link:loc xlink:type="locator" xlink:href="mem.xsd#s2c_x2" xlink:label="loc_s2c_x2" />
    <link:definitionArc xlink:type="arc" xlink:arcrole="http://xbrl.org/int/dim/arcrole/domain-member" xlink:from="loc_s2c_CU" xlink:to="loc_s2c_x2" order="181" />
    <link:loc xlink:type="locator" xlink:href="mem.xsd#s2c_x3" xlink:label="loc_s2c_x3" />
    <link:definitionArc xlink:type="arc" xlink:arcrole="http://xbrl.org/int/dim/arcrole/domain-member" xlink:from="loc_s2c_CU" xlink:to="loc_s2c_x3" order="182" />
    <link:loc xlink:type="locator" xlink:href="mem.xsd#s2c_x4" xlink:label="loc_s2c_x4" />
    <link:definitionArc xlink:type="arc" xlink:arcrole="http://xbrl.org/int/dim/arcrole/domain-member" xlink:from="loc_s2c_CU" xlink:to="loc_s2c_x4" order="183" />
    <link:loc xlink:type="locator" xlink:href="mem.xsd#s2c_SSP" xlink:label="loc_s2c_SSP" />
    <link:definitionArc xlink:type="arc" xlink:arcrole="http://xbrl.org/int/dim/arcrole/domain-member" xlink:from="loc_s2c_CU" xlink:to="loc_s2c_SSP" order="184" />
    <link:loc xlink:type="locator" xlink:href="mem.xsd#s2c_SVC" xlink:label="loc_s2c_SVC" />
    <link:definitionArc xlink:type="arc" xlink:arcrole="http://xbrl.org/int/dim/arcrole/domain-member" xlink:from="loc_s2c_CU" xlink:to="loc_s2c_SVC" order="185" />
    <link:loc xlink:type="locator" xlink:href="mem.xsd#s2c_UYI" xlink:label="loc_s2c_UYI" />
    <link:definitionArc xlink:type="arc" xlink:arcrole="http://xbrl.org/int/dim/arcrole/domain-member" xlink:from="loc_s2c_CU" xlink:to="loc_s2c_UYI" order="186" />
    <link:loc xlink:type="locator" xlink:href="mem.xsd#s2c_ZMW" xlink:label="loc_s2c_ZMW" />
    <link:definitionArc xlink:type="arc" xlink:arcrole="http://xbrl.org/int/dim/arcrole/domain-member" xlink:from="loc_s2c_CU" xlink:to="loc_s2c_ZMW" order="187" />
    <link:loc xlink:type="locator" xlink:href="mem.xsd#s2c_XUA" xlink:label="loc_s2c_XUA" />
    <link:definitionArc xlink:type="arc" xlink:arcrole="http://xbrl.org/int/dim/arcrole/domain-member" xlink:from="loc_s2c_CU" xlink:to="loc_s2c_XUA" order="188" />
    <link:loc xlink:type="locator" xlink:href="mem.xsd#s2c_XSU" xlink:label="loc_s2c_XSU" />
    <link:definitionArc xlink:type="arc" xlink:arcrole="http://xbrl.org/int/dim/arcrole/domain-member" xlink:from="loc_s2c_CU" xlink:to="loc_s2c_XSU" order="189" />
    <link:loc xlink:type="locator" xlink:href="mem.xsd#s2c_BYN" xlink:label="loc_s2c_BYN" />
    <link:definitionArc xlink:type="arc" xlink:arcrole="http://xbrl.org/int/dim/arcrole/domain-member" xlink:from="loc_s2c_CU" xlink:to="loc_s2c_BYN" order="190" />
    <link:loc xlink:type="locator" xlink:href="mem.xsd#s2c_MRU" xlink:label="loc_s2c_MRU" />
    <link:definitionArc xlink:type="arc" xlink:arcrole="http://xbrl.org/int/dim/arcrole/domain-member" xlink:from="loc_s2c_CU" xlink:to="loc_s2c_MRU" order="191" />
    <link:loc xlink:type="locator" xlink:href="mem.xsd#s2c_STN" xlink:label="loc_s2c_STN" />
    <link:definitionArc xlink:type="arc" xlink:arcrole="http://xbrl.org/int/dim/arcrole/domain-member" xlink:from="loc_s2c_CU" xlink:to="loc_s2c_STN" order="192" />
    <link:loc xlink:type="locator" xlink:href="mem.xsd#s2c_x5" xlink:label="loc_s2c_x5" />
    <link:definitionArc xlink:type="arc" xlink:arcrole="http://xbrl.org/int/dim/arcrole/domain-member" xlink:from="loc_s2c_CU" xlink:to="loc_s2c_x5" order="193" />
    <link:loc xlink:type="locator" xlink:href="mem.xsd#s2c_x6" xlink:label="loc_s2c_x6" />
    <link:definitionArc xlink:type="arc" xlink:arcrole="http://xbrl.org/int/dim/arcrole/domain-member" xlink:from="loc_s2c_CU" xlink:to="loc_s2c_x6" order="194" />
    <link:loc xlink:type="locator" xlink:href="mem.xsd#s2c_x7" xlink:label="loc_s2c_x7" />
    <link:definitionArc xlink:type="arc" xlink:arcrole="http://xbrl.org/int/dim/arcrole/domain-member" xlink:from="loc_s2c_CU" xlink:to="loc_s2c_x7" order="195" />
  </link:definitionLink>
</link:linkbase>