<?xml version="1.0" encoding="UTF-8"?>
<!--(C) EIOPA - XBRL Taxonomy-->
<?officialURI http://eiopa.europa.eu/eu/xbrl/s2c/dict/dom/tb/mem-lab-en.xml?>
<?taxonomy-version 2.4.0?>
<?taxonomy-date 2019-07-15?>
<link:linkbase xmlns:xsi="http://www.w3.org/2001/XMLSchema-instance" xmlns:xlink="http://www.w3.org/1999/xlink" xmlns:link="http://www.xbrl.org/2003/linkbase" xsi:schemaLocation="http://www.xbrl.org/2003/linkbase http://www.xbrl.org/2003/xbrl-linkbase-2003-12-31.xsd">
  <link:labelLink xlink:type="extended" xlink:role="http://www.xbrl.org/2003/role/link">
    <link:loc xlink:type="locator" xlink:href="mem.xsd#s2c_x0" xlink:label="loc_s2c_x0" />
    <link:label xlink:type="resource" xlink:label="label_s2c_x0" xml:lang="en" xlink:role="http://www.xbrl.org/2003/role/label">Total/NA</link:label>
    <link:labelArc xlink:type="arc" xlink:arcrole="http://www.xbrl.org/2003/arcrole/concept-label" xlink:from="loc_s2c_x0" xlink:to="label_s2c_x0" />
    <link:loc xlink:type="locator" xlink:href="mem.xsd#s2c_x1" xlink:label="loc_s2c_x1" />
    <link:label xlink:type="resource" xlink:label="label_s2c_x1" xml:lang="en" xlink:role="http://www.xbrl.org/2003/role/label">Ad hoc [A]</link:label>
    <link:labelArc xlink:type="arc" xlink:arcrole="http://www.xbrl.org/2003/arcrole/concept-label" xlink:from="loc_s2c_x1" xlink:to="label_s2c_x1" />
    <link:loc xlink:type="locator" xlink:href="mem.xsd#s2c_x2" xlink:label="loc_s2c_x2" />
    <link:label xlink:type="resource" xlink:label="label_s2c_x2" xml:lang="en" xlink:role="http://www.xbrl.org/2003/role/label">Aggregate excess of loss</link:label>
    <link:labelArc xlink:type="arc" xlink:arcrole="http://www.xbrl.org/2003/arcrole/concept-label" xlink:from="loc_s2c_x2" xlink:to="label_s2c_x2" />
    <link:loc xlink:type="locator" xlink:href="mem.xsd#s2c_x3" xlink:label="loc_s2c_x3" />
    <link:label xlink:type="resource" xlink:label="label_s2c_x3" xml:lang="en" xlink:role="http://www.xbrl.org/2003/role/label">Borrower [securities lending]</link:label>
    <link:labelArc xlink:type="arc" xlink:arcrole="http://www.xbrl.org/2003/arcrole/concept-label" xlink:from="loc_s2c_x3" xlink:to="label_s2c_x3" />
    <link:loc xlink:type="locator" xlink:href="mem.xsd#s2c_x4" xlink:label="loc_s2c_x4" />
    <link:label xlink:type="resource" xlink:label="label_s2c_x4" xml:lang="en" xlink:role="http://www.xbrl.org/2003/role/label">Buyer [repo]</link:label>
    <link:labelArc xlink:type="arc" xlink:arcrole="http://www.xbrl.org/2003/arcrole/concept-label" xlink:from="loc_s2c_x4" xlink:to="label_s2c_x4" />
    <link:loc xlink:type="locator" xlink:href="mem.xsd#s2c_x5" xlink:label="loc_s2c_x5" />
    <link:label xlink:type="resource" xlink:label="label_s2c_x5" xml:lang="en" xlink:role="http://www.xbrl.org/2003/role/label">Ceded</link:label>
    <link:labelArc xlink:type="arc" xlink:arcrole="http://www.xbrl.org/2003/arcrole/concept-label" xlink:from="loc_s2c_x5" xlink:to="label_s2c_x5" />
    <link:loc xlink:type="locator" xlink:href="mem.xsd#s2c_x6" xlink:label="loc_s2c_x6" />
    <link:label xlink:type="resource" xlink:label="label_s2c_x6" xml:lang="en" xlink:role="http://www.xbrl.org/2003/role/label">Dynamic [D]</link:label>
    <link:labelArc xlink:type="arc" xlink:arcrole="http://www.xbrl.org/2003/arcrole/concept-label" xlink:from="loc_s2c_x6" xlink:to="label_s2c_x6" />
    <link:loc xlink:type="locator" xlink:href="mem.xsd#s2c_x7" xlink:label="loc_s2c_x7" />
    <link:label xlink:type="resource" xlink:label="label_s2c_x7" xml:lang="en" xlink:role="http://www.xbrl.org/2003/role/label">Estimated Maximum Loss [EML]</link:label>
    <link:labelArc xlink:type="arc" xlink:arcrole="http://www.xbrl.org/2003/arcrole/concept-label" xlink:from="loc_s2c_x7" xlink:to="label_s2c_x7" />
    <link:loc xlink:type="locator" xlink:href="mem.xsd#s2c_x8" xlink:label="loc_s2c_x8" />
    <link:label xlink:type="resource" xlink:label="label_s2c_x8" xml:lang="en" xlink:role="http://www.xbrl.org/2003/role/label">Excess of loss [per event and per risk]</link:label>
    <link:labelArc xlink:type="arc" xlink:arcrole="http://www.xbrl.org/2003/arcrole/concept-label" xlink:from="loc_s2c_x8" xlink:to="label_s2c_x8" />
    <link:loc xlink:type="locator" xlink:href="mem.xsd#s2c_x9" xlink:label="loc_s2c_x9" />
    <link:label xlink:type="resource" xlink:label="label_s2c_x9" xml:lang="en" xlink:role="http://www.xbrl.org/2003/role/label">Excess of loss [per event]</link:label>
    <link:labelArc xlink:type="arc" xlink:arcrole="http://www.xbrl.org/2003/arcrole/concept-label" xlink:from="loc_s2c_x9" xlink:to="label_s2c_x9" />
    <link:loc xlink:type="locator" xlink:href="mem.xsd#s2c_x10" xlink:label="loc_s2c_x10" />
    <link:label xlink:type="resource" xlink:label="label_s2c_x10" xml:lang="en" xlink:role="http://www.xbrl.org/2003/role/label">Excess of loss [per risk]</link:label>
    <link:labelArc xlink:type="arc" xlink:arcrole="http://www.xbrl.org/2003/arcrole/concept-label" xlink:from="loc_s2c_x10" xlink:to="label_s2c_x10" />
    <link:loc xlink:type="locator" xlink:href="mem.xsd#s2c_x11" xlink:label="loc_s2c_x11" />
    <link:label xlink:type="resource" xlink:label="label_s2c_x11" xml:lang="en" xlink:role="http://www.xbrl.org/2003/role/label">Excess of loss “back-up”</link:label>
    <link:labelArc xlink:type="arc" xlink:arcrole="http://www.xbrl.org/2003/arcrole/concept-label" xlink:from="loc_s2c_x11" xlink:to="label_s2c_x11" />
    <link:loc xlink:type="locator" xlink:href="mem.xsd#s2c_x12" xlink:label="loc_s2c_x12" />
    <link:label xlink:type="resource" xlink:label="label_s2c_x12" xml:lang="en" xlink:role="http://www.xbrl.org/2003/role/label">Facultative</link:label>
    <link:labelArc xlink:type="arc" xlink:arcrole="http://www.xbrl.org/2003/arcrole/concept-label" xlink:from="loc_s2c_x12" xlink:to="label_s2c_x12" />
    <link:loc xlink:type="locator" xlink:href="mem.xsd#s2c_x13" xlink:label="loc_s2c_x13" />
    <link:label xlink:type="resource" xlink:label="label_s2c_x13" xml:lang="en" xlink:role="http://www.xbrl.org/2003/role/label">Facultative-obligatory [facoblig]</link:label>
    <link:labelArc xlink:type="arc" xlink:arcrole="http://www.xbrl.org/2003/arcrole/concept-label" xlink:from="loc_s2c_x13" xlink:to="label_s2c_x13" />
    <link:loc xlink:type="locator" xlink:href="mem.xsd#s2c_x14" xlink:label="loc_s2c_x14" />
    <link:label xlink:type="resource" xlink:label="label_s2c_x14" xml:lang="en" xlink:role="http://www.xbrl.org/2003/role/label">Financial services</link:label>
    <link:labelArc xlink:type="arc" xlink:arcrole="http://www.xbrl.org/2003/arcrole/concept-label" xlink:from="loc_s2c_x14" xlink:to="label_s2c_x14" />
    <link:loc xlink:type="locator" xlink:href="mem.xsd#s2c_x15" xlink:label="loc_s2c_x15" />
    <link:label xlink:type="resource" xlink:label="label_s2c_x15" xml:lang="en" xlink:role="http://www.xbrl.org/2003/role/label">Intermediary for placement</link:label>
    <link:labelArc xlink:type="arc" xlink:arcrole="http://www.xbrl.org/2003/arcrole/concept-label" xlink:from="loc_s2c_x15" xlink:to="label_s2c_x15" />
    <link:loc xlink:type="locator" xlink:href="mem.xsd#s2c_x16" xlink:label="loc_s2c_x16" />
    <link:label xlink:type="resource" xlink:label="label_s2c_x16" xml:lang="en" xlink:role="http://www.xbrl.org/2003/role/label">Lender [securities lending]</link:label>
    <link:labelArc xlink:type="arc" xlink:arcrole="http://www.xbrl.org/2003/arcrole/concept-label" xlink:from="loc_s2c_x16" xlink:to="label_s2c_x16" />
    <link:loc xlink:type="locator" xlink:href="mem.xsd#s2c_x17" xlink:label="loc_s2c_x17" />
    <link:label xlink:type="resource" xlink:label="label_s2c_x17" xml:lang="en" xlink:role="http://www.xbrl.org/2003/role/label">Maximum Possible Loss [MPL]</link:label>
    <link:labelArc xlink:type="arc" xlink:arcrole="http://www.xbrl.org/2003/arcrole/concept-label" xlink:from="loc_s2c_x17" xlink:to="label_s2c_x17" />
    <link:loc xlink:type="locator" xlink:href="mem.xsd#s2c_x18" xlink:label="loc_s2c_x18" />
    <link:label xlink:type="resource" xlink:label="label_s2c_x18" xml:lang="en" xlink:role="http://www.xbrl.org/2003/role/label">None [N]</link:label>
    <link:labelArc xlink:type="arc" xlink:arcrole="http://www.xbrl.org/2003/arcrole/concept-label" xlink:from="loc_s2c_x18" xlink:to="label_s2c_x18" />
    <link:loc xlink:type="locator" xlink:href="mem.xsd#s2c_x19" xlink:label="loc_s2c_x19" />
    <link:label xlink:type="resource" xlink:label="label_s2c_x19" xml:lang="en" xlink:role="http://www.xbrl.org/2003/role/label">Non-traditional</link:label>
    <link:labelArc xlink:type="arc" xlink:arcrole="http://www.xbrl.org/2003/arcrole/concept-label" xlink:from="loc_s2c_x19" xlink:to="label_s2c_x19" />
    <link:loc xlink:type="locator" xlink:href="mem.xsd#s2c_x20" xlink:label="loc_s2c_x20" />
    <link:label xlink:type="resource" xlink:label="label_s2c_x20" xml:lang="en" xlink:role="http://www.xbrl.org/2003/role/label">Non-traditional [financial]</link:label>
    <link:labelArc xlink:type="arc" xlink:arcrole="http://www.xbrl.org/2003/arcrole/concept-label" xlink:from="loc_s2c_x20" xlink:to="label_s2c_x20" />
    <link:loc xlink:type="locator" xlink:href="mem.xsd#s2c_x21" xlink:label="loc_s2c_x21" />
    <link:label xlink:type="resource" xlink:label="label_s2c_x21" xml:lang="en" xlink:role="http://www.xbrl.org/2003/role/label">Non-traditional [other than financial]</link:label>
    <link:labelArc xlink:type="arc" xlink:arcrole="http://www.xbrl.org/2003/arcrole/concept-label" xlink:from="loc_s2c_x21" xlink:to="label_s2c_x21" />
    <link:loc xlink:type="locator" xlink:href="mem.xsd#s2c_x22" xlink:label="loc_s2c_x22" />
    <link:label xlink:type="resource" xlink:label="label_s2c_x22" xml:lang="en" xlink:role="http://www.xbrl.org/2003/role/label">Non-traditional or Finite RE</link:label>
    <link:labelArc xlink:type="arc" xlink:arcrole="http://www.xbrl.org/2003/arcrole/concept-label" xlink:from="loc_s2c_x22" xlink:to="label_s2c_x22" />
    <link:loc xlink:type="locator" xlink:href="mem.xsd#s2c_x23" xlink:label="loc_s2c_x23" />
    <link:label xlink:type="resource" xlink:label="label_s2c_x23" xml:lang="en" xlink:role="http://www.xbrl.org/2003/role/label">Not ceded</link:label>
    <link:labelArc xlink:type="arc" xlink:arcrole="http://www.xbrl.org/2003/arcrole/concept-label" xlink:from="loc_s2c_x23" xlink:to="label_s2c_x23" />
    <link:loc xlink:type="locator" xlink:href="mem.xsd#s2c_x24" xlink:label="loc_s2c_x24" />
    <link:label xlink:type="resource" xlink:label="label_s2c_x24" xml:lang="en" xlink:role="http://www.xbrl.org/2003/role/label">Open cover</link:label>
    <link:labelArc xlink:type="arc" xlink:arcrole="http://www.xbrl.org/2003/arcrole/concept-label" xlink:from="loc_s2c_x24" xlink:to="label_s2c_x24" />
    <link:loc xlink:type="locator" xlink:href="mem.xsd#s2c_x25" xlink:label="loc_s2c_x25" />
    <link:label xlink:type="resource" xlink:label="label_s2c_x25" xml:lang="en" xlink:role="http://www.xbrl.org/2003/role/label">SPV authorised under article 211(1) of the Directive 2009/138/EC</link:label>
    <link:labelArc xlink:type="arc" xlink:arcrole="http://www.xbrl.org/2003/arcrole/concept-label" xlink:from="loc_s2c_x25" xlink:to="label_s2c_x25" />
    <link:loc xlink:type="locator" xlink:href="mem.xsd#s2c_x26" xlink:label="loc_s2c_x26" />
    <link:label xlink:type="resource" xlink:label="label_s2c_x26" xml:lang="en" xlink:role="http://www.xbrl.org/2003/role/label">SPV authorised under article 211(3) of the Directive 2009/138/EC (grandfathered)</link:label>
    <link:labelArc xlink:type="arc" xlink:arcrole="http://www.xbrl.org/2003/arcrole/concept-label" xlink:from="loc_s2c_x26" xlink:to="label_s2c_x26" />
    <link:loc xlink:type="locator" xlink:href="mem.xsd#s2c_x27" xlink:label="loc_s2c_x27" />
    <link:label xlink:type="resource" xlink:label="label_s2c_x27" xml:lang="en" xlink:role="http://www.xbrl.org/2003/role/label">SPV regulated by a third country supervisory authority where requirements equivalent to those set out in Article 211(2) of Directive 2009/138/EC are met by the special purpose vehicle</link:label>
    <link:labelArc xlink:type="arc" xlink:arcrole="http://www.xbrl.org/2003/arcrole/concept-label" xlink:from="loc_s2c_x27" xlink:to="label_s2c_x27" />
    <link:loc xlink:type="locator" xlink:href="mem.xsd#s2c_x28" xlink:label="loc_s2c_x28" />
    <link:label xlink:type="resource" xlink:label="label_s2c_x28" xml:lang="en" xlink:role="http://www.xbrl.org/2003/role/label">SPV not covered above</link:label>
    <link:labelArc xlink:type="arc" xlink:arcrole="http://www.xbrl.org/2003/arcrole/concept-label" xlink:from="loc_s2c_x28" xlink:to="label_s2c_x28" />
    <link:loc xlink:type="locator" xlink:href="mem.xsd#s2c_x29" xlink:label="loc_s2c_x29" />
    <link:label xlink:type="resource" xlink:label="label_s2c_x29" xml:lang="en" xlink:role="http://www.xbrl.org/2003/role/label">Other non proportional treaties</link:label>
    <link:labelArc xlink:type="arc" xlink:arcrole="http://www.xbrl.org/2003/arcrole/concept-label" xlink:from="loc_s2c_x29" xlink:to="label_s2c_x29" />
    <link:loc xlink:type="locator" xlink:href="mem.xsd#s2c_x30" xlink:label="loc_s2c_x30" />
    <link:label xlink:type="resource" xlink:label="label_s2c_x30" xml:lang="en" xlink:role="http://www.xbrl.org/2003/role/label">Other proportional treaties</link:label>
    <link:labelArc xlink:type="arc" xlink:arcrole="http://www.xbrl.org/2003/arcrole/concept-label" xlink:from="loc_s2c_x30" xlink:to="label_s2c_x30" />
    <link:loc xlink:type="locator" xlink:href="mem.xsd#s2c_x31" xlink:label="loc_s2c_x31" />
    <link:label xlink:type="resource" xlink:label="label_s2c_x31" xml:lang="en" xlink:role="http://www.xbrl.org/2003/role/label">Other than non-traditional or Finite RE</link:label>
    <link:labelArc xlink:type="arc" xlink:arcrole="http://www.xbrl.org/2003/arcrole/concept-label" xlink:from="loc_s2c_x31" xlink:to="label_s2c_x31" />
    <link:loc xlink:type="locator" xlink:href="mem.xsd#s2c_x32" xlink:label="loc_s2c_x32" />
    <link:label xlink:type="resource" xlink:label="label_s2c_x32" xml:lang="en" xlink:role="http://www.xbrl.org/2003/role/label">Other than sum insured, maximum possible loss, probable maximum loss and estimated maximum loss</link:label>
    <link:labelArc xlink:type="arc" xlink:arcrole="http://www.xbrl.org/2003/arcrole/concept-label" xlink:from="loc_s2c_x32" xlink:to="label_s2c_x32" />
    <link:loc xlink:type="locator" xlink:href="mem.xsd#s2c_x33" xlink:label="loc_s2c_x33" />
    <link:label xlink:type="resource" xlink:label="label_s2c_x33" xml:lang="en" xlink:role="http://www.xbrl.org/2003/role/label">Probable Maximum Loss [PML]</link:label>
    <link:labelArc xlink:type="arc" xlink:arcrole="http://www.xbrl.org/2003/arcrole/concept-label" xlink:from="loc_s2c_x33" xlink:to="label_s2c_x33" />
    <link:loc xlink:type="locator" xlink:href="mem.xsd#s2c_x34" xlink:label="loc_s2c_x34" />
    <link:label xlink:type="resource" xlink:label="label_s2c_x34" xml:lang="en" xlink:role="http://www.xbrl.org/2003/role/label">Quota share</link:label>
    <link:labelArc xlink:type="arc" xlink:arcrole="http://www.xbrl.org/2003/arcrole/concept-label" xlink:from="loc_s2c_x34" xlink:to="label_s2c_x34" />
    <link:loc xlink:type="locator" xlink:href="mem.xsd#s2c_x35" xlink:label="loc_s2c_x35" />
    <link:label xlink:type="resource" xlink:label="label_s2c_x35" xml:lang="en" xlink:role="http://www.xbrl.org/2003/role/label">Reinstatement cover</link:label>
    <link:labelArc xlink:type="arc" xlink:arcrole="http://www.xbrl.org/2003/arcrole/concept-label" xlink:from="loc_s2c_x35" xlink:to="label_s2c_x35" />
    <link:loc xlink:type="locator" xlink:href="mem.xsd#s2c_x36" xlink:label="loc_s2c_x36" />
    <link:label xlink:type="resource" xlink:label="label_s2c_x36" xml:lang="en" xlink:role="http://www.xbrl.org/2003/role/label">Reinsurance other than facultative</link:label>
    <link:labelArc xlink:type="arc" xlink:arcrole="http://www.xbrl.org/2003/arcrole/concept-label" xlink:from="loc_s2c_x36" xlink:to="label_s2c_x36" />
    <link:loc xlink:type="locator" xlink:href="mem.xsd#s2c_x37" xlink:label="loc_s2c_x37" />
    <link:label xlink:type="resource" xlink:label="label_s2c_x37" xml:lang="en" xlink:role="http://www.xbrl.org/2003/role/label">Seller [repo]</link:label>
    <link:labelArc xlink:type="arc" xlink:arcrole="http://www.xbrl.org/2003/arcrole/concept-label" xlink:from="loc_s2c_x37" xlink:to="label_s2c_x37" />
    <link:loc xlink:type="locator" xlink:href="mem.xsd#s2c_x38" xlink:label="loc_s2c_x38" />
    <link:label xlink:type="resource" xlink:label="label_s2c_x38" xml:lang="en" xlink:role="http://www.xbrl.org/2003/role/label">Static [S]</link:label>
    <link:labelArc xlink:type="arc" xlink:arcrole="http://www.xbrl.org/2003/arcrole/concept-label" xlink:from="loc_s2c_x38" xlink:to="label_s2c_x38" />
    <link:loc xlink:type="locator" xlink:href="mem.xsd#s2c_x39" xlink:label="loc_s2c_x39" />
    <link:label xlink:type="resource" xlink:label="label_s2c_x39" xml:lang="en" xlink:role="http://www.xbrl.org/2003/role/label">Stop loss [SL]</link:label>
    <link:labelArc xlink:type="arc" xlink:arcrole="http://www.xbrl.org/2003/arcrole/concept-label" xlink:from="loc_s2c_x39" xlink:to="label_s2c_x39" />
    <link:loc xlink:type="locator" xlink:href="mem.xsd#s2c_x40" xlink:label="loc_s2c_x40" />
    <link:label xlink:type="resource" xlink:label="label_s2c_x40" xml:lang="en" xlink:role="http://www.xbrl.org/2003/role/label">Sum Insured [SI]</link:label>
    <link:labelArc xlink:type="arc" xlink:arcrole="http://www.xbrl.org/2003/arcrole/concept-label" xlink:from="loc_s2c_x40" xlink:to="label_s2c_x40" />
    <link:loc xlink:type="locator" xlink:href="mem.xsd#s2c_x41" xlink:label="loc_s2c_x41" />
    <link:label xlink:type="resource" xlink:label="label_s2c_x41" xml:lang="en" xlink:role="http://www.xbrl.org/2003/role/label">Surplus</link:label>
    <link:labelArc xlink:type="arc" xlink:arcrole="http://www.xbrl.org/2003/arcrole/concept-label" xlink:from="loc_s2c_x41" xlink:to="label_s2c_x41" />
    <link:loc xlink:type="locator" xlink:href="mem.xsd#s2c_x42" xlink:label="loc_s2c_x42" />
    <link:label xlink:type="resource" xlink:label="label_s2c_x42" xml:lang="en" xlink:role="http://www.xbrl.org/2003/role/label">Traditional</link:label>
    <link:labelArc xlink:type="arc" xlink:arcrole="http://www.xbrl.org/2003/arcrole/concept-label" xlink:from="loc_s2c_x42" xlink:to="label_s2c_x42" />
    <link:loc xlink:type="locator" xlink:href="mem.xsd#s2c_x43" xlink:label="loc_s2c_x43" />
    <link:label xlink:type="resource" xlink:label="label_s2c_x43" xml:lang="en" xlink:role="http://www.xbrl.org/2003/role/label">Underwriting on behalf</link:label>
    <link:labelArc xlink:type="arc" xlink:arcrole="http://www.xbrl.org/2003/arcrole/concept-label" xlink:from="loc_s2c_x43" xlink:to="label_s2c_x43" />
    <link:loc xlink:type="locator" xlink:href="mem.xsd#s2c_x44" xlink:label="loc_s2c_x44" />
    <link:label xlink:type="resource" xlink:label="label_s2c_x44" xml:lang="en" xlink:role="http://www.xbrl.org/2003/role/label">Unlimited excess of loss</link:label>
    <link:labelArc xlink:type="arc" xlink:arcrole="http://www.xbrl.org/2003/arcrole/concept-label" xlink:from="loc_s2c_x44" xlink:to="label_s2c_x44" />
    <link:loc xlink:type="locator" xlink:href="mem.xsd#s2c_x45" xlink:label="loc_s2c_x45" />
    <link:label xlink:type="resource" xlink:label="label_s2c_x45" xml:lang="en" xlink:role="http://www.xbrl.org/2003/role/label">Variable quota share</link:label>
    <link:labelArc xlink:type="arc" xlink:arcrole="http://www.xbrl.org/2003/arcrole/concept-label" xlink:from="loc_s2c_x45" xlink:to="label_s2c_x45" />
    <link:loc xlink:type="locator" xlink:href="mem.xsd#s2c_x46" xlink:label="loc_s2c_x46" />
    <link:label xlink:type="resource" xlink:label="label_s2c_x46" xml:lang="en" xlink:role="http://www.xbrl.org/2003/role/label">Proportional</link:label>
    <link:labelArc xlink:type="arc" xlink:arcrole="http://www.xbrl.org/2003/arcrole/concept-label" xlink:from="loc_s2c_x46" xlink:to="label_s2c_x46" />
    <link:loc xlink:type="locator" xlink:href="mem.xsd#s2c_x47" xlink:label="loc_s2c_x47" />
    <link:label xlink:type="resource" xlink:label="label_s2c_x47" xml:lang="en" xlink:role="http://www.xbrl.org/2003/role/label">Non-proportional</link:label>
    <link:labelArc xlink:type="arc" xlink:arcrole="http://www.xbrl.org/2003/arcrole/concept-label" xlink:from="loc_s2c_x47" xlink:to="label_s2c_x47" />
    <link:loc xlink:type="locator" xlink:href="mem.xsd#s2c_x48" xlink:label="loc_s2c_x48" />
    <link:label xlink:type="resource" xlink:label="label_s2c_x48" xml:lang="en" xlink:role="http://www.xbrl.org/2003/role/label">Intermediary for placement and Underwriting on behalf</link:label>
    <link:labelArc xlink:type="arc" xlink:arcrole="http://www.xbrl.org/2003/arcrole/concept-label" xlink:from="loc_s2c_x48" xlink:to="label_s2c_x48" />
    <link:loc xlink:type="locator" xlink:href="mem.xsd#s2c_x49" xlink:label="loc_s2c_x49" />
    <link:label xlink:type="resource" xlink:label="label_s2c_x49" xml:lang="en" xlink:role="http://www.xbrl.org/2003/role/label">Intermediary for placement and Financial services</link:label>
    <link:labelArc xlink:type="arc" xlink:arcrole="http://www.xbrl.org/2003/arcrole/concept-label" xlink:from="loc_s2c_x49" xlink:to="label_s2c_x49" />
    <link:loc xlink:type="locator" xlink:href="mem.xsd#s2c_x50" xlink:label="loc_s2c_x50" />
    <link:label xlink:type="resource" xlink:label="label_s2c_x50" xml:lang="en" xlink:role="http://www.xbrl.org/2003/role/label">Underwriting on behalf and Financial services</link:label>
    <link:labelArc xlink:type="arc" xlink:arcrole="http://www.xbrl.org/2003/arcrole/concept-label" xlink:from="loc_s2c_x50" xlink:to="label_s2c_x50" />
    <link:loc xlink:type="locator" xlink:href="mem.xsd#s2c_x51" xlink:label="loc_s2c_x51" />
    <link:label xlink:type="resource" xlink:label="label_s2c_x51" xml:lang="en" xlink:role="http://www.xbrl.org/2003/role/label">Intermediary for placement and Underwriting on behalf and Financial services</link:label>
    <link:labelArc xlink:type="arc" xlink:arcrole="http://www.xbrl.org/2003/arcrole/concept-label" xlink:from="loc_s2c_x51" xlink:to="label_s2c_x51" />
    <link:loc xlink:type="locator" xlink:href="mem.xsd#s2c_x52" xlink:label="loc_s2c_x52" />
    <link:label xlink:type="resource" xlink:label="label_s2c_x52" xml:lang="en" xlink:role="http://www.xbrl.org/2003/role/label">Excess of loss with basic risk</link:label>
    <link:labelArc xlink:type="arc" xlink:arcrole="http://www.xbrl.org/2003/arcrole/concept-label" xlink:from="loc_s2c_x52" xlink:to="label_s2c_x52" />
    <link:loc xlink:type="locator" xlink:href="mem.xsd#s2c_x53" xlink:label="loc_s2c_x53" />
    <link:label xlink:type="resource" xlink:label="label_s2c_x53" xml:lang="en" xlink:role="http://www.xbrl.org/2003/role/label">Maximum Loss [ML]</link:label>
    <link:labelArc xlink:type="arc" xlink:arcrole="http://www.xbrl.org/2003/arcrole/concept-label" xlink:from="loc_s2c_x53" xlink:to="label_s2c_x53" />
    <link:loc xlink:type="locator" xlink:href="mem.xsd#s2c_x54" xlink:label="loc_s2c_x54" />
    <link:label xlink:type="resource" xlink:label="label_s2c_x54" xml:lang="en" xlink:role="http://www.xbrl.org/2003/role/label">Investments of SPV controlled by cedant and/or sponsor (where it differs from cedant)</link:label>
    <link:labelArc xlink:type="arc" xlink:arcrole="http://www.xbrl.org/2003/arcrole/concept-label" xlink:from="loc_s2c_x54" xlink:to="label_s2c_x54" />
    <link:loc xlink:type="locator" xlink:href="mem.xsd#s2c_x55" xlink:label="loc_s2c_x55" />
    <link:label xlink:type="resource" xlink:label="label_s2c_x55" xml:lang="en" xlink:role="http://www.xbrl.org/2003/role/label">Investments of SPV held by cedant (equity, notes or other subordinated debt of the SPV)</link:label>
    <link:labelArc xlink:type="arc" xlink:arcrole="http://www.xbrl.org/2003/arcrole/concept-label" xlink:from="loc_s2c_x55" xlink:to="label_s2c_x55" />
    <link:loc xlink:type="locator" xlink:href="mem.xsd#s2c_x56" xlink:label="loc_s2c_x56" />
    <link:label xlink:type="resource" xlink:label="label_s2c_x56" xml:lang="en" xlink:role="http://www.xbrl.org/2003/role/label">Cedant sells reinsurance or other risk mitigation protection to the SPV</link:label>
    <link:labelArc xlink:type="arc" xlink:arcrole="http://www.xbrl.org/2003/arcrole/concept-label" xlink:from="loc_s2c_x56" xlink:to="label_s2c_x56" />
    <link:loc xlink:type="locator" xlink:href="mem.xsd#s2c_x57" xlink:label="loc_s2c_x57" />
    <link:label xlink:type="resource" xlink:label="label_s2c_x57" xml:lang="en" xlink:role="http://www.xbrl.org/2003/role/label">Cedant has provided guarantee or other credit enhancement to SPV or note holders</link:label>
    <link:labelArc xlink:type="arc" xlink:arcrole="http://www.xbrl.org/2003/arcrole/concept-label" xlink:from="loc_s2c_x57" xlink:to="label_s2c_x57" />
    <link:loc xlink:type="locator" xlink:href="mem.xsd#s2c_x58" xlink:label="loc_s2c_x58" />
    <link:label xlink:type="resource" xlink:label="label_s2c_x58" xml:lang="en" xlink:role="http://www.xbrl.org/2003/role/label">Sufficient basis risk retained by cedant</link:label>
    <link:labelArc xlink:type="arc" xlink:arcrole="http://www.xbrl.org/2003/arcrole/concept-label" xlink:from="loc_s2c_x58" xlink:to="label_s2c_x58" />
    <link:loc xlink:type="locator" xlink:href="mem.xsd#s2c_x59" xlink:label="loc_s2c_x59" />
    <link:label xlink:type="resource" xlink:label="label_s2c_x59" xml:lang="en" xlink:role="http://www.xbrl.org/2003/role/label">Other</link:label>
    <link:labelArc xlink:type="arc" xlink:arcrole="http://www.xbrl.org/2003/arcrole/concept-label" xlink:from="loc_s2c_x59" xlink:to="label_s2c_x59" />
    <link:loc xlink:type="locator" xlink:href="mem.xsd#s2c_x60" xlink:label="loc_s2c_x60" />
    <link:label xlink:type="resource" xlink:label="label_s2c_x60" xml:lang="en" xlink:role="http://www.xbrl.org/2003/role/label">Held in trust with other third party than cedant / sponsor</link:label>
    <link:labelArc xlink:type="arc" xlink:arcrole="http://www.xbrl.org/2003/arcrole/concept-label" xlink:from="loc_s2c_x60" xlink:to="label_s2c_x60" />
    <link:loc xlink:type="locator" xlink:href="mem.xsd#s2c_x61" xlink:label="loc_s2c_x61" />
    <link:label xlink:type="resource" xlink:label="label_s2c_x61" xml:lang="en" xlink:role="http://www.xbrl.org/2003/role/label">Not held in trust with other third party than cedant / sponsor</link:label>
    <link:labelArc xlink:type="arc" xlink:arcrole="http://www.xbrl.org/2003/arcrole/concept-label" xlink:from="loc_s2c_x61" xlink:to="label_s2c_x61" />
    <link:loc xlink:type="locator" xlink:href="mem.xsd#s2c_x62" xlink:label="loc_s2c_x62" />
    <link:label xlink:type="resource" xlink:label="label_s2c_x62" xml:lang="en" xlink:role="http://www.xbrl.org/2003/role/label">Life activity</link:label>
    <link:labelArc xlink:type="arc" xlink:arcrole="http://www.xbrl.org/2003/arcrole/concept-label" xlink:from="loc_s2c_x62" xlink:to="label_s2c_x62" />
    <link:loc xlink:type="locator" xlink:href="mem.xsd#s2c_x63" xlink:label="loc_s2c_x63" />
    <link:label xlink:type="resource" xlink:label="label_s2c_x63" xml:lang="en" xlink:role="http://www.xbrl.org/2003/role/label">Non-life activity</link:label>
    <link:labelArc xlink:type="arc" xlink:arcrole="http://www.xbrl.org/2003/arcrole/concept-label" xlink:from="loc_s2c_x63" xlink:to="label_s2c_x63" />
    <link:loc xlink:type="locator" xlink:href="mem.xsd#s2c_x64" xlink:label="loc_s2c_x64" />
    <link:label xlink:type="resource" xlink:label="label_s2c_x64" xml:lang="en" xlink:role="http://www.xbrl.org/2003/role/label">Facultative proportional</link:label>
    <link:labelArc xlink:type="arc" xlink:arcrole="http://www.xbrl.org/2003/arcrole/concept-label" xlink:from="loc_s2c_x64" xlink:to="label_s2c_x64" />
    <link:loc xlink:type="locator" xlink:href="mem.xsd#s2c_x65" xlink:label="loc_s2c_x65" />
    <link:label xlink:type="resource" xlink:label="label_s2c_x65" xml:lang="en" xlink:role="http://www.xbrl.org/2003/role/label">Facultative non-proportional</link:label>
    <link:labelArc xlink:type="arc" xlink:arcrole="http://www.xbrl.org/2003/arcrole/concept-label" xlink:from="loc_s2c_x65" xlink:to="label_s2c_x65" />
    <link:loc xlink:type="locator" xlink:href="mem.xsd#s2c_x66" xlink:label="loc_s2c_x66" />
    <link:label xlink:type="resource" xlink:label="label_s2c_x66" xml:lang="en" xlink:role="http://www.xbrl.org/2003/role/label">Financial reinsurance</link:label>
    <link:labelArc xlink:type="arc" xlink:arcrole="http://www.xbrl.org/2003/arcrole/concept-label" xlink:from="loc_s2c_x66" xlink:to="label_s2c_x66" />
  </link:labelLink>
</link:linkbase>