<?xml version="1.0" encoding="UTF-8"?>
<!--(C) EIOPA - XBRL Taxonomy-->
<?officialURI http://eiopa.europa.eu/eu/xbrl/s2c/dict/dom/ti/hier-lab-en.xml?>
<?taxonomy-version 2.4.0?>
<?taxonomy-date 2019-07-15?>
<link:linkbase xmlns:xsi="http://www.w3.org/2001/XMLSchema-instance" xmlns:xlink="http://www.w3.org/1999/xlink" xmlns:link="http://www.xbrl.org/2003/linkbase" xmlns:gen="http://xbrl.org/2008/generic" xmlns:label="http://xbrl.org/2008/label" xsi:schemaLocation="http://www.xbrl.org/2003/linkbase http://www.xbrl.org/2003/xbrl-linkbase-2003-12-31.xsd http://xbrl.org/2008/generic http://www.xbrl.org/2008/generic-link.xsd http://xbrl.org/2008/label http://www.xbrl.org/2008/generic-label.xsd">
  <link:arcroleRef arcroleURI="http://xbrl.org/arcrole/2008/element-label" xlink:type="simple" xlink:href="http://www.xbrl.org/2008/generic-label.xsd#element-label" />
  <link:roleRef roleURI="http://www.xbrl.org/2008/role/label" xlink:type="simple" xlink:href="http://www.xbrl.org/2008/generic-label.xsd#standard-label" />
  <link:roleRef roleURI="http://www.xbrl.org/2008/role/verboseLabel" xlink:type="simple" xlink:href="http://www.xbrl.org/2008/generic-label.xsd#verbose-label" />
  <gen:link xlink:type="extended" xlink:role="http://www.xbrl.org/2003/role/link">
    <link:loc xlink:type="locator" xlink:href="hier.xsd#s2c_1" xlink:label="loc_s2c_TI_1." />
    <label:label xlink:type="resource" xlink:label="label_s2c_TI_1." xml:lang="en" xlink:role="http://www.xbrl.org/2008/role/label">Projected years</label:label>
    <gen:arc xlink:type="arc" xlink:arcrole="http://xbrl.org/arcrole/2008/element-label" xlink:from="loc_s2c_TI_1." xlink:to="label_s2c_TI_1." />
    <label:label xlink:type="resource" xlink:label="label_s2c_TI_1._1" xml:lang="en" xlink:role="http://www.xbrl.org/2008/role/verboseLabel">PY</label:label>
    <gen:arc xlink:type="arc" xlink:arcrole="http://xbrl.org/arcrole/2008/element-label" xlink:from="loc_s2c_TI_1." xlink:to="label_s2c_TI_1._1" />
    <link:loc xlink:type="locator" xlink:href="hier.xsd#s2c_2" xlink:label="loc_s2c_TI_2." />
    <label:label xlink:type="resource" xlink:label="label_s2c_TI_2." xml:lang="en" xlink:role="http://www.xbrl.org/2008/role/label">Development years</label:label>
    <gen:arc xlink:type="arc" xlink:arcrole="http://xbrl.org/arcrole/2008/element-label" xlink:from="loc_s2c_TI_2." xlink:to="label_s2c_TI_2." />
    <label:label xlink:type="resource" xlink:label="label_s2c_TI_2._1" xml:lang="en" xlink:role="http://www.xbrl.org/2008/role/verboseLabel">DY</label:label>
    <gen:arc xlink:type="arc" xlink:arcrole="http://xbrl.org/arcrole/2008/element-label" xlink:from="loc_s2c_TI_2." xlink:to="label_s2c_TI_2._1" />
    <link:loc xlink:type="locator" xlink:href="hier.xsd#s2c_3" xlink:label="loc_s2c_TI_3." />
    <label:label xlink:type="resource" xlink:label="label_s2c_TI_3." xml:lang="en" xlink:role="http://www.xbrl.org/2008/role/label">Previous months/years</label:label>
    <gen:arc xlink:type="arc" xlink:arcrole="http://xbrl.org/arcrole/2008/element-label" xlink:from="loc_s2c_TI_3." xlink:to="label_s2c_TI_3." />
    <label:label xlink:type="resource" xlink:label="label_s2c_TI_3._1" xml:lang="en" xlink:role="http://www.xbrl.org/2008/role/verboseLabel">RM</label:label>
    <gen:arc xlink:type="arc" xlink:arcrole="http://xbrl.org/arcrole/2008/element-label" xlink:from="loc_s2c_TI_3." xlink:to="label_s2c_TI_3._1" />
    <link:loc xlink:type="locator" xlink:href="hier.xsd#s2c_4" xlink:label="loc_s2c_TI_4." />
    <label:label xlink:type="resource" xlink:label="label_s2c_TI_4." xml:lang="en" xlink:role="http://www.xbrl.org/2008/role/label">Previous months/years</label:label>
    <gen:arc xlink:type="arc" xlink:arcrole="http://xbrl.org/arcrole/2008/element-label" xlink:from="loc_s2c_TI_4." xlink:to="label_s2c_TI_4." />
    <label:label xlink:type="resource" xlink:label="label_s2c_TI_4._1" xml:lang="en" xlink:role="http://www.xbrl.org/2008/role/verboseLabel">RM</label:label>
    <gen:arc xlink:type="arc" xlink:arcrole="http://xbrl.org/arcrole/2008/element-label" xlink:from="loc_s2c_TI_4." xlink:to="label_s2c_TI_4._1" />
    <link:loc xlink:type="locator" xlink:href="hier.xsd#s2c_5" xlink:label="loc_s2c_TI_5." />
    <label:label xlink:type="resource" xlink:label="label_s2c_TI_5." xml:lang="en" xlink:role="http://www.xbrl.org/2008/role/label">Projected years</label:label>
    <gen:arc xlink:type="arc" xlink:arcrole="http://xbrl.org/arcrole/2008/element-label" xlink:from="loc_s2c_TI_5." xlink:to="label_s2c_TI_5." />
    <label:label xlink:type="resource" xlink:label="label_s2c_TI_5._1" xml:lang="en" xlink:role="http://www.xbrl.org/2008/role/verboseLabel">PY</label:label>
    <gen:arc xlink:type="arc" xlink:arcrole="http://xbrl.org/arcrole/2008/element-label" xlink:from="loc_s2c_TI_5." xlink:to="label_s2c_TI_5._1" />
    <link:loc xlink:type="locator" xlink:href="hier.xsd#s2c_600" xlink:label="loc_s2c_TI_600." />
    <label:label xlink:type="resource" xlink:label="label_s2c_TI_600." xml:lang="en" xlink:role="http://www.xbrl.org/2008/role/label">Original maturity [Pension funds for ECB]</label:label>
    <gen:arc xlink:type="arc" xlink:arcrole="http://xbrl.org/arcrole/2008/element-label" xlink:from="loc_s2c_TI_600." xlink:to="label_s2c_TI_600." />
    <label:label xlink:type="resource" xlink:label="label_s2c_TI_600._1" xml:lang="en" xlink:role="http://www.xbrl.org/2008/role/verboseLabel">OM</label:label>
    <gen:arc xlink:type="arc" xlink:arcrole="http://xbrl.org/arcrole/2008/element-label" xlink:from="loc_s2c_TI_600." xlink:to="label_s2c_TI_600._1" />
  </gen:link>
</link:linkbase>